lemma,frequency_band
の,top-1k
に,top-1k
は,top-1k
て,top-1k
を,top-1k
が,top-1k
で,top-1k
た,top-1k
と,top-1k
し,top-1k
も,top-1k
な,top-1k
ない,top-1k
ます,top-1k
こと,top-1k
か,top-1k
です,top-1k
いる,top-1k
する,top-1k
から,top-1k
だ,top-1k
ある,top-1k
い,top-1k
れ,top-1k
さ,top-1k
ん,top-1k
よう,top-1k
まし,top-1k
う,top-1k
人,top-1k
この,top-1k
という,top-1k
その,top-1k
的,top-1k
年,top-1k
いう,top-1k
日,top-1k
私,top-1k
あり,top-1k
もの,top-1k
ば,top-1k
や,top-1k
なっ,top-1k
それ,top-1k
者,top-1k
これ,top-1k
なる,top-1k
月,top-1k
として,top-1k
さん,top-1k
ね,top-1k
まで,top-1k
など,top-1k
ませ,top-1k
中,top-1k
お,top-1k
なく,top-1k
れる,top-1k
へ,top-1k
ため,top-1k
そう,top-1k
たい,top-1k
日本,top-1k
だけ,top-1k
一,top-1k
あっ,top-1k
ので,top-1k
よ,top-1k
き,top-1k
何,top-1k
思い,top-1k
なら,top-1k
だっ,top-1k
自分,top-1k
について,top-1k
方,top-1k
時,top-1k
なり,top-1k
問題,top-1k
でき,top-1k
いい,top-1k
たら,top-1k
また,top-1k
られ,top-1k
より,top-1k
見,top-1k
今,top-1k
でも,top-1k
だろ,top-1k
考え,top-1k
わけ,top-1k
おり,top-1k
でしょ,top-1k
ござい,top-1k
たち,top-1k
ところ,top-1k
できる,top-1k
なかっ,top-1k
思う,top-1k
って,top-1k
前,top-1k
せ,top-1k
第,top-1k
たり,top-1k
ず,top-1k
性,top-1k
思っ,top-1k
そして,top-1k
けど,top-1k
どう,top-1k
時間,top-1k
会,top-1k
円,top-1k
二,top-1k
場合,top-1k
必要,top-1k
でし,top-1k
情報,top-1k
しかし,top-1k
み,top-1k
とき,top-1k
コメント,top-1k
化,top-1k
上,top-1k
事,top-1k
出,top-1k
ご,top-1k
話,top-1k
ながら,top-1k
本,top-1k
す,top-1k
じゃ,top-1k
ここ,top-1k
分,top-1k
十,top-1k
目,top-1k
感じ,top-1k
いく,top-1k
てる,top-1k
言っ,top-1k
今日,top-1k
いっ,top-1k
関係,top-1k
委員,top-1k
後,top-1k
かも,top-1k
家,top-1k
そういう,top-1k
世界,top-1k
気,top-1k
点,top-1k
万,top-1k
もう,top-1k
やっ,top-1k
バック,top-1k
社会,top-1k
言う,top-1k
なけれ,top-1k
トラック,top-1k
によって,top-1k
仕事,top-1k
同じ,top-1k
数,top-1k
記事,top-1k
行っ,top-1k
彼,top-1k
大,top-1k
国,top-1k
べき,top-1k
られる,top-1k
等,top-1k
とか,top-1k
回,top-1k
三,top-1k
君,top-1k
法,top-1k
意味,top-1k
よく,top-1k
力,top-1k
以上,top-1k
しまう,top-1k
会社,top-1k
しまっ,top-1k
くる,top-1k
持っ,top-1k
くれ,top-1k
ほど,top-1k
そんな,top-1k
人間,top-1k
多く,top-1k
来,top-1k
現在,top-1k
なん,top-1k
企業,top-1k
氏,top-1k
ください,top-1k
ちょっと,top-1k
間,top-1k
可能,top-1k
研究,top-1k
投稿,top-1k
他,top-1k
アメリカ,top-1k
しれ,top-1k
けれども,top-1k
リンク,top-1k
今回,top-1k
次,top-1k
ら,top-1k
いたし,top-1k
言葉,top-1k
こういう,top-1k
書い,top-1k
僕,top-1k
しか,top-1k
多い,top-1k
経済,top-1k
あなた,top-1k
手,top-1k
そこ,top-1k
あれ,top-1k
による,top-1k
最近,top-1k
結果,top-1k
度,top-1k
くらい,top-1k
映画,top-1k
先生,top-1k
生活,top-1k
金,top-1k
言わ,top-1k
時代,top-1k
政府,top-1k
非常,top-1k
御,top-1k
店,top-1k
良い,top-1k
まだ,top-1k
において,top-1k
内容,top-1k
一つ,top-1k
心,top-1k
見る,top-1k
説明,top-1k
せる,top-1k
写真,top-1k
ただ,top-1k
サイト,top-1k
教育,top-1k
女性,top-1k
子供,top-1k
方法,top-1k
に対して,top-1k
あるいは,top-1k
名,top-1k
利用,top-1k
さらに,top-1k
ブログ,top-1k
少し,top-1k
紹介,top-1k
技術,top-1k
いろいろ,top-1k
なんて,top-1k
名前,top-1k
参加,top-1k
入っ,top-1k
大きな,top-1k
うち,top-1k
やはり,top-1k
こ,top-1k
受け,top-1k
どの,top-1k
好き,top-1k
にとって,top-1k
活動,top-1k
東京,top-1k
どこ,top-1k
かなり,top-1k
こんな,top-1k
状況,top-1k
五,top-1k
に対する,top-1k
管理,top-1k
特に,top-1k
環境,top-1k
ページ,top-1k
のに,top-1k
地域,top-1k
本当に,top-1k
いただき,top-1k
使っ,top-1k
実際,top-1k
中国,top-1k
市,top-1k
先,top-1k
聞い,top-1k
誰,top-1k
個人,top-1k
意見,top-1k
状態,top-1k
歳,top-1k
大学,top-1k
物,top-1k
存在,top-1k
最後,top-1k
しまい,top-1k
笑,top-1k
システム,top-1k
すべて,top-1k
彼女,top-1k
理解,top-1k
学校,top-1k
部分,top-1k
すれ,top-1k
とても,top-1k
得,top-1k
電話,top-1k
考える,top-1k
用,top-1k
行く,top-1k
部,top-1k
県,top-1k
日記,top-1k
しよ,top-1k
メール,top-1k
制度,top-1k
使用,top-1k
事業,top-1k
ス,top-1k
四,top-1k
いけ,top-1k
固定,top-1k
調査,top-1k
基本,top-1k
もちろん,top-1k
関連,top-1k
一般,top-1k
あと,top-1k
新しい,top-1k
開発,top-1k
あの,top-1k
音楽,top-1k
一番,top-1k
内,top-1k
作品,top-1k
側,top-1k
重要,top-1k
出来,top-1k
高い,top-1k
最初,top-1k
様,top-1k
達,top-1k
国民,top-1k
サービス,top-1k
もっと,top-1k
に関する,top-1k
出し,top-1k
長,top-1k
こちら,top-1k
水,top-1k
おる,top-1k
らしい,top-1k
新,top-1k
事件,top-1k
英語,top-1k
所,top-1k
質問,top-1k
形,top-1k
ほとんど,top-1k
まず,top-1k
男,top-1k
はず,top-1k
ふう,top-1k
約,top-1k
主義,top-1k
下,top-1k
場,top-1k
読ん,top-1k
ちゃん,top-1k
理由,top-1k
知ら,top-1k
書,top-1k
入れ,top-1k
こう,top-1k
始め,top-1k
社,top-1k
ン,top-1k
みる,top-1k
場所,top-1k
機能,top-1k
米,top-1k
お願い,top-1k
労働,top-1k
いつも,top-1k
車,top-1k
食べ,top-1k
相手,top-1k
国際,top-1k
自身,top-1k
っ,top-1k
声,top-1k
計画,top-1k
ほう,top-1k
政治,top-1k
別,top-1k
ばかり,top-1k
系,top-1k
感,top-1k
思わ,top-1k
億,top-1k
頃,top-1k
号,top-1k
における,top-1k
つまり,top-1k
日本人,top-1k
今後,top-1k
言え,top-1k
くれる,top-1k
まま,top-1k
文化,top-1k
いえ,top-1k
体,top-1k
違う,top-1k
大変,top-1k
ましょ,top-1k
彼ら,top-1k
評価,top-1k
百,top-1k
対応,top-1k
あまり,top-1k
権,top-1k
頭,top-1k
子,top-1k
かけ,top-1k
自由,top-1k
知っ,top-1k
昨日,top-1k
行わ,top-1k
みたい,top-1k
すぐ,top-1k
これから,top-1k
歴史,top-1k
全体,top-1k
気持ち,top-1k
報告,top-1k
程度,top-1k
元,top-1k
人々,top-1k
言い,top-1k
予定,top-1k
代表,top-1k
あろ,top-1k
その後,top-1k
経験,top-1k
型,top-1k
員,top-1k
ネット,top-1k
以外,top-1k
なぁ,top-1k
よい,top-1k
今年,top-1k
価格,top-1k
投資,top-1k
経営,top-1k
ニュース,top-1k
見え,top-1k
いき,top-1k
それぞれ,top-1k
自然,top-1k
商品,top-1k
なかなか,top-1k
発表,top-1k
目的,top-1k
影響,top-1k
地方,top-1k
だから,top-1k
テレビ,top-1k
一緒,top-1k
面,top-1k
顔,top-1k
選手,top-1k
無い,top-1k
道,top-1k
けれど,top-1k
みんな,top-1k
子ども,top-1k
実は,top-1k
確か,top-1k
違い,top-1k
千,top-1k
確認,top-1k
ありがとう,top-1k
下さい,top-1k
夜,top-1k
例えば,top-1k
中心,top-1k
つけ,top-1k
市場,top-1k
音,top-1k
提供,top-1k
たく,top-1k
なぜ,top-1k
事実,top-1k
地,top-1k
簡単,top-1k
朝,top-1k
版,top-1k
学,top-1k
当然,top-1k
以下,top-1k
責任,top-1k
作っ,top-1k
六,top-1k
通り,top-1k
ゲーム,top-1k
議論,top-1k
これら,top-1k
続け,top-1k
以前,top-1k
位,top-1k
データ,top-1k
買っ,top-1k
判断,top-1k
例,top-1k
ぬ,top-1k
専門,top-1k
家族,top-1k
やる,top-1k
向け,top-1k
悪い,top-1k
しかも,top-1k
初めて,top-1k
勉強,top-1k
いま,top-1k
期待,top-1k
そこで,top-1k
全く,top-1k
教え,top-1k
韓国,top-1k
外,top-1k
たくさん,top-1k
効果,top-1k
検討,top-1k
つ,top-1k
各,top-1k
普通,top-1k
組織,top-1k
政策,top-1k
わから,top-1k
町,top-1k
行動,top-1k
年間,top-1k
こそ,top-1k
率,top-1k
当時,top-1k
学生,top-1k
海,top-1k
持つ,top-1k
販売,top-1k
どんな,top-1k
つい,top-1k
つつ,top-1k
購入,top-1k
科学,top-1k
及び,top-1k
監督,top-1k
意識,top-1k
高,top-1k
わ,top-1k
九,top-1k
る,top-1k
とも,top-1k
のみ,top-1k
生産,top-1k
表現,top-1k
戦争,top-1k
参考,top-1k
ひとつ,top-1k
その他,top-1k
決定,top-1k
まあ,top-1k
ぐらい,top-1k
曲,top-1k
同,top-1k
ク,top-1k
やっぱり,top-1k
法律,top-1k
あ,top-1k
機関,top-1k
申し上げ,top-1k
大きく,top-1k
すぎ,top-1k
行き,top-1k
行う,top-1k
ビジネス,top-1k
さて,top-1k
対象,top-1k
チーム,top-1k
現実,top-1k
読む,top-1k
対策,top-1k
作業,top-1k
価値,top-1k
テーマ,top-1k
十分,top-1k
一部,top-1k
語,top-1k
姿,top-1k
新聞,top-1k
一方,top-1k
風,top-1k
八,top-1k
際,top-1k
ラ,top-1k
論,top-1k
全て,top-1k
大臣,top-1k
神,top-1k
もし,top-1k
国家,top-1k
件,top-1k
毎日,top-1k
俺,top-1k
試合,top-1k
なし,top-1k
七,top-1k
ま,top-1k
会議,top-1k
使う,top-1k
いつ,top-1k
指摘,top-1k
書く,top-1k
製品,top-1k
変化,top-1k
結局,top-1k
消費,top-1k
保険,top-1k
観,top-1k
具体,top-1k
人生,top-1k
量,top-1k
米国,top-1k
表示,top-1k
いか,top-1k
精神,top-1k
街,top-1k
過去,top-1k
レベル,top-1k
我々,top-1k
わかり,top-1k
近く,top-1k
インターネット,top-1k
能力,top-1k
指導,top-1k
わたし,top-1k
更新,top-1k
強い,top-1k
いただい,top-1k
公開,top-1k
日本語,top-1k
皆さん,top-1k
屋,top-1k
ほか,top-1k
女,top-1k
昔,top-1k
担当,top-1k
費,top-1k
もらっ,top-1k
明日,top-1k
旅行,top-1k
夢,top-1k
それから,top-1k
明らか,top-1k
木,top-1k
機,top-1k
大切,top-1k
局,top-1k
求め,top-1k
行政,top-1k
安全,top-1k
外国,top-1k
お金,top-1k
資料,top-1k
部屋,top-1k
行為,top-1k
平成,top-1k
いや,top-1k
色,top-1k
難しい,top-1k
登録,top-1k
ドイツ,top-1k
設定,top-1k
どういう,top-1k
成功,top-1k
努力,top-1k
戦,top-1k
生まれ,top-1k
与え,top-1k
団体,top-1k
につきまして,top-1k
支援,top-1k
最も,top-1k
自己,top-1k
全,top-1k
年度,top-1k
運動,top-1k
構造,top-1k
特別,top-1k
ド,top-1k
解決,top-1k
え,top-1k
完全,top-1k
欲しい,top-1k
限り,top-1k
品,top-1k
訳,top-1k
生き,top-1k
やすい,top-1k
使わ,top-1k
男性,top-1k
結構,top-1k
出る,top-1k
産業,top-1k
軍,top-1k
主,top-1k
流れ,top-1k
出来る,top-1k
に関して,top-1k
人気,top-1k
お話,top-1k
過ぎ,top-1k
駅,top-1k
最終,top-1k
答え,top-1k
ドル,top-1k
保護,top-1k
再,top-1k
グループ,top-1k
生,top-1k
ポイント,top-1k
ども,top-1k
センター,top-1k
開催,top-1k
方向,top-1k
改革,top-1k
検索,top-1k
および,top-1k
忘れ,top-1k
健康,top-1k
障害,top-1k
ヶ月,top-1k
認め,top-1k
協力,top-1k
時期,top-1k
料理,top-1k
考え方,top-1k
楽しみ,top-1k
医療,top-1k
金融,top-1k
試験,top-1k
により,top-1k
フランス,top-1k
立場,top-1k
契約,top-1k
すでに,top-1k
良く,top-1k
条件,top-1k
放送,top-1k
全国,top-1k
室,top-1k
なあ,top-1k
枚,top-1k
ずっと,top-1k
作成,top-1k
足,top-1k
成長,top-1k
施設,top-1k
リ,top-1k
来る,top-1k
登場,top-1k
知識,top-1k
携帯,top-1k
よる,top-1k
実現,top-1k
友人,top-1k
早く,top-1k
おき,top-1k
海外,top-1k
原因,top-1k
実施,top-1k
昨年,top-1k
病院,top-1k
代,top-1k
認識,top-1k
夏,top-1k
イメージ,top-1k
段階,top-1k
発生,top-1k
反対,top-1k
期間,top-1k
区,top-1k
トップ,top-1k
条,top-1k
午後,top-1k
税,top-1k
主張,top-1k
変更,top-1k
サッカー,top-1k
パソコン,top-1k
書か,top-1k
番組,top-1k
はじめ,top-1k
今度,top-1k
ホームページ,top-1k
さえ,top-1k
入り,top-1k
続き,top-1k
準備,top-1k
述べ,top-1k
処理,top-1k
口,top-1k
式,top-1k
または,top-1k
動き,top-1k
だって,top-1k
絶対,top-1k
書き,top-1k
結婚,top-1k
社長,top-1k
もん,top-1k
体験,top-1k
決め,top-1k
基準,top-1k
発言,top-1k
おら,top-1k
都市,top-1k
ぞ,top-1k
親,top-1k
機会,top-1k
展開,top-1k
授業,top-1k
デザイン,top-1k
火,top-1k
自体,top-1k
興味,top-1k
掲載,top-1k
あたり,top-1k
編集,top-1k
選択,top-1k
いわゆる,top-1k
含め,top-1k
話し,top-1k
週間,top-1k
負担,top-1k
文字,top-1k
やり,top-1k
最大,top-1k
無料,top-1k
相談,top-1k
注意,top-1k
ホテル,top-1k
まったく,top-1k
終わっ,top-1k
株,top-1k
なれ,top-1k
全部,top-1k
しっかり,top-1k
開始,top-1k
やら,top-1k
身,top-1k
面白い,top-1k
イベント,top-1k
分析,top-1k
アクセス,top-1k
入る,top-1k
同時に,top-1k
詳細,top-1k
先ほど,top-1k
派,top-1k
アップ,top-1k
読み,top-1k
将来,top-1k
予算,top-1k
愛,top-1k
目標,top-1k
台,top-1k
通信,top-1k
プログラム,top-1k
長い,top-1k
分野,top-1k
ちなみに,top-1k
花,top-1k
国内,top-1k
帰っ,top-5k
作る,top-5k
土,top-5k
時刻,top-5k
そのまま,top-5k
逆,top-5k
発見,top-5k
とにかく,top-5k
最高,top-5k
為,top-5k
聞き,top-5k
利益,top-5k
どちら,top-5k
小,top-5k
銀行,top-5k
終了,top-5k
事務,top-5k
出版,top-5k
連絡,top-5k
プロ,top-5k
大会,top-5k
練習,top-5k
様々,top-5k
娘,top-5k
州,top-5k
もらい,top-5k
少ない,top-5k
こうした,top-5k
ろ,top-5k
ファン,top-5k
同様,top-5k
小さな,top-5k
つもり,top-5k
大阪,top-5k
共通,top-5k
増え,top-5k
現代,top-5k
被害,top-5k
住宅,top-5k
選挙,top-5k
とともに,top-5k
新た,top-5k
変わっ,top-5k
大事,top-5k
山,top-5k
わかっ,top-5k
批判,top-5k
報道,top-5k
なか,top-5k
心配,top-5k
本日,top-5k
残念,top-5k
なお,top-5k
クリック,top-5k
見える,top-5k
業界,top-5k
相当,top-5k
どれ,top-5k
議員,top-5k
業務,top-5k
章,top-5k
もっ,top-5k
攻撃,top-5k
スポーツ,top-5k
とっ,top-5k
近い,top-5k
メンバー,top-5k
世紀,top-5k
演奏,top-5k
家庭,top-5k
わかる,top-5k
直接,top-5k
ところが,top-5k
ほしい,top-5k
うまく,top-5k
構成,top-5k
もと,top-5k
文章,top-5k
案,top-5k
起き,top-5k
希望,top-5k
強く,top-5k
記憶,top-5k
方々,top-5k
おい,top-5k
とおり,top-5k
呼ば,top-5k
取引,top-5k
作り,top-5k
付け,top-5k
思え,top-5k
感じる,top-5k
市民,top-5k
超,top-5k
上げ,top-5k
資金,top-5k
メディア,top-5k
友達,top-5k
危険,top-5k
運営,top-5k
導入,top-5k
予想,top-5k
ファイル,top-5k
おく,top-5k
いずれ,top-5k
モデル,top-5k
必ず,top-5k
たとえば,top-5k
レ,top-5k
発売,top-5k
はっきり,top-5k
あげ,top-5k
得る,top-5k
話題,top-5k
建築,top-5k
印象,top-5k
出す,top-5k
課題,top-5k
事故,top-5k
ライブ,top-5k
大きい,top-5k
ソフト,top-5k
額,top-5k
聞く,top-5k
バス,top-5k
母,top-5k
チェック,top-5k
ちゃんと,top-5k
われわれ,top-5k
使い,top-5k
学習,top-5k
靴,top-5k
むしろ,top-5k
割,top-5k
まさに,top-5k
権利,top-5k
発展,top-5k
記録,top-5k
光,top-5k
個,top-5k
計算,top-5k
雨,top-5k
種類,top-5k
設計,top-5k
非,top-5k
現場,top-5k
途中,top-5k
気分,top-5k
昭和,top-5k
地球,top-5k
移動,top-5k
絵,top-5k
調べ,top-5k
ごと,top-5k
料,top-5k
発行,top-5k
企画,top-5k
宗教,top-5k
改正,top-5k
間違い,top-5k
数字,top-5k
若い,top-5k
覚え,top-5k
分から,top-5k
倍,top-5k
線,top-5k
そのもの,top-5k
不安,top-5k
自ら,top-5k
知れ,top-5k
広告,top-5k
土地,top-5k
それら,top-5k
有名,top-5k
言語,top-5k
共同,top-5k
年代,top-5k
タイプ,top-5k
プロジェクト,top-5k
要求,top-5k
差,top-5k
教授,top-5k
進め,top-5k
戦略,top-5k
営業,top-5k
制,top-5k
無理,top-5k
役割,top-5k
改善,top-5k
北朝鮮,top-5k
きっと,top-5k
期,top-5k
イギリス,top-5k
ユーザー,top-5k
撮影,top-5k
変え,top-5k
エネルギー,top-5k
楽しい,top-5k
拡大,top-5k
色々,top-5k
示し,top-5k
終わり,top-5k
道路,top-5k
種,top-5k
ちゃっ,top-5k
憲法,top-5k
見せ,top-5k
感謝,top-5k
感覚,top-5k
旅,top-5k
紙,top-5k
高校,top-5k
買い,top-5k
仕方,top-5k
信じ,top-5k
実行,top-5k
もらう,top-5k
とりあえず,top-5k
記者,top-5k
通常,top-5k
既に,top-5k
現状,top-5k
建設,top-5k
味,top-5k
だが,top-5k
スタッフ,top-5k
先日,top-5k
最新,top-5k
中央,top-5k
幸せ,top-5k
犬,top-5k
平均,top-5k
カード,top-5k
物語,top-5k
かかる,top-5k
似,top-5k
持ち,top-5k
末,top-5k
財政,top-5k
いわ,top-5k
追加,top-5k
不思議,top-5k
よかっ,top-5k
ネットワーク,top-5k
警察,top-5k
初,top-5k
雑誌,top-5k
提案,top-5k
編,top-5k
残っ,top-5k
大人,top-5k
日々,top-5k
様子,top-5k
せい,top-5k
いろんな,top-5k
生徒,top-5k
マン,top-5k
戻る,top-5k
総合,top-5k
値,top-5k
活用,top-5k
決して,top-5k
交換,top-5k
身体,top-5k
整備,top-5k
リスク,top-5k
規定,top-5k
想像,top-5k
ああ,top-5k
ケース,top-5k
アジア,top-5k
ねぇ,top-5k
加え,top-5k
左,top-5k
満足,top-5k
規模,top-5k
集,top-5k
本当,top-5k
以降,top-5k
比較,top-5k
法人,top-5k
クラス,top-5k
犯罪,top-5k
午前,top-5k
会長,top-5k
なんと,top-5k
まとめ,top-5k
平和,top-5k
基礎,top-5k
特定,top-5k
ヨーロッパ,top-5k
ネタ,top-5k
どうも,top-5k
ドア,top-5k
画像,top-5k
村,top-5k
少年,top-5k
安定,top-5k
実験,top-5k
ちゃ,top-5k
メーカー,top-5k
本人,top-5k
雰囲気,top-5k
国会,top-5k
まぁ,top-5k
患者,top-5k
歌,top-5k
高く,top-5k
会場,top-5k
治療,top-5k
探し,top-5k
ぜひ,top-5k
すごい,top-5k
それでも,top-5k
電子,top-5k
小説,top-5k
箸,top-5k
受ける,top-5k
死,top-5k
注目,top-5k
食事,top-5k
知り,top-5k
違っ,top-5k
乗っ,top-5k
維持,top-5k
ほぼ,top-5k
続い,top-5k
文,top-5k
範囲,top-5k
コラム,top-5k
常に,top-5k
著作,top-5k
ざる,top-5k
表,top-5k
合わせ,top-5k
ものの,top-5k
いっぱい,top-5k
夫,top-5k
理論,top-5k
秒,top-5k
日常,top-5k
イラク,top-5k
業者,top-5k
回答,top-5k
体制,top-5k
ど,top-5k
調整,top-5k
訴訟,top-5k
階,top-5k
酒,top-5k
住民,top-5k
いれ,top-5k
疑問,top-5k
失敗,top-5k
島,top-5k
知る,top-5k
息子,top-5k
資本,top-5k
事情,top-5k
コース,top-5k
応援,top-5k
置い,top-5k
感想,top-5k
解説,top-5k
妻,top-5k
シリーズ,top-5k
ただし,top-5k
客,top-5k
公共,top-5k
民間,top-5k
イタリア,top-5k
分かり,top-5k
弁護士,top-5k
裁判,top-5k
かかっ,top-5k
建物,top-5k
対,top-5k
省,top-5k
措置,top-5k
続ける,top-5k
組合,top-5k
に対し,top-5k
父,top-5k
本来,top-5k
元気,top-5k
一体,top-5k
宇宙,top-5k
見つけ,top-5k
図,top-5k
シ,top-5k
クラブ,top-5k
タイトル,top-5k
作,top-5k
着,top-5k
伝え,top-5k
番,top-5k
お客様,top-5k
採用,top-5k
しばらく,top-5k
待っ,top-5k
二つ,top-5k
観光,top-5k
提出,top-5k
以来,top-5k
首相,top-5k
推進,top-5k
業,top-5k
確保,top-5k
動物,top-5k
買う,top-5k
検査,top-5k
映像,top-5k
比べ,top-5k
信頼,top-5k
要素,top-5k
どんどん,top-5k
世,top-5k
コスト,top-5k
よろしく,top-5k
人物,top-5k
規制,top-5k
空間,top-5k
戻っ,top-5k
記念,top-5k
方針,top-5k
もっとも,top-5k
役,top-5k
右,top-5k
させ,top-5k
審議,top-5k
競争,top-5k
行い,top-5k
設置,top-5k
続く,top-5k
位置,top-5k
入れる,top-5k
テスト,top-5k
全然,top-5k
費用,top-5k
株式会社,top-5k
席,top-5k
大統領,top-5k
ロ,top-5k
良かっ,top-5k
指定,top-5k
事務所,top-5k
感情,top-5k
寝,top-5k
さまざま,top-5k
京都,top-5k
ランキング,top-5k
といった,top-5k
さすが,top-5k
空,top-5k
く,top-5k
仲間,top-5k
メッセージ,top-5k
向かっ,top-5k
取っ,top-5k
整理,top-5k
協会,top-5k
モノ,top-5k
離れ,top-5k
官,top-5k
ロシア,top-5k
多数,top-5k
デジタル,top-5k
耳,top-5k
積極,top-5k
泙,top-5k
安心,top-5k
ぶり,top-5k
ダメ,top-5k
独立,top-5k
イン,top-5k
読者,top-5k
ち,top-5k
雇用,top-5k
なに,top-5k
すぎる,top-5k
傾向,top-5k
そもそも,top-5k
賞,top-5k
くん,top-5k
正しい,top-5k
誕生,top-5k
ぼく,top-5k
歩い,top-5k
与える,top-5k
バー,top-5k
都,top-5k
全員,top-5k
たかっ,top-5k
ちゃう,top-5k
コンピュータ,top-5k
皆,top-5k
参照,top-5k
進ん,top-5k
少なくとも,top-5k
地元,top-5k
壁,top-5k
是非,top-5k
かつ,top-5k
明確,top-5k
つて,top-5k
士,top-5k
特徴,top-5k
セット,top-5k
疲れ,top-5k
カメラ,top-5k
皆様,top-5k
どうしても,top-5k
別に,top-5k
魅力,top-5k
人口,top-5k
反応,top-5k
きちんと,top-5k
負け,top-5k
まだまだ,top-5k
聞か,top-5k
そういった,top-5k
手段,top-5k
有効,top-5k
タイ,top-5k
工場,top-5k
入力,top-5k
ビデオ,top-5k
注文,top-5k
集中,top-5k
あまりに,top-5k
さま,top-5k
一度,top-5k
脳,top-5k
北,top-5k
いただく,top-5k
現象,top-5k
ビル,top-5k
団,top-5k
感動,top-5k
申し,top-5k
ソ,top-5k
禁止,top-5k
サポート,top-5k
ずつ,top-5k
実践,top-5k
おそらく,top-5k
小泉,top-5k
職員,top-5k
理事,top-5k
会員,top-5k
案内,top-5k
薬,top-5k
シーン,top-5k
従来,top-5k
素晴らしい,top-5k
始まっ,top-5k
農業,top-5k
用意,top-5k
運用,top-5k
世代,top-5k
そうした,top-5k
強化,top-5k
納得,top-5k
周り,top-5k
収入,top-5k
増加,top-5k
レポート,top-5k
年齢,top-5k
裏,top-5k
未来,top-5k
社員,top-5k
食,top-5k
食べる,top-5k
無,top-5k
教会,top-5k
舞台,top-5k
前回,top-5k
年金,top-5k
もう少し,top-5k
交通,top-5k
総,top-5k
教師,top-5k
料金,top-5k
どうして,top-5k
著,top-5k
森,top-5k
他人,top-5k
みよ,top-5k
集め,top-5k
組,top-5k
株式,top-5k
求める,top-5k
上昇,top-5k
否定,top-5k
機械,top-5k
完成,top-5k
大好き,top-5k
立っ,top-5k
修正,top-5k
電車,top-5k
一応,top-5k
落ち,top-5k
にくい,top-5k
向上,top-5k
週,top-5k
野球,top-5k
少なく,top-5k
姿勢,top-5k
スペイン,top-5k
訪問,top-5k
引用,top-5k
インド,top-5k
視点,top-5k
小学校,top-5k
電気,top-5k
ノ,top-5k
パ,top-5k
効率,top-5k
芸術,top-5k
繰り返し,top-5k
ぐ,top-5k
会話,top-5k
ドラマ,top-5k
再び,top-5k
春,top-5k
小さい,top-5k
解釈,top-5k
猫,top-5k
帰り,top-5k
４月,top-5k
資産,top-5k
行,top-5k
分かっ,top-5k
結論,top-5k
大丈夫,top-5k
低い,top-5k
かつて,top-5k
半,top-5k
界,top-5k
製造,top-5k
つき,top-5k
困難,top-5k
死ん,top-5k
回復,top-5k
適用,top-5k
母親,top-5k
すごく,top-5k
取材,top-5k
やっと,top-5k
保障,top-5k
集団,top-5k
ルール,top-5k
卒業,top-5k
事態,top-5k
雪,top-5k
画面,top-5k
悪く,top-5k
資格,top-5k
時点,top-5k
病気,top-5k
スタート,top-5k
更に,top-5k
活躍,top-5k
ですから,top-5k
馬,top-5k
冊,top-5k
言える,top-5k
やめ,top-5k
ちょうど,top-5k
命,top-5k
含ま,top-5k
ころ,top-5k
サイズ,top-5k
限定,top-5k
ひとり,top-5k
医師,top-5k
詳しく,top-5k
工事,top-5k
ねえ,top-5k
ぁ,top-5k
低,top-5k
６月,top-5k
住ん,top-5k
正直,top-5k
原則,top-5k
自動車,top-5k
づくり,top-5k
では,top-5k
部門,top-5k
女の子,top-5k
出演,top-5k
民族,top-5k
充実,top-5k
頑張っ,top-5k
講演,top-5k
したがって,top-5k
瞬間,top-5k
交流,top-5k
大量,top-5k
久しぶり,top-5k
美しい,top-5k
行か,top-5k
革命,top-5k
成果,top-5k
じ,top-5k
頂き,top-5k
コミュニケーション,top-5k
任,top-5k
標準,top-5k
出さ,top-5k
まるで,top-5k
輸入,top-5k
やつ,top-5k
遊び,top-5k
背景,top-5k
政権,top-5k
スタイル,top-5k
星,top-5k
協議,top-5k
っていう,top-5k
関心,top-5k
勝手,top-5k
一覧,top-5k
副,top-5k
７月,top-5k
伝統,top-5k
横,top-5k
民主,top-5k
制限,top-5k
投票,top-5k
どうぞ,top-5k
値段,top-5k
沖縄,top-5k
川,top-5k
用い,top-5k
若者,top-5k
心理,top-5k
大体,top-5k
里,top-5k
掲示板,top-5k
とる,top-5k
番号,top-5k
トン,top-5k
前提,top-5k
館,top-5k
古い,top-5k
取り,top-5k
船,top-5k
ある程度,top-5k
突然,top-5k
飲ん,top-5k
なんだか,top-5k
半分,top-5k
思想,top-5k
オープン,top-5k
せよ,top-5k
請求,top-5k
なさい,top-5k
正確,top-5k
教室,top-5k
周辺,top-5k
セミナー,top-5k
リスト,top-5k
３月,top-5k
立て,top-5k
不足,top-5k
実,top-5k
デ,top-5k
法案,top-5k
伺い,top-5k
東,top-5k
厳しい,top-5k
異なる,top-5k
ボール,top-5k
すなわち,top-5k
コード,top-5k
王,top-5k
飲み,top-5k
含む,top-5k
世の中,top-5k
みなさん,top-5k
取得,top-5k
項目,top-5k
旧,top-5k
そんなに,top-5k
性格,top-5k
連れ,top-5k
次第,top-5k
顧客,top-5k
いかに,top-5k
多分,top-5k
地区,top-5k
を通じて,top-5k
やすく,top-5k
長期,top-5k
ミ,top-5k
達成,top-5k
著者,top-5k
ソフトウェア,top-5k
におきまして,top-5k
示す,top-5k
展示,top-5k
誌,top-5k
多,top-5k
後半,top-5k
福祉,top-5k
到着,top-5k
ナ,top-5k
罪,top-5k
送っ,top-5k
楽,top-5k
操作,top-5k
限ら,top-5k
便利,top-5k
支配,top-5k
南,top-5k
何とか,top-5k
講座,top-5k
現地,top-5k
態度,top-5k
決まっ,top-5k
触れ,top-5k
書き込み,top-5k
審査,top-5k
公園,top-5k
過程,top-5k
研修,top-5k
なきゃ,top-5k
長官,top-5k
バランス,top-5k
変,top-5k
なー,top-5k
連続,top-5k
作ら,top-5k
空気,top-5k
翻訳,top-5k
まいり,top-5k
長く,top-5k
冬,top-5k
暮らし,top-5k
単純,top-5k
嬉しい,top-5k
５月,top-5k
予約,top-5k
構築,top-5k
党,top-5k
論文,top-5k
地震,top-5k
不,top-5k
パン,top-5k
記,top-5k
一言,top-5k
継続,top-5k
内部,top-5k
豊か,top-5k
生命,top-5k
所得,top-5k
制作,top-5k
敵,top-5k
単位,top-5k
自信,top-5k
生きる,top-5k
涙,top-5k
まずは,top-5k
科,top-5k
ゆっくり,top-5k
あらゆる,top-5k
ベース,top-5k
層,top-5k
思い出し,top-5k
毎年,top-5k
距離,top-5k
複数,top-5k
恋愛,top-5k
め,top-5k
英,top-5k
運転,top-5k
支持,top-5k
確実,top-5k
インタビュー,top-5k
日間,top-5k
一定,top-5k
早い,top-5k
交渉,top-5k
司法,top-5k
巻,top-5k
なんとか,top-5k
つける,top-5k
普段,top-5k
方式,top-5k
出席,top-5k
金利,top-5k
アニメ,top-5k
ところで,top-5k
窓,top-5k
諸,top-5k
始める,top-5k
安い,top-5k
り,top-5k
１つ,top-5k
危機,top-5k
次に,top-5k
募集,top-5k
史,top-5k
休み,top-5k
自宅,top-5k
深い,top-5k
上記,top-5k
分かる,top-5k
人権,top-5k
応じ,top-5k
複雑,top-5k
ひ,top-5k
おかげ,top-5k
逮捕,top-5k
スーパー,top-5k
器,top-5k
守る,top-5k
起こっ,top-5k
級,top-5k
取る,top-5k
証明,top-5k
概念,top-5k
ツール,top-5k
コンテンツ,top-5k
秋,top-5k
働い,top-5k
単に,top-5k
今週,top-5k
空港,top-5k
適切,top-5k
財産,top-5k
判決,top-5k
作家,top-5k
学ぶ,top-5k
討,top-5k
マスコミ,top-5k
迎え,top-5k
思考,top-5k
接続,top-5k
出会い,top-5k
ようやく,top-5k
形式,top-5k
違反,top-5k
義務,top-5k
仕組み,top-5k
再生,top-5k
破壊,top-5k
研究所,top-5k
国務大臣,top-5k
両,top-5k
白,top-5k
止め,top-5k
いくら,top-5k
始まり,top-5k
フリー,top-5k
公式,top-5k
場面,top-5k
英国,top-5k
語っ,top-5k
年生,top-5k
挙げ,top-5k
石,top-5k
それにしても,top-5k
お客,top-5k
就職,top-5k
文書,top-5k
付き,top-5k
派遣,top-5k
類,top-5k
テロ,top-5k
名無し,top-5k
真,top-5k
定義,top-5k
素敵,top-5k
超え,top-5k
プロセス,top-5k
当たり前,top-5k
約束,top-5k
選ん,top-5k
強,top-5k
こんなに,top-5k
コピー,top-5k
出身,top-5k
局長,top-5k
初め,top-5k
持た,top-5k
事項,top-5k
観点,top-5k
質,top-5k
趣味,top-5k
箱,top-5k
開い,top-5k
ご覧,top-5k
出発,top-5k
語る,top-5k
魚,top-5k
会計,top-5k
残り,top-5k
いくつか,top-5k
記述,top-5k
形成,top-5k
資源,top-5k
たぶん,top-5k
願い,top-5k
事例,top-5k
金額,top-5k
重,top-5k
きれい,top-5k
と共に,top-5k
立ち,top-5k
取り上げ,top-5k
証券,top-5k
ガ,top-5k
上がっ,top-5k
成立,top-5k
ひと,top-5k
だし,top-5k
軍事,top-5k
訓練,top-5k
来年,top-5k
食品,top-5k
証拠,top-5k
ラジオ,top-5k
なさ,top-5k
変わる,top-5k
描い,top-5k
プレゼント,top-5k
不明,top-5k
アルバム,top-5k
内閣,top-5k
北海道,top-5k
隣,top-5k
当,top-5k
見れ,top-5k
裁判所,top-5k
挑戦,top-5k
やり方,top-5k
黒,top-5k
バンド,top-5k
鳥,top-5k
ブラジル,top-5k
胸,top-5k
物質,top-5k
実に,top-5k
いかが,top-5k
手法,top-5k
保存,top-5k
相互,top-5k
師,top-5k
依頼,top-5k
差別,top-5k
特集,top-5k
設備,top-5k
発,top-5k
なんか,top-5k
お答え,top-5k
未,top-5k
国連,top-5k
使える,top-5k
季節,top-5k
答弁,top-5k
使え,top-5k
わずか,top-5k
意思,top-5k
保証,top-5k
実態,top-5k
当初,top-5k
譴,top-5k
もともと,top-5k
装置,top-5k
キロ,top-5k
図書館,top-5k
被告,top-5k
所有,top-5k
防止,top-5k
日時,top-5k
目指し,top-5k
マンション,top-5k
リー,top-5k
問い合わせ,top-5k
肉,top-5k
アプリケーション,top-5k
需要,top-5k
始まる,top-5k
無視,top-5k
設立,top-5k
総理,top-5k
つく,top-5k
できるだけ,top-5k
ショップ,top-5k
大き,top-5k
自転車,top-5k
経,top-5k
生物,top-5k
残し,top-5k
勧め,top-5k
メニュー,top-5k
改めて,top-5k
優勝,top-5k
多様,top-5k
特許,top-5k
すね,top-5k
補助,top-5k
働く,top-5k
を通して,top-5k
間違っ,top-5k
不動産,top-5k
野菜,top-5k
バカ,top-5k
赤,top-5k
兆,top-5k
ライン,top-5k
承知,top-5k
父親,top-5k
供給,top-5k
秘密,top-5k
誰か,top-5k
独自,top-5k
獲得,top-5k
許可,top-5k
急,top-5k
嫌,top-5k
外交,top-5k
ねー,top-5k
セキュリティ,top-5k
論理,top-5k
話す,top-5k
西,top-5k
メイン,top-5k
深く,top-5k
とっても,top-5k
極めて,top-5k
本質,top-5k
多少,top-5k
出来事,top-5k
走っ,top-5k
手紙,top-5k
策,top-5k
スト,top-5k
去年,top-5k
項,top-5k
お互い,top-5k
９月,top-5k
ゆく,top-5k
つくっ,top-5k
つくる,top-5k
つぶやき,top-5k
汗,top-5k
強制,top-5k
宣言,top-5k
病,top-5k
エンジン,top-5k
チャンス,top-5k
優先,top-5k
遅れ,top-5k
オンライン,top-5k
変わり,top-5k
ソース,top-5k
人材,top-5k
職業,top-5k
楽しく,top-5k
ついに,top-5k
援助,top-5k
申請,top-5k
それで,top-5k
歩,top-5k
コーナー,top-5k
問,top-5k
頂い,top-5k
喜び,top-5k
ブランド,top-5k
高速,top-5k
マーク,top-5k
ろう,top-5k
変わら,top-5k
特殊,top-5k
こっち,top-5k
次回,top-5k
文学,top-5k
お知らせ,top-5k
議会,top-5k
分け,top-5k
介護,top-5k
２つ,top-5k
唯一,top-5k
削除,top-5k
田中,top-5k
両方,top-5k
垢,top-5k
売っ,top-5k
本部,top-5k
横浜,top-5k
切れ,top-5k
消え,top-5k
悪,top-5k
処分,top-5k
きっかけ,top-5k
ママ,top-5k
戦い,top-5k
共有,top-5k
変える,top-5k
学者,top-5k
はい,top-5k
夫婦,top-5k
買い物,top-5k
風景,top-5k
それほど,top-5k
中小,top-5k
でる,top-5k
レストラン,top-5k
高齢,top-5k
付,top-5k
製,top-5k
剤,top-5k
１月,top-5k
受け入れ,top-5k
夕方,top-5k
少女,top-5k
勝利,top-5k
スピード,top-5k
職場,top-5k
スター,top-5k
材料,top-5k
考慮,top-5k
主人公,top-5k
かける,top-5k
開か,top-5k
実感,top-5k
代わり,top-5k
現れ,top-5k
近代,top-5k
借り,top-5k
だれ,top-5k
航空,top-5k
一時,top-5k
字,top-5k
分類,top-5k
戦後,top-5k
行け,top-5k
無く,top-5k
コーヒー,top-5k
減少,top-5k
哲学,top-5k
コントロール,top-5k
ガン,top-5k
核,top-5k
ポ,top-5k
かかわら,top-5k
巨大,top-5k
台湾,top-5k
試し,top-5k
同士,top-5k
佐藤,top-5k
修,top-5k
条約,top-5k
通っ,top-5k
人類,top-5k
捨て,top-5k
ワイン,top-5k
コン,top-5k
らしく,top-5k
燭,top-5k
個別,top-5k
展,top-5k
パターン,top-5k
たっ,top-5k
ビール,top-5k
首,top-5k
付い,top-5k
波,top-5k
低下,top-5k
機器,top-5k
血,top-5k
捜査,top-5k
死亡,top-5k
分の,top-5k
祭,top-5k
聞こえ,top-5k
ボランティア,top-5k
説,top-5k
ホーム,top-5k
某,top-5k
ぜ,top-5k
ネ,top-5k
理想,top-5k
天気,top-5k
当局,top-5k
書籍,top-5k
挨拶,top-5k
バイト,top-5k
ガス,top-5k
受験,top-5k
オレ,top-5k
観察,top-5k
もう一度,top-5k
要因,top-5k
促進,top-5k
それでは,top-5k
すら,top-5k
ぃ,top-5k
税金,top-5k
もつ,top-5k
異常,top-5k
呼ん,top-5k
無事,top-5k
合意,top-5k
統計,top-5k
多かっ,top-5k
キー,top-5k
服,top-5k
不可能,top-5k
領域,top-5k
働き,top-5k
普及,top-5k
会い,top-5k
周囲,top-5k
お前,top-5k
見事,top-5k
一切,top-5k
素材,top-5k
新規,top-5k
児童,top-5k
自民党,top-5k
後ろ,top-5k
把握,top-5k
前後,top-5k
又は,top-5k
できれ,top-5k
基づい,top-5k
リリース,top-5k
権力,top-5k
趣旨,top-5k
やや,top-5k
聴い,top-5k
生じ,top-5k
集まっ,top-5k
女子,top-5k
熱,top-5k
扱い,top-5k
終え,top-5k
予測,top-5k
自衛隊,top-5k
おいしい,top-5k
オリジナル,top-5k
常識,top-5k
びっくり,top-5k
辰,top-5k
いよいよ,top-5k
すっかり,top-5k
目指す,top-5k
緊張,top-5k
沢山,top-5k
職,top-5k
博士,top-5k
進む,top-5k
教科書,top-5k
先週,top-5k
がち,top-5k
２月,top-5k
朝鮮,top-5k
余裕,top-5k
品質,top-5k
太陽,top-5k
勤務,top-5k
水準,top-5k
テキスト,top-5k
公務員,top-5k
意図,top-5k
復活,top-5k
用語,top-5k
進行,top-5k
近所,top-5k
呼ぶ,top-5k
とり,top-5k
程,top-5k
無駄,top-5k
講師,top-5k
桜,top-5k
郵便,top-5k
パワー,top-5k
候補,top-5k
しょ,top-5k
指示,top-5k
留学,top-5k
足り,top-5k
いくつ,top-5k
ミス,top-5k
返事,top-5k
良,top-5k
嫌い,top-5k
創造,top-5k
物価,top-5k
困っ,top-5k
統一,top-5k
過ごし,top-5k
やってき,top-5k
たび,top-5k
々,top-5k
辺,top-5k
テーブル,top-5k
苦労,top-5k
漫画,top-5k
押し,top-5k
広く,top-5k
飛行機,top-5k
進化,top-5k
マガジン,top-5k
手術,top-5k
リーグ,top-5k
それとも,top-5k
おかしい,top-5k
ツアー,top-5k
見解,top-5k
伸び,top-5k
連合,top-5k
ホント,top-5k
貿易,top-5k
発想,top-5k
助け,top-5k
静か,top-5k
よれ,top-5k
いきなり,top-5k
経過,top-5k
専用,top-5k
停止,top-5k
覆,top-5k
売り,top-5k
訪れ,top-5k
クリスマス,top-5k
化学,top-5k
院,top-5k
番目,top-5k
事前,top-5k
ラン,top-5k
匹,top-5k
災害,top-5k
ピアノ,top-5k
連携,top-5k
信用,top-5k
つか,top-5k
おっ,top-5k
両親,top-5k
致し,top-5k
驚い,top-5k
高度,top-5k
許さ,top-5k
切っ,top-5k
開け,top-5k
症,top-5k
宣伝,top-5k
会っ,top-5k
迷惑,top-5k
残る,top-5k
優れ,top-5k
砲,top-5k
オーストラリア,top-5k
主要,top-5k
ふ,top-5k
ゴール,top-5k
配信,top-5k
確立,top-5k
統合,top-5k
謎,top-5k
コンサート,top-5k
起こる,top-5k
時半,top-5k
何故,top-5k
げ,top-5k
ノート,top-5k
居,top-5k
それなり,top-5k
ニューヨーク,top-5k
笑っ,top-5k
物理,top-5k
８月,top-5k
ゅ,top-5k
恋,top-5k
ストーリー,top-5k
笑顔,top-5k
ゼロ,top-5k
訴え,top-5k
自動,top-5k
圏,top-5k
メモ,top-5k
アドバイス,top-5k
知的,top-5k
もらえ,top-5k
男女,top-5k
緊急,top-5k
終わる,top-5k
動作,top-5k
向かう,top-5k
輸出,top-5k
いこ,top-5k
先輩,top-5k
帰る,top-5k
見直し,top-5k
本格,top-5k
合併,top-5k
反省,top-5k
襪,top-5k
像,top-5k
中身,top-5k
製作,top-5k
サン,top-5k
牛,top-5k
起こし,top-5k
診断,top-5k
問わ,top-5k
要望,top-5k
ストレス,top-5k
工業,top-5k
ボタン,top-5k
アン,top-5k
広い,top-5k
白い,top-5k
ますます,top-5k
崩壊,top-5k
真実,top-5k
プレー,top-5k
適当,top-5k
国立,top-5k
計,top-5k
石油,top-5k
自治体,top-5k
大幅,top-5k
せっかく,top-5k
をもって,top-5k
天,top-5k
定め,top-5k
だめ,top-5k
ブッシュ,top-5k
貢献,top-5k
ごろ,top-5k
配慮,top-5k
サイド,top-5k
若干,top-5k
スペース,top-5k
書類,top-5k
主催,top-5k
きょう,top-5k
韓,top-5k
ミサイル,top-5k
調子,top-5k
単語,top-5k
パリ,top-5k
表情,top-5k
べく,top-5k
並ん,top-5k
基地,top-5k
ホール,top-5k
みれ,top-5k
駐車,top-5k
比較的,top-5k
ガラス,top-5k
景気,top-5k
世間,top-5k
たとえ,top-5k
カー,top-5k
植物,top-5k
単なる,top-5k
あり方,top-5k
安,top-5k
セ,top-5k
自治,top-5k
限界,top-5k
ベスト,top-5k
トイレ,top-5k
ただいま,top-5k
反映,top-5k
安く,top-5k
転換,top-5k
美,top-5k
タイム,top-5k
形態,top-5k
状,top-5k
奴,top-5k
まい,top-5k
感染,top-5k
根拠,top-5k
こうして,top-5k
メルマガ,top-5k
原稿,top-5k
悩み,top-5k
イエス,top-5k
そろそろ,top-5k
相場,top-5k
合格,top-5k
記載,top-5k
お母さん,top-5k
怖い,top-5k
あげる,top-5k
歩き,top-5k
ぉ,top-5k
人達,top-5k
取り組み,top-5k
地図,top-5k
大学院,top-5k
ダウンロード,top-5k
拒否,top-5k
腕,top-5k
鈴木,top-5k
最低,top-5k
微妙,top-5k
見方,top-5k
美味しい,top-5k
抱え,top-5k
最,top-5k
弱い,top-5k
遠く,top-5k
驚き,top-5k
ちゃい,top-5k
削減,top-5k
青年,top-5k
我が国,top-5k
思える,top-5k
しかしながら,top-5k
支え,top-5k
選ぶ,top-5k
劇場,top-5k
強調,top-5k
要するに,top-5k
楽しん,top-5k
防衛,top-5k
ロンドン,top-5k
世界中,top-5k
初期,top-5k
ホ,top-5k
機構,top-5k
かね,top-5k
どうやら,top-5k
床,top-5k
いらっしゃる,top-5k
真剣,top-5k
講義,top-5k
おすすめ,top-5k
術,top-5k
隊,top-5k
対処,top-5k
実質,top-5k
貴重,top-5k
メートル,top-5k
もしくは,top-5k
収集,top-5k
大手,top-5k
工夫,top-5k
じゃあ,top-5k
諸国,top-5k
幅,top-5k
そば,top-5k
蠅,top-5k
監視,top-5k
リーダー,top-5k
認定,top-5k
必ずしも,top-5k
文庫,top-5k
サーバー,top-5k
避け,top-5k
勝ち,top-5k
各種,top-5k
節,top-5k
福岡,top-5k
反,top-5k
肩,top-5k
すると,top-5k
券,top-5k
そ,top-5k
意外,top-5k
容疑,top-5k
明治,top-5k
命令,top-5k
向こう,top-5k
根本,top-5k
重視,top-5k
ワン,top-5k
慣れ,top-5k
おっしゃっ,top-5k
時々,top-5k
指,top-5k
依存,top-5k
医学,top-5k
手続,top-5k
けっこう,top-5k
株主,top-5k
プラス,top-5k
刺激,top-5k
合理,top-5k
ゆ,top-5k
あん,top-5k
中間,top-5k
鉄道,top-5k
短い,top-5k
入手,top-5k
名古屋,top-5k
才,top-5k
現,top-5k
動い,top-5k
こんにちは,top-5k
注,top-5k
笑い,top-5k
載っ,top-5k
上げる,top-5k
相,top-5k
ロー,top-5k
印刷,top-5k
帰国,top-5k
発揮,top-5k
ぇ,top-5k
市町村,top-5k
何らかの,top-5k
規則,top-5k
賃金,top-5k
一致,top-5k
バージョン,top-5k
奥,top-5k
マーケティング,top-5k
主体,top-5k
トラブル,top-5k
原告,top-5k
合っ,top-5k
住む,top-5k
歩く,top-5k
部長,top-5k
習慣,top-5k
筆者,top-5k
以内,top-5k
だり,top-5k
カナダ,top-5k
校,top-5k
ロック,top-5k
模様,top-5k
日曜日,top-5k
越え,top-5k
速度,top-5k
外部,top-5k
抵抗,top-5k
各国,top-5k
たる,top-5k
ワールドカップ,top-5k
会見,top-5k
定期,top-5k
市内,top-5k
混乱,top-5k
医者,top-5k
かかり,top-5k
自殺,top-5k
当たり,top-5k
都合,top-5k
幸い,top-5k
検証,top-5k
概要,top-5k
温泉,top-5k
ジョン,top-5k
神様,top-5k
漢字,top-5k
流,top-5k
ごく,top-5k
杯,top-5k
レース,top-5k
ご飯,top-5k
さっき,top-5k
賛成,top-5k
余り,top-5k
決める,top-5k
緑,top-5k
もらえる,top-5k
民主党,top-5k
欧州,top-5k
取れ,top-5k
座っ,top-5k
帰宅,top-5k
城,top-5k
シーズン,top-5k
筋,top-5k
天皇,top-5k
前半,top-5k
痛み,top-5k
ともかく,top-5k
重大,top-5k
死ぬ,top-5k
容易,top-5k
とこ,top-5k
ゴルフ,top-5k
ユーザ,top-5k
題,top-5k
録音,top-5k
運,top-5k
走る,top-5k
読ま,top-5k
必須,top-5k
売れ,top-5k
林,top-5k
不満,top-5k
うる,top-5k
流通,top-5k
いただけ,top-5k
我が家,top-5k
原理,top-5k
比,top-5k
嘘,top-5k
株価,top-5k
想定,top-5k
青,top-5k
手続き,top-5k
眺め,top-5k
要請,top-5k
楽器,top-5k
詩,top-5k
よっ,top-5k
村上,top-5k
廃止,top-5k
詳しい,top-5k
魂,top-5k
綺麗,top-5k
イスラエル,top-5k
今月,top-5k
かい,top-5k
滞在,top-5k
いったい,top-5k
各地,top-5k
従業,top-5k
いえる,top-5k
読書,top-5k
行こ,top-5k
確定,top-5k
合計,top-5k
伝える,top-5k
怒り,top-5k
香り,top-5k
ヒット,top-5k
モード,top-5k
タクシー,top-5k
発信,top-5k
建て,top-5k
執行,top-5k
連載,top-5k
恐れ,top-5k
フル,top-5k
思い出,top-5k
恐怖,top-5k
日経,top-5k
主人,top-5k
支払い,top-5k
一瞬,top-5k
老人,top-5k
頁,top-5k
当日,top-5k
早速,top-5k
関西,top-5k
がっ,top-5k
くださっ,top-5k
神戸,top-5k
時計,top-5k
とら,top-5k
割合,top-5k
認める,top-5k
正式,top-5k
おか,top-5k
カラー,top-5k
出場,top-5k
徹底,top-5k
収録,top-5k
穴,top-5k
板,top-5k
退職,top-5k
動く,top-5k
入学,top-5k
週末,top-5k
殺人,top-5k
代理,top-5k
演出,top-5k
やろ,top-5k
掃除,top-5k
葉,top-5k
ショー,top-5k
公表,top-5k
置か,top-5k
インストール,top-5k
踏まえ,top-5k
育成,top-5k
実績,top-5k
だけど,top-5k
昼,top-5k
使い方,top-5k
軽く,top-5k
パー,top-5k
もはや,top-5k
気づい,top-5k
っぽい,top-5k
源,top-5k
ふと,top-5k
店舗,top-5k
大型,top-5k
キリスト教,top-5k
ハイ,top-5k
風呂,top-5k
どっち,top-5k
申し訳,top-5k
すばらしい,top-5k
回転,top-5k
マイナス,top-5k
喜ん,top-5k
チケット,top-5k
犠牲,top-5k
暴力,top-5k
細胞,top-5k
ことば,top-5k
愛し,top-5k
ステージ,top-5k
痛い,top-5k
ガイド,top-5k
面倒,top-5k
知事,top-5k
バイク,top-5k
ロボット,top-5k
起業,top-5k
試み,top-5k
戦闘,top-5k
たった,top-5k
１０月,top-5k
楽しむ,top-5k
困る,top-5k
聖書,top-5k
一気に,top-5k
届け,top-5k
引き,top-5k
移行,top-5k
はじめて,top-5k
正,top-5k
成績,top-5k
お茶,top-5k
勝負,top-5k
同じく,top-5k
翌日,top-5k
降り,top-5k
票,top-5k
別れ,top-5k
直後,top-5k
左右,top-5k
進める,top-5k
やがて,top-5k
決勝,top-5k
所属,top-5k
キャラ,top-5k
測定,top-5k
千葉,top-5k
ダイエット,top-5k
ブック,top-5k
提示,top-5k
弾,top-5k
リング,top-5k
材,top-5k
府,top-5k
設け,top-5k
あんまり,top-5k
帯,top-5k
しろ,top-5k
至る,top-5k
育て,top-5k
たまたま,top-5k
ベッド,top-5k
抜け,top-5k
基盤,top-5k
しい,top-5k
見学,top-5k
応募,top-5k
ファ,top-5k
学ん,top-5k
枠,top-5k
厚生,top-5k
配置,top-5k
道具,top-5k
刑事,top-5k
勢い,top-5k
対立,top-5k
散歩,top-5k
あい,top-5k
症状,top-5k
入院,top-5k
教員,top-5k
キーワード,top-5k
中学,top-5k
うえ,top-5k
通,top-5k
表面,top-5k
ぱ,top-5k
広島,top-5k
情勢,top-5k
果たし,top-5k
列,top-5k
腹,top-5k
掛け,top-5k
玉,top-5k
送る,top-5k
レビュー,top-5k
学会,top-5k
ニーズ,top-5k
シンプル,top-5k
総会,top-5k
それに,top-5k
合う,top-5k
銘柄,top-5k
数学,top-5k
土曜日,top-5k
うれしい,top-5k
民,top-5k
承認,top-5k
なんとなく,top-5k
下記,top-5k
侵害,top-5k
受賞,top-5k
増,top-5k
赤字,top-5k
公,top-5k
出かけ,top-5k
腰,top-5k
凄い,top-5k
にかけて,top-5k
お世話,top-5k
うん,top-5k
減っ,top-5k
次々,top-5k
加工,top-5k
中村,top-5k
書店,top-5k
驚く,top-5k
緩和,top-5k
マイ,top-5k
ジャンル,top-5k
やれ,top-5k
プラン,top-5k
重い,top-5k
お気に入り,top-5k
本当は,top-5k
個性,top-5k
作戦,top-5k
技,top-5k
指揮,top-5k
たまに,top-5k
たま,top-5k
偶然,top-5k
誤解,top-5k
群,top-5k
組み合わせ,top-5k
少々,top-5k
ショック,top-5k
小さく,top-5k
撮っ,top-5k
寄せ,top-5k
確信,top-5k
意志,top-5k
知,top-5k
置く,top-5k
シート,top-5k
描か,top-5k
高校生,top-5k
１２月,top-5k
パス,top-5k
ログ,top-5k
下げ,top-5k
カフェ,top-5k
しょう,top-5k
読め,top-5k
勇気,top-5k
備え,top-5k
カテゴリー,top-5k
失っ,top-5k
売買,top-5k
飲む,top-5k
図る,top-5k
公演,top-5k
画,top-5k
好み,top-5k
制御,top-5k
食べ物,top-5k
にて,top-5k
キリスト,top-5k
かわいい,top-5k
レッスン,top-5k
法則,top-5k
メリット,top-5k
作者,top-5k
上手,top-5k
へん,top-5k
文句,top-5k
馬鹿,top-5k
失礼,top-5k
立つ,top-5k
博物館,top-5k
神社,top-5k
予防,top-5k
正当,top-5k
レス,top-5k
データベース,top-5k
実家,top-5k
活性,top-5k
受信,top-5k
山本,top-5k
自主,top-5k
確率,top-5k
アンケート,top-5k
回っ,top-5k
表明,top-5k
美術館,top-5k
解消,top-5k
座,top-5k
オフィス,top-5k
苦手,top-5k
爆発,top-5k
欧米,top-5k
肌,top-5k
信仰,top-5k
タイミング,top-5k
現行,top-5k
解放,top-5k
カバー,top-5k
見通し,top-5k
させる,top-5k
取ら,top-5k
超える,top-5k
ペ,top-5k
発電,top-5k
カット,top-5k
デモ,top-5k
上がる,top-5k
損害,top-5k
小学生,top-5k
トレーニング,top-5k
アフリカ,top-5k
む,top-5k
妹,top-5k
取り組ん,top-5k
競馬,top-5k
運命,top-5k
噂,top-5k
個々,top-5k
３つ,top-5k
コンピューター,top-5k
アル,top-5k
経費,top-5k
ええ,top-5k
週刊,top-5k
本書,top-5k
原,top-5k
マンガ,top-5k
仕様,top-5k
電力,top-5k
園,top-5k
きれ,top-5k
オフ,top-5k
発達,top-5k
矛盾,top-5k
ハウス,top-5k
性能,top-5k
立派,top-5k
選ば,top-5k
がんばっ,top-5k
役員,top-5k
大いに,top-5k
影,top-5k
おもしろい,top-5k
遅く,top-5k
象徴,top-5k
勝,top-5k
性質,top-5k
送信,top-5k
わが国,top-5k
あえて,top-5k
あー,top-5k
圧力,top-5k
払っ,top-5k
基づく,top-5k
落とし,top-5k
風邪,top-5k
届い,top-5k
アウト,top-5k
スキル,top-5k
増える,top-5k
いただける,top-5k
殺し,top-5k
かた,top-5k
得意,top-5k
温度,top-5k
初心者,top-5k
一生懸命,top-5k
香港,top-5k
必死,top-5k
ラーメン,top-5k
わざわざ,top-5k
そうすると,top-5k
ギター,top-5k
ゴミ,top-5k
具合,top-5k
橋,top-5k
神経,top-5k
作用,top-5k
いわば,top-5k
庭,top-5k
済み,top-5k
本物,top-5k
意義,top-5k
新宿,top-5k
ライフ,top-5k
延長,top-5k
観客,top-5k
重ね,top-5k
引き続き,top-5k
深刻,top-5k
行なわ,top-5k
ファンド,top-5k
路線,top-5k
又,top-5k
武器,top-5k
マシン,top-5k
取締役,top-5k
ほんの,top-5k
方面,top-5k
なくなっ,top-5k
荷物,top-5k
学び,top-5k
自立,top-5k
ローン,top-5k
録,top-5k
直前,top-5k
開く,top-5k
既存,top-5k
よし,top-5k
部品,top-5k
アイデア,top-5k
モン,top-5k
かな,top-5k
幹部,top-5k
相変わらず,top-5k
本気,top-5k
殆ど,top-5k
最適,top-5k
１１月,top-5k
地下,top-5k
慎重,top-5k
アート,top-5k
達し,top-5k
ずいぶん,top-5k
もしか,top-5k
ひどい,top-5k
学問,top-5k
髪,top-5k
流し,top-5k
マニュアル,top-5k
進出,top-5k
為替,top-5k
劇,top-5k
乗り,top-5k
久々,top-5k
エリア,top-5k
忙しい,top-5k
つながる,top-5k
総裁,top-5k
丁寧,top-5k
視聴,top-5k
我が,top-5k
探す,top-5k
ゆえ,top-5k
産,top-5k
かしら,top-5k
袋,top-5k
歯,top-5k
格差,top-5k
区別,top-5k
カレー,top-5k
塩,top-5k
休日,top-5k
当社,top-5k
解析,top-5k
課,top-5k
上司,top-5k
法的,top-5k
民営,top-5k
呂,top-5k
周年,top-5k
よー,top-5k
寒い,top-5k
従って,top-5k
いける,top-5k
逃げ,top-5k
医,top-5k
しばしば,top-5k
兄弟,top-5k
競技,top-5k
だいたい,top-5k
辺り,top-5k
当事者,top-5k
素直,top-5k
決算,top-5k
スクール,top-5k
はるか,top-5k
待つ,top-5k
アーティスト,top-5k
大衆,top-5k
人事,top-5k
不正,top-5k
キャンペーン,top-5k
勢力,top-5k
つながり,top-5k
議長,top-5k
マーケット,top-5k
報酬,top-5k
便,top-5k
丸,top-5k
応用,top-5k
振興,top-5k
だんだん,top-5k
ソ連,top-5k
変換,top-5k
連邦,top-5k
衝撃,top-5k
レコード,top-5k
今朝,top-5k
権限,top-5k
充分,top-5k
きわめて,top-5k
動向,top-5k
ノウハウ,top-5k
あら,top-5k
あくまで,top-5k
療法,top-5k
搭載,top-5k
どんなに,top-5k
収益,top-5k
それだけ,top-5k
正しく,top-5k
縁,top-5k
ほんとう,top-5k
人数,top-5k
違法,top-5k
政党,top-5k
スケジュール,top-5k
とくに,top-5k
来週,top-5k
オランダ,top-5k
着い,top-5k
本体,top-5k
遊ん,top-5k
骨,top-5k
塾,top-5k
我慢,top-5k
一生,top-5k
原作,top-5k
ベトナム,top-5k
底,top-5k
おっしゃる,top-5k
仮に,top-5k
ワーク,top-5k
たいへん,top-5k
選び,top-5k
強力,top-5k
視,top-5k
お尋ね,top-5k
うまい,top-5k
待ち,top-5k
箇所,top-5k
コミュニティ,top-5k
族,top-5k
戻り,top-5k
圧倒的,top-5k
高橋,top-5k
細かい,top-5k
免許,top-5k
ユーロ,top-5k
伴う,top-5k
飛ん,top-5k
港,top-5k
聖,top-5k
アドレス,top-5k
裁判官,top-5k
実力,top-5k
なぜなら,top-5k
恋人,top-5k
首都,top-5k
質疑,top-5k
なるほど,top-5k
ぷ,top-5k
住所,top-5k
歓迎,top-5k
なにか,top-5k
つくり,top-5k
あたし,top-5k
子育て,top-5k
存じ,top-5k
順,top-5k
通じ,top-5k
韻,top-5k
作曲,top-5k
おれ,top-5k
失業,top-5k
太郎,top-5k
客観,top-5k
田舎,top-5k
しま,top-5k
勝っ,top-5k
激しい,top-5k
鍵,top-5k
勿論,top-5k
リン,top-5k
同社,top-5k
乗る,top-5k
示さ,top-5k
發,top-5k
売上,top-5k
リアル,top-5k
倫理,top-5k
中古,top-5k
なかろ,top-5k
卵,top-5k
朝日,top-5k
高級,top-5k
辞書,top-5k
市長,top-5k
一種,top-5k
入門,top-5k
そういえば,top-5k
キャラクター,top-5k
出張,top-5k
夕食,top-5k
描く,top-5k
ダウン,top-5k
気に入っ,top-5k
協定,top-5k
深夜,top-5k
半年,top-5k
教える,top-5k
豊富,top-5k
息,top-5k
身近,top-5k
いただけれ,top-5k
物件,top-5k
ハード,top-5k
優秀,top-5k
明,top-5k
角,top-5k
け,top-5k
弟,top-5k
面接,top-5k
部隊,top-5k
マレーシア,top-5k
給与,top-5k
ハワイ,top-5k
発音,top-5k
配布,top-5k
同意,top-5k
オススメ,top-5k
交付,top-5k
ワ,top-5k
保有,top-5k
課長,top-5k
出会っ,top-5k
開き,top-5k
とれ,top-5k
体系,top-5k
ユダヤ,top-5k
歌っ,top-5k
同一,top-5k
悲しい,top-5k
加藤,top-5k
官僚,top-5k
列車,top-5k
茶,top-5k
まわり,top-5k
朝日新聞,top-5k
構想,top-5k
口座,top-5k
陣,top-5k
いら,top-5k
説得,top-5k
会う,top-5k
入ら,top-5k
決議,top-5k
地位,top-5k
進歩,top-5k
完了,top-5k
追求,top-5k
和,top-5k
欄,top-5k
カ月,top-5k
こん,top-5k
燃料,top-5k
悩ん,top-5k
ご存知,top-5k
載せ,top-5k
排除,top-5k
解除,top-5k
ポスト,top-5k
加入,top-5k
側面,top-5k
無かっ,top-5k
開設,top-5k
在庫,top-5k
離婚,top-5k
回収,top-5k
っけ,top-5k
あちこち,top-5k
ドライブ,top-5k
鏡,top-5k
当該,top-5k
移転,top-5k
全般,top-5k
ウイルス,top-5k
全面,top-5k
非難,top-5k
修理,top-5k
集合,top-5k
考えれ,top-5k
興味深い,top-5k
面白,top-5k
音声,top-5k
赤い,top-5k
施行,top-5k
向い,top-5k
共に,top-5k
カウンター,top-5k
文明,top-5k
見かけ,top-5k
流行,top-5k
ジャパン,top-5k
美術,top-5k
三つ,top-5k
不良,top-5k
田,top-5k
変動,top-5k
都道府県,top-5k
名誉,top-5k
ちょっとした,top-5k
逆に,top-5k
ケーキ,top-5k
受講,top-5k
商店,top-5k
プレイ,top-5k
過ぎる,top-5k
伝説,top-5k
遠い,top-5k
ぅ,top-5k
関わる,top-5k
言,top-5k
堂,top-5k
ょ,top-5k
マイクロソフト,top-5k
再開,top-5k
狭い,top-5k
休憩,top-5k
松本,top-5k
階級,top-5k
公的,top-5k
無し,top-5k
江戸,top-5k
キャリア,top-5k
転職,top-5k
ライト,top-5k
先進,top-5k
走り,top-5k
農家,top-5k
遺伝子,top-5k
総務,top-5k
雲,top-5k
税込,top-5k
油,top-5k
ないし,top-5k
あくまでも,top-5k
アプローチ,top-5k
ワールド,top-5k
お父さん,top-5k
小林,top-5k
広がっ,top-5k
太,top-5k
辛い,top-5k
デビュー,top-5k
紛争,top-5k
もたらす,top-5k
ステップ,top-5k
決意,top-5k
オン,top-5k
なれる,top-5k
一杯,top-5k
移民,top-5k
ローマ,top-5k
ロード,top-5k
ザ,top-5k
プロフィール,top-5k
毎週,top-5k
ダンス,top-5k
伊藤,top-5k
被,top-5k
階段,top-5k
損,top-5k
施策,top-5k
甘い,top-5k
渋谷,top-5k
育児,top-5k
男子,top-5k
ボク,top-5k
学部,top-5k
懸念,top-5k
買収,top-5k
不幸,top-5k
知恵,top-5k
快適,top-5k
まち,top-5k
柱,top-5k
ファッション,top-5k
パパ,top-5k
畑,top-5k
軸,top-5k
新しく,top-5k
行事,top-5k
うーん,top-5k
金曜日,top-5k
サイン,top-5k
考察,top-5k
引い,top-5k
高め,top-5k
リズム,top-5k
ドメイン,top-5k
体調,top-5k
手数料,top-5k
例外,top-5k
兵器,top-5k
弱,top-5k
眼,top-5k
知り合い,top-5k
中止,top-5k
債権,top-5k
主婦,top-5k
証,top-5k
賠償,top-5k
融資,top-5k
カップ,top-5k
奥さん,top-5k
発射,top-5k
理念,top-5k
公正,top-5k
マネジメント,top-5k
給料,top-5k
ほんと,top-5k
言い方,top-5k
マイル,top-5k
参り,top-5k
前日,top-5k
焼き,top-5k
洗濯,top-5k
暇,top-5k
直し,top-5k
晴れ,top-5k
アイテム,top-5k
よろしい,top-5k
商売,top-5k
グローバル,top-5k
暑い,top-5k
恐らく,top-5k
科目,top-5k
短期,top-5k
連,top-5k
特性,top-5k
面白かっ,top-5k
復帰,top-5k
付近,top-5k
廃棄,top-5k
門,top-5k
素人,top-5k
申し込み,top-5k
犯人,top-5k
なろ,top-5k
盤,top-5k
北京,top-5k
がら,top-5k
永遠,top-5k
ブーム,top-5k
念,top-5k
疑い,top-5k
尊重,top-5k
ブルー,top-5k
古代,top-5k
帝国,top-5k
冒頭,top-5k
つながっ,top-5k
遅い,top-5k
至っ,top-5k
マスター,top-5k
郵政,top-5k
体重,top-5k
おけ,top-5k
切り,top-5k
随分,top-5k
本件,top-5k
有,top-5k
通貨,top-5k
木村,top-5k
動画,top-5k
見せる,top-5k
バブル,top-5k
龍,top-5k
明るい,top-5k
ルート,top-5k
かり,top-5k
上海,top-5k
経っ,top-5k
財,top-5k
祭り,top-5k
人工,top-5k
適正,top-5k
気温,top-5k
扱う,top-5k
新潟,top-5k
エン,top-5k
抗議,top-5k
パフォーマンス,top-5k
広場,top-5k
台風,top-5k
話し合い,top-5k
徐々に,top-5k
受付,top-5k
苦笑,top-5k
ショッピング,top-5k
育っ,top-5k
ダム,top-5k
生涯,top-5k
自覚,top-5k
妙,top-5k
聴く,top-5k
きっ,top-5k
茲,top-5k
楽し,top-5k
比率,top-5k
拉致,top-5k
上映,top-5k
ジャズ,top-5k
答える,top-5k
仏,top-5k
再度,top-5k
可愛い,top-5k
観測,top-5k
ミニ,top-5k
純粋,top-5k
兄,top-5k
拍手,top-5k
生まれる,top-5k
要件,top-5k
赤ちゃん,top-5k
売る,top-5k
どころ,top-5k
札幌,top-5k
爆,top-5k
あわせ,top-5k
数値,top-5k
基,top-5k
鼻,top-5k
保守,top-5k
どおり,top-5k
ヨ,top-5k
覚悟,top-5k
にわたって,top-5k
寝る,top-5k
生き方,top-5k
お腹,top-5k
財源,top-5k
書け,top-5k
れれ,top-5k
吉田,top-5k
オーナー,top-5k
駄目,top-5k
優しい,top-5k
経緯,top-5k
后,top-5k
支出,top-5k
まさか,top-5k
鬼,top-5k
べ,top-5k
対話,top-5k
ジャ,top-5k
たん,top-5k
入り口,top-5k
残さ,top-5k
長年,top-5k
毎回,top-5k
会談,top-5k
信号,top-5k
ソニー,top-5k
返信,top-5k
監査,top-5k
借金,top-5k
クライアント,top-5k
タバコ,top-5k
選択肢,top-5k
広報,top-5k
エントリー,top-5k
ティー,top-5k
過剰,top-5k
おめでとう,top-5k
谷,top-5k
商業,top-5k
極端,top-5k
イラン,top-5k
だらけ,top-5k
気味,top-5k
たっぷり,top-5k
大半,top-5k
社内,top-5k
コレ,top-5k
旦那,top-5k
起きる,top-5k
失わ,top-5k
調達,top-5k
辞典,top-5k
正義,top-5k
ペット,top-5k
世帯,top-5k
完璧,top-5k
上がり,top-5k
そうそう,top-5k
審判,top-5k
大戦,top-5k
教材,top-5k
送ら,top-5k
後に,top-5k
阪神,top-5k
祈り,top-5k
上手く,top-5k
外務省,top-5k
スキー,top-5k
見つける,top-5k
ヒト,top-5k
制定,top-5k
才能,top-5k
発明,top-5k
そのうち,top-5k
振り,top-5k
ノー,top-5k
幸福,top-5k
通知,top-5k
汚染,top-5k
そりゃ,top-5k
体力,top-5k
クリア,top-5k
耐え,top-5k
邪魔,top-5k
冷静,top-5k
血液,top-5k
ゆう,top-5k
サラリーマン,top-5k
地上,top-5k
落ち着い,top-5k
比べる,top-5k
通勤,top-5k
反論,top-5k
キャンプ,top-5k
当て,top-5k
気軽,top-5k
コンビニ,top-5k
オリンピック,top-5k
高める,top-5k
人格,top-5k
正常,top-5k
有り,top-5k
独特,top-5k
意欲,top-5k
向き,top-5k
パーティ,top-5k
語り,top-5k
開放,top-5k
中国人,top-5k
面積,top-5k
打っ,top-5k
熱心,top-5k
聴き,top-5k
早,top-5k
オプション,top-5k
原子力,top-5k
サーバ,top-5k
分離,top-5k
呼吸,top-5k
段,top-5k
日程,top-5k
最悪,top-5k
友,top-5k
数多く,top-5k
さあ,top-5k
演技,top-5k
ポール,top-5k
いらっしゃい,top-5k
放置,top-5k
我,top-5k
やっぱ,top-5k
イヤ,top-5k
保健,top-5k
伝わっ,top-5k
改良,top-5k
執筆,top-5k
集会,top-5k
なんとも,top-5k
店員,top-5k
毎月,top-5k
男の子,top-5k
開示,top-5k
アクション,top-5k
診療,top-5k
たしかに,top-5k
進み,top-5k
悪化,top-5k
両者,top-5k
返し,top-5k
フィルム,top-5k
拡張,top-5k
みな,top-5k
在住,top-5k
ピン,top-5k
面白く,top-5k
動か,top-5k
選,top-5k
幼稚園,top-5k
目次,top-5k
看板,top-5k
ほ,top-5k
仏教,top-5k
セックス,top-5k
引退,top-5k
名称,top-5k
上位,top-5k
姉,top-5k
無線,top-5k
路,top-5k
近年,top-5k
山田,top-5k
幾つ,top-5k
文献,top-5k
いつか,top-5k
珍しい,top-5k
不要,top-5k
並べ,top-5k
果たして,top-5k
かっ,top-5k
椅子,top-5k
就任,top-5k
有利,top-5k
出現,top-5k
おじさん,top-5k
感心,top-5k
流れる,top-5k
回り,top-5k
連中,top-5k
隠し,top-5k
投げ,top-5k
庁,top-5k
打ち,top-5k
心から,top-5k
魔法,top-5k
渡し,top-5k
網,top-5k
出産,top-5k
家具,top-5k
集まり,top-5k
課税,top-5k
関東,top-5k
しよう,top-5k
中田,top-5k
Ｗ杯,top-5k
イスラム,top-5k
楽しめる,top-5k
業績,top-5k
スイス,top-5k
車両,top-5k
亡くなっ,top-5k
当たる,top-5k
低く,top-5k
錣,top-5k
不可欠,top-5k
関与,top-5k
月曜日,top-5k
神奈川,top-5k
役立つ,top-5k
当たっ,top-5k
プレイヤー,top-5k
中学生,top-5k
筋肉,top-5k
アパート,top-5k
サイ,top-5k
西洋,top-5k
広げ,top-5k
満ち,top-5k
殺さ,top-5k
傷,top-5k
まして,top-5k
厳しく,top-5k
九州,top-5k
霊,top-5k
同時,top-5k
真面目,top-5k
スタジオ,top-5k
思わず,top-5k
じゃん,top-5k
黒い,top-5k
学科,top-5k
ブロック,top-5k
衛生,top-5k
渡辺,top-5k
中学校,top-5k
大勢,top-5k
ゲスト,top-5k
まとも,top-5k
債務,top-5k
同僚,top-5k
ッ,top-5k
起こり,top-5k
コム,top-5k
めぐる,top-5k
乗せ,top-5k
愛情,top-5k
バラ,top-5k
壊れ,top-5k
余計,top-5k
エピソード,top-5k
泣い,top-5k
起動,top-5k
一見,top-5k
ワタ,top-5k
生じる,top-5k
電源,top-5k
ひたすら,top-5k
日銀,top-5k
少数,top-5k
プレ,top-5k
署名,top-5k
アリ,top-5k
任せ,top-5k
回避,top-5k
古,top-5k
金持ち,top-5k
弁当,top-5k
センス,top-5k
興奮,top-5k
たて,top-5k
格好,top-5k
ペース,top-5k
平等,top-5k
イ,top-5k
打ち合わせ,top-5k
パスワード,top-5k
ベンチャー,top-5k
ほんとに,top-5k
決断,top-5k
通し,top-5k
対抗,top-5k
球,top-5k
行使,top-5k
抑制,top-5k
インドネシア,top-5k
きり,top-5k
占い,top-5k
踊り,top-5k
該当,top-5k
認知,top-5k
一連,top-5k
関わら,top-5k
衛星,top-5k
要,top-5k
表し,top-5k
証人,top-5k
今や,top-5k
願っ,top-5k
虫,top-5k
チャレンジ,top-5k
テープ,top-5k
夏休み,top-5k
通過,top-5k
付き合い,top-5k
現金,top-5k
平,top-5k
他者,top-5k
エッセイ,top-5k
経由,top-5k
パーティー,top-5k
レイ,top-5k
透明,top-5k
支部,top-5k
脅威,top-5k
つた,top-5k
デスク,top-5k
自社,top-5k
にゃ,top-5k
児,top-5k
ばっ,top-5k
熱い,top-5k
一層,top-5k
親子,top-5k
期限,top-5k
新鮮,top-5k
農民,top-5k
かん,top-5k
違和感,top-5k
輪,top-5k
やる気,top-5k
買わ,top-5k
警告,top-5k
鉄,top-5k
宿,top-5k
地下鉄,top-5k
抜き,top-5k
呼び,top-5k
軽い,top-5k
通訳,top-5k
世論,top-5k
下がっ,top-5k
想い,top-5k
意,top-5k
守っ,top-5k
送り,top-5k
尋ね,top-5k
指数,top-5k
パッケージ,top-5k
野,top-5k
問い,top-5k
近づい,top-5k
おこ,top-5k
楽しかっ,top-5k
出せ,top-5k
ぴ,top-5k
机,top-5k
了承,top-5k
以後,top-5k
吸収,top-5k
お待ち,top-5k
柄,top-5k
数々,top-5k
収穫,top-5k
置き,top-5k
プール,top-5k
捉え,top-5k
自,top-5k
ですが,top-5k
上場,top-5k
肉体,top-5k
機種,top-5k
奇跡,top-5k
投入,top-5k
一貫,top-5k
勝つ,top-5k
俳優,top-5k
信じる,top-5k
先頭,top-5k
のんびり,top-5k
パートナー,top-5k
パート,top-5k
協,top-5k
背中,top-5k
次元,top-5k
ルーム,top-5k
化粧,top-5k
皮,top-5k
入,top-5k
商,top-5k
ついでに,top-5k
いかなる,top-5k
異,top-5k
物事,top-5k
装備,top-5k
山口,top-5k
楽天,top-5k
速,top-5k
毛,top-5k
トーク,top-5k
だいぶ,top-5k
過ごす,top-5k
語ら,top-5k
故,top-5k
テクノロジー,top-5k
同盟,top-5k
扉,top-5k
玄関,top-5k
許し,top-5k
兵士,top-5k
ドン,top-5k
委託,top-5k
泣き,top-5k
閲覧,top-5k
僕ら,top-5k
等々,top-5k
昼食,top-5k
激しく,top-5k
光景,top-5k
カン,top-5k
救済,top-5k
カテゴリ,top-5k
入場,top-5k
記入,top-5k
タン,top-5k
望む,top-5k
参拝,top-5k
補償,top-5k
国籍,top-5k
絵本,top-5k
共感,top-5k
び,top-5k
居る,top-5k
日曜,top-5k
この世,top-5k
何人,top-5k
占め,top-5k
ありがたい,top-5k
アルバイト,top-5k
国境,top-5k
回し,top-5k
異なっ,top-5k
工学,top-5k
住まい,top-5k
手元,top-5k
ケア,top-5k
しまえ,top-5k
芸能,top-5k
およそ,top-5k
そちら,top-5k
典型,top-5k
双方,top-5k
マジ,top-5k
ともに,top-5k
後者,top-5k
観戦,top-5k
在日,top-5k
静岡,top-5k
養成,top-5k
現役,top-5k
沖,top-5k
再現,top-5k
心臓,top-5k
えっ,top-5k
占める,top-5k
尊敬,top-5k
難しく,top-5k
女優,top-5k
ホワイト,top-5k
お話し,top-5k
武,top-5k
宮崎,top-5k
権威,top-5k
メールアドレス,top-5k
テクニック,top-5k
保育,top-5k
掲げ,top-5k
センチ,top-5k
税制,top-5k
扱っ,top-5k
本社,top-5k
ラスト,top-5k
実用,top-5k
制約,top-5k
オブ,top-5k
演劇,top-5k
人種,top-5k
条例,top-5k
分かれ,top-5k
審,top-5k
判定,top-5k
有料,top-5k
瓦,top-5k
順位,top-5k
急速,top-5k
インフレ,top-5k
フォーラム,top-5k
可,top-5k
ヘッド,top-5k
詐欺,top-5k
朝食,top-5k
独占,top-5k
頼ん,top-5k
シナリオ,top-5k
輸送,top-5k
貸し,top-5k
高等,top-5k
推測,top-5k
払う,top-5k
天然,top-5k
込め,top-5k
下手,top-5k
知人,top-5k
頻繁,top-5k
っす,top-5k
思い出す,top-5k
間違え,top-5k
姫,top-5k
恐ろしい,top-5k
闇,top-5k
言及,top-5k
ぼ,top-5k
睡眠,top-5k
大学生,top-5k
提言,top-5k
釣り,top-5k
人形,top-5k
早め,top-5k
自慢,top-5k
鍋,top-5k
銀,top-5k
不当,top-5k
毎,top-5k
降っ,top-5k
展望,top-5k
グッズ,top-5k
郡,top-5k
どうせ,top-5k
国語,top-5k
職人,top-5k
焦点,top-5k
おまえ,top-5k
総額,top-5k
銃,top-5k
食料,top-5k
井上,top-5k
フォーム,top-5k
あんた,top-5k
略,top-5k
古典,top-5k
この辺,top-5k
テニス,top-5k
増大,top-5k
じっくり,top-5k
闘争,top-5k
そん,top-5k
タグ,top-5k
池田,top-5k
相対,top-5k
追記,top-5k
ざ,top-5k
当選,top-5k
日中,top-5k
ランチ,top-5k
特,top-5k
預金,top-5k
オタク,top-5k
キーボード,top-5k
アピール,top-5k
防ぐ,top-5k
金属,top-5k
かく,top-5k
買え,top-5k
評判,top-5k
有する,top-5k
演じ,top-5k
レッド,top-5k
共産党,top-5k
頑張り,top-5k
見つめ,top-5k
主演,top-5k
前年,top-5k
給付,top-5k
いかにも,top-5k
編成,top-5k
証言,top-5k
カップル,top-5k
誇り,top-5k
提起,top-5k
調べる,top-5k
実務,top-5k
提携,top-5k
損失,top-5k
早期,top-5k
ポジション,top-5k
手当,top-5k
埼玉,top-5k
暗い,top-5k
コーチ,top-5k
スコア,top-5k
栄養,top-5k
分割,top-5k
蕕,top-5k
判明,top-5k
健全,top-5k
半ば,top-5k
イラスト,top-5k
好,top-5k
持続,top-5k
結婚式,top-5k
異なり,top-5k
妥当,top-5k
弁護,top-5k
まっ,top-5k
ション,top-5k
之,top-5k
豆,top-5k
仲,top-5k
ケータイ,top-5k
宮,top-5k
鑑賞,top-5k
オペラ,top-5k
教,top-5k
メキシコ,top-5k
評論,top-5k
わが,top-5k
後で,top-5k
剣,top-5k
臨時,top-5k
含ん,top-5k
恵まれ,top-5k
拠点,top-5k
宿泊,top-5k
起こす,top-5k
旨,top-5k
ディスク,top-5k
狙っ,top-5k
繊維,top-5k
ボード,top-5k
会合,top-5k
ふたり,top-5k
見出し,top-5k
ジャーナリスト,top-5k
閉鎖,top-5k
論議,top-5k
お昼,top-5k
座長,top-5k
天才,top-5k
サンプル,top-5k
切る,top-5k
取り組む,top-5k
沿っ,top-5k
いざ,top-5k
オー,top-5k
動機,top-5k
抑え,top-5k
がん,top-5k
妄想,top-5k
せめて,top-5k
長野,top-5k
行なう,top-5k
こだわり,top-5k
堀江,top-5k
加盟,top-5k
スープ,top-5k
マップ,top-5k
倒れ,top-5k
帳,top-5k
美容,top-5k
晩,top-5k
キング,top-5k
草,top-5k
保全,top-5k
何処,top-5k
演説,top-5k
控え,top-5k
パネル,top-5k
衆議院,top-5k
中国語,top-5k
実情,top-5k
プレス,top-5k
増やし,top-5k
チャンネル,top-5k
空い,top-5k
文字数,top-5k
狙い,top-5k
兵,top-5k
行なっ,top-5k
飽き,top-5k
東大,top-5k
雑感,top-5k
元々,top-5k
抱い,top-5k
ブログランキング,top-5k
あぁ,top-5k
運転手,top-5k
辞め,top-5k
動かし,top-5k
フィールド,top-5k
匂い,top-5k
とりわけ,top-5k
タル,top-5k
徹底的,top-5k
もたらし,top-5k
明るく,top-5k
あれこれ,top-5k
仕掛け,top-5k
合い,top-5k
窓口,top-5k
清,top-5k
取り入れ,top-5k
背,top-5k
にあたって,top-5k
立法,top-5k
お菓子,top-5k
購読,top-5k
だら,top-5k
得点,top-5k
ペン,top-5k
真ん中,top-5k
否,top-5k
成分,top-5k
厚,top-5k
合わ,top-5k
ウェブ,top-5k
ものすごく,top-5k
国債,top-5k
コート,top-5k
推薦,top-5k
求人,top-5k
本文,top-5k
愛する,top-5k
手順,top-5k
お礼,top-5k
屋根,top-5k
ケーブル,top-5k
財務,top-5k
サー,top-5k
根,top-5k
薄い,top-5k
寺,top-5k
反発,top-5k
ヒント,top-5k
管,top-5k
届く,top-5k
端,top-5k
増し,top-5k
福井,top-5k
放映,top-5k
豚,top-5k
ブル,top-5k
支給,top-5k
プレーヤー,top-5k
あらかじめ,top-5k
遺産,top-5k
招待,top-5k
に従って,top-5k
第三者,top-5k
視線,top-5k
神話,top-5k
四月,top-5k
売り上げ,top-5k
予選,top-5k
解明,top-5k
収支,top-5k
なき,top-5k
ツッコミ,top-5k
スライド,top-5k
迎える,top-5k
望ん,top-5k
前向き,top-5k
グルメ,top-5k
今夜,top-5k
だからこそ,top-5k
乾燥,top-5k
適宜,top-5k
向かい,top-5k
活発,top-5k
いっしょ,top-5k
容量,top-5k
基金,top-5k
湖,top-5k
修行,top-5k
売却,top-5k
飛行,top-5k
とらえ,top-5k
警備,top-5k
サークル,top-5k
余地,top-5k
付ける,top-5k
膨大,top-5k
発送,top-5k
諦め,top-5k
不安定,top-5k
送料,top-5k
リード,top-5k
民事,top-5k
トップページ,top-5k
恥ずかしい,top-5k
渡っ,top-5k
潜在,top-5k
規格,top-5k
景色,top-5k
脇,top-5k
弊社,top-5k
配分,top-5k
さっそく,top-5k
避ける,top-5k
店長,top-5k
長崎,top-5k
国土,top-5k
ごめんなさい,top-5k
パック,top-5k
もち,top-5k
コンサルタント,top-5k
生かし,top-5k
擁護,top-5k
定める,top-5k
突破,top-5k
ルー,top-5k
終わら,top-5k
自動的,top-5k
都会,top-5k
ニュー,top-5k
なので,top-5k
歌う,top-5k
オブジェクト,top-5k
青い,top-5k
表す,top-5k
伸ばし,top-5k
仙台,top-5k
現れる,top-5k
豪華,top-5k
やたら,top-5k
繰り返す,top-5k
交代,top-5k
下落,top-5k
花火,top-5k
回数,top-5k
訂正,top-5k
ビックリ,top-5k
ブラック,top-5k
度目,top-5k
基づき,top-5k
ミーティング,top-5k
墓,top-5k
講習,top-5k
寄付,top-5k
マネージャー,top-5k
あきらめ,top-5k
先行,top-5k
表紙,top-5k
泉,top-5k
決まり,top-5k
冒険,top-5k
汚れ,top-5k
中継,top-5k
視覚,top-5k
保持,top-5k
コンセプト,top-5k
詰め,top-5k
工作,top-5k
関わっ,top-5k
地獄,top-5k
覆い,top-5k
フレーム,top-5k
大陸,top-5k
看護,top-5k
気がつい,top-5k
もうすぐ,top-5k
デジカメ,top-5k
がたい,top-5k
かわり,top-5k
ピーター,top-5k
控訴,top-5k
角度,top-5k
勘違い,top-5k
端末,top-5k
寒,top-5k
定着,top-5k
栽培,top-5k
必然,top-5k
ライセンス,top-5k
争い,top-5k
守り,top-5k
出力,top-5k
後悔,top-5k
指標,top-5k
見た目,top-5k
オークション,top-5k
隠れ,top-5k
脚本,top-5k
ランド,top-5k
順番,top-5k
応答,top-5k
望ましい,top-5k
疑惑,top-5k
語学,top-5k
育てる,top-5k
妊娠,top-5k
拘束,top-5k
クラシック,top-5k
録画,top-5k
残す,top-5k
ゆき,top-5k
改行,top-5k
愛知,top-5k
ベル,top-5k
ポー,top-5k
タウン,top-5k
記号,top-5k
鵑,top-5k
再建,top-5k
池,top-5k
奈良,top-5k
代替,top-5k
幼児,top-5k
電波,top-5k
転載,top-5k
たいてい,top-5k
フィリピン,top-5k
意外と,top-5k
接触,top-5k
生成,top-5k
時には,top-5k
トルコ,top-5k
大分,top-5k
新人,top-5k
表記,top-5k
情熱,top-5k
昨夜,top-5k
消し,top-5k
正解,top-5k
私的,top-5k
申込,top-5k
支える,top-5k
響き,top-5k
次第に,top-5k
殺害,top-5k
何だか,top-5k
カ国,top-5k
親切,top-5k
冗談,top-5k
気づか,top-5k
昼間,top-5k
バン,top-5k
絵画,top-5k
落ちる,top-5k
稽古,top-5k
対戦,top-5k
来日,top-5k
循環,top-5k
小型,top-5k
蓄積,top-5k
クロ,top-5k
オーディオ,top-5k
悪魔,top-5k
モー,top-5k
海岸,top-5k
視野,top-5k
天井,top-5k
戸,top-5k
与党,top-5k
縦,top-5k
通販,top-5k
中華,top-5k
トレード,top-5k
ウチ,top-5k
ワシントン,top-5k
治安,top-5k
認証,top-5k
広がり,top-5k
申告,top-5k
論点,top-5k
泊,top-5k
止まっ,top-5k
三月,top-5k
労働省,top-5k
触れる,top-5k
出荷,top-5k
ジョージ,top-5k
順調,top-5k
エジプト,top-5k
官房,top-5k
苦しみ,top-5k
レンタル,top-5k
観る,top-5k
ジーコ,top-5k
役に立つ,top-5k
広がる,top-5k
デザイナー,top-5k
貴方,top-5k
かえって,top-5k
まくっ,top-5k
おかしく,top-5k
広,top-5k
シン,top-5k
小売,top-5k
撤退,top-5k
補足,top-5k
並びに,top-5k
関数,top-5k
グリーン,top-5k
描き,top-5k
当面,top-5k
創設,top-5k
やりとり,top-5k
到達,top-5k
貧困,top-5k
笋,top-5k
勧告,top-5k
軍隊,top-5k
もしも,top-5k
死者,top-5k
アイドル,top-5k
健,top-5k
満載,top-5k
コト,top-5k
動かす,top-5k
鬚,top-5k
スポット,top-5k
寿司,top-5k
討論,top-5k
英会話,top-5k
グレード,top-5k
聞け,top-5k
放棄,top-5k
ごめん,top-5k
歌詞,top-5k
引き上げ,top-5k
プリント,top-5k
受け取っ,top-5k
手間,top-5k
いちばん,top-5k
究極,top-5k
組ん,top-5k
スーツ,top-5k
人民,top-5k
強烈,top-5k
シングル,top-5k
訪れる,top-5k
仮,top-5k
ア,top-5k
本番,top-5k
有る,top-5k
迅速,top-5k
体質,top-5k
正面,top-5k
地帯,top-5k
塔,top-5k
新幹線,top-5k
懐かしい,top-5k
売ら,top-5k
南部,top-5k
張っ,top-5k
天使,top-5k
ゲット,top-5k
ポルトガル,top-5k
チョコレート,top-5k
メモリ,top-5k
役所,top-5k
定価,top-5k
本屋,top-5k
描写,top-5k
橋本,top-5k
ポンド,top-5k
休暇,top-5k
深,top-5k
行方,top-5k
土産,top-5k
奇妙,top-5k
こいつ,top-5k
下さっ,top-5k
くださる,top-5k
減,top-5k
批評,top-5k
果たす,top-5k
美し,top-5k
羽,top-5k
論争,top-5k
徒歩,top-5k
あいだ,top-5k
図書,top-5k
披露,top-5k
コレクション,top-5k
関,top-5k
シェア,top-5k
ターゲット,top-5k
何故か,top-5k
植民,top-5k
忙しく,top-5k
何となく,top-5k
冷たい,top-5k
にもかかわらず,top-5k
オレンジ,top-5k
未満,top-5k
長男,top-5k
あて,top-5k
松,top-5k
気付い,top-5k
好評,top-5k
ライ,top-5k
ボーナス,top-5k
参入,top-5k
幻想,top-5k
した,top-5k
務め,top-5k
学年,top-5k
セッション,top-5k
侵略,top-5k
用品,top-5k
缶,top-5k
プライバシー,top-5k
砂,top-5k
李,top-5k
ポスター,top-5k
革新,top-5k
衝突,top-5k
匿名,top-5k
ヤツ,top-5k
全角,top-5k
トー,top-5k
フランス語,top-5k
おお,top-5k
偉大,top-5k
黙っ,top-5k
出資,top-5k
何より,top-5k
チップ,top-5k
覚える,top-5k
迷っ,top-5k
シュート,top-5k
拝見,top-5k
居住,top-5k
抽象,top-5k
著書,top-5k
孫,top-5k
集まる,top-5k
楽しめ,top-5k
スクリーン,top-5k
理,top-5k
マッチ,top-5k
逆転,top-5k
まえ,top-5k
諸君,top-5k
了解,top-5k
スイッチ,top-5k
ボックス,top-5k
クルマ,top-5k
共和,top-5k
喫煙,top-10k
復興,top-10k
統制,top-10k
幹事,top-10k
解散,top-10k
打つ,top-10k
ココ,top-10k
ランク,top-10k
蔵,top-10k
麺,top-10k
誘導,top-10k
文法,top-10k
秩序,top-10k
チベット,top-10k
除い,top-10k
書評,top-10k
重点,top-10k
軒,top-10k
しく,top-10k
悲劇,top-10k
怪我,top-10k
マウス,top-10k
単独,top-10k
即,top-10k
年末,top-10k
炎,top-10k
ジャンプ,top-10k
脂肪,top-10k
署,top-10k
ブラウザ,top-10k
縮小,top-10k
フェ,top-10k
占領,top-10k
枠組み,top-10k
研,top-10k
規約,top-10k
共,top-10k
テイ,top-10k
陽,top-10k
不法,top-10k
ダン,top-10k
探偵,top-10k
トロ,top-10k
樹,top-10k
農村,top-10k
進展,top-10k
創作,top-10k
日付,top-10k
ぽ,top-10k
かれ,top-10k
武装,top-10k
苦しい,top-10k
伺っ,top-10k
によりまして,top-10k
美しく,top-10k
婦人,top-10k
だい,top-10k
エル,top-10k
声明,top-10k
天国,top-10k
増やす,top-10k
ケン,top-10k
ライター,top-10k
仕上げ,top-10k
戦う,top-10k
美人,top-10k
とうとう,top-10k
運ん,top-10k
古く,top-10k
ロス,top-10k
竹,top-10k
皮膚,top-10k
初日,top-10k
こども,top-10k
憧れ,top-10k
マイケル,top-10k
ぎ,top-10k
どー,top-10k
ちょ,top-10k
お伝え,top-10k
平日,top-10k
氷,top-10k
魔,top-10k
まことに,top-10k
公社,top-10k
推定,top-10k
振動,top-10k
急い,top-10k
守ら,top-10k
リエ,top-10k
志,top-10k
金銭,top-10k
回路,top-10k
蓮,top-10k
由来,top-10k
孤独,top-10k
東北,top-10k
レンズ,top-10k
ステ,top-10k
ココログ,top-10k
ピンク,top-10k
トラ,top-10k
割引,top-10k
貼り,top-10k
インフルエンザ,top-10k
チーズ,top-10k
暗号,top-10k
共産,top-10k
ソウル,top-10k
策定,top-10k
述べる,top-10k
最中,top-10k
公平,top-10k
チャン,top-10k
訪ね,top-10k
溢れ,top-10k
尚,top-10k
アルコール,top-10k
謝罪,top-10k
沿い,top-10k
分間,top-10k
現時点,top-10k
助成,top-10k
衣装,top-10k
うどん,top-10k
単,top-10k
エラー,top-10k
改造,top-10k
インフラ,top-10k
國,top-10k
ひどく,top-10k
加速,top-10k
メジャー,top-10k
あそこ,top-10k
パーセント,top-10k
あう,top-10k
ポリシー,top-10k
盛ん,top-10k
介入,top-10k
戻し,top-10k
クール,top-10k
つらい,top-10k
皿,top-10k
新作,top-10k
引く,top-10k
途上,top-10k
アフィリエイト,top-10k
ぶっ,top-10k
直,top-10k
液晶,top-10k
欲望,top-10k
というのも,top-10k
区域,top-10k
破綻,top-10k
かかわる,top-10k
出会う,top-10k
スウェーデン,top-10k
鑑定,top-10k
マイク,top-10k
保管,top-10k
若手,top-10k
リサイクル,top-10k
何と,top-10k
ふさわしい,top-10k
パレスチナ,top-10k
無意識,top-10k
ペーパー,top-10k
いまだに,top-10k
聞こえる,top-10k
公害,top-10k
会館,top-10k
不十分,top-10k
スコットランド,top-10k
いよ,top-10k
映画館,top-10k
事柄,top-10k
とい,top-10k
ローカル,top-10k
異議,top-10k
法廷,top-10k
平気,top-10k
移住,top-10k
したがい,top-10k
処置,top-10k
留学生,top-10k
従事,top-10k
つくら,top-10k
分散,top-10k
敷地,top-10k
デバイス,top-10k
ドライバー,top-10k
分科,top-10k
とかいう,top-10k
発足,top-10k
しょうが,top-10k
モバイル,top-10k
棚,top-10k
関わり,top-10k
突入,top-10k
室内,top-10k
すみません,top-10k
外れ,top-10k
姉妹,top-10k
走行,top-10k
議事,top-10k
文部,top-10k
臨床,top-10k
歌手,top-10k
観念,top-10k
未だに,top-10k
電池,top-10k
くせ,top-10k
上下,top-10k
学術,top-10k
履歴,top-10k
解雇,top-10k
先月,top-10k
コール,top-10k
川崎,top-10k
伴い,top-10k
バレ,top-10k
インテリア,top-10k
マル,top-10k
爆弾,top-10k
家電,top-10k
店内,top-10k
下り,top-10k
周,top-10k
アレ,top-10k
同期,top-10k
言い訳,top-10k
移植,top-10k
ジャック,top-10k
いじめ,top-10k
セール,top-10k
施工,top-10k
仲良く,top-10k
自国,top-10k
収容,top-10k
理屈,top-10k
全身,top-10k
示唆,top-10k
率直,top-10k
わり,top-10k
萌え,top-10k
耐震,top-10k
駅前,top-10k
いったん,top-10k
報,top-10k
呼びかけ,top-10k
善,top-10k
伝,top-10k
職務,top-10k
商標,top-10k
絶望,top-10k
限っ,top-10k
食堂,top-10k
連休,top-10k
何とも,top-10k
稼ぐ,top-10k
マス,top-10k
イイ,top-10k
報じ,top-10k
入社,top-10k
予備,top-10k
売れる,top-10k
イングランド,top-10k
出勤,top-10k
グランド,top-10k
部会,top-10k
濃い,top-10k
警戒,top-10k
オーバー,top-10k
トヨタ,top-10k
イス,top-10k
返っ,top-10k
がる,top-10k
融合,top-10k
寂しい,top-10k
棒,top-10k
去っ,top-10k
お送り,top-10k
返済,top-10k
若,top-10k
浴び,top-10k
外務,top-10k
どうか,top-10k
省庁,top-10k
ぶ,top-10k
犯,top-10k
付属,top-10k
露,top-10k
除く,top-10k
芝居,top-10k
怒っ,top-10k
節約,top-10k
メイド,top-10k
値上げ,top-10k
またまた,top-10k
火曜日,top-10k
清水,top-10k
手前,top-10k
見込み,top-10k
ウソ,top-10k
欠け,top-10k
替え,top-10k
司会,top-10k
防衛庁,top-10k
湯,top-10k
ゼミ,top-10k
読める,top-10k
手作り,top-10k
いい加減,top-10k
惑星,top-10k
頂く,top-10k
合同,top-10k
岡田,top-10k
ウェブサイト,top-10k
かよう,top-10k
主導,top-10k
治,top-10k
ソロ,top-10k
部下,top-10k
公団,top-10k
臭い,top-10k
クロス,top-10k
習得,top-10k
高知,top-10k
直面,top-10k
アルゼンチン,top-10k
さくら,top-10k
用いる,top-10k
コミック,top-10k
談,top-10k
ギリシャ,top-10k
転送,top-10k
セリフ,top-10k
校長,top-10k
ボー,top-10k
華,top-10k
域,top-10k
届き,top-10k
検察,top-10k
見つから,top-10k
無限,top-10k
両国,top-10k
誤り,top-10k
農林,top-10k
スペシャル,top-10k
統治,top-10k
早朝,top-10k
純,top-10k
県内,top-10k
福島,top-10k
べし,top-10k
癒し,top-10k
史上,top-10k
背後,top-10k
間接,top-10k
尽くし,top-10k
明け,top-10k
トマト,top-10k
粉,top-10k
後日,top-10k
感性,top-10k
モニター,top-10k
囲ま,top-10k
省略,top-10k
受け入れる,top-10k
無効,top-10k
短く,top-10k
剛,top-10k
オイル,top-10k
王国,top-10k
バイ,top-10k
速報,top-10k
作れ,top-10k
代金,top-10k
郊外,top-10k
速い,top-10k
兇,top-10k
ネコ,top-10k
はいら,top-10k
そこそこ,top-10k
能,top-10k
彼等,top-10k
財団,top-10k
及ぶ,top-10k
使命,top-10k
五月,top-10k
叫ん,top-10k
戦前,top-10k
故障,top-10k
済む,top-10k
ポケット,top-10k
他方,top-10k
カッコ,top-10k
メカニズム,top-10k
答申,top-10k
撮り,top-10k
直ちに,top-10k
境界,top-10k
毒,top-10k
用途,top-10k
真理,top-10k
どこか,top-10k
食っ,top-10k
頼り,top-10k
要約,top-10k
石川,top-10k
王子,top-10k
ブラ,top-10k
アップル,top-10k
仮説,top-10k
宅,top-10k
さっぱり,top-10k
用紙,top-10k
キャンパス,top-10k
ゃ,top-10k
味方,top-10k
死に,top-10k
主役,top-10k
癖,top-10k
布,top-10k
国産,top-10k
一環,top-10k
勝て,top-10k
ついで,top-10k
英文,top-10k
類似,top-10k
努め,top-10k
軽減,top-10k
任務,top-10k
様式,top-10k
あっという間に,top-10k
ベン,top-10k
跡,top-10k
守備,top-10k
幕,top-10k
制裁,top-10k
在,top-10k
兵庫,top-10k
サウンド,top-10k
教養,top-10k
トム,top-10k
侵入,top-10k
にわたる,top-10k
迫っ,top-10k
予感,top-10k
盛り上がっ,top-10k
リア,top-10k
さい,top-10k
ユニット,top-10k
互いに,top-10k
的確,top-10k
雑貨,top-10k
肝心,top-10k
通る,top-10k
寄っ,top-10k
前進,top-10k
在り方,top-10k
閉じ,top-10k
フェア,top-10k
温暖,top-10k
予報,top-10k
浸透,top-10k
こころ,top-10k
近,top-10k
ミュージック,top-10k
警察官,top-10k
最高裁,top-10k
係,top-10k
払い,top-10k
利,top-10k
法制,top-10k
照明,top-10k
バックアップ,top-10k
キッチン,top-10k
調,top-10k
クリ,top-10k
クス,top-10k
通用,top-10k
振り返っ,top-10k
キャッシュ,top-10k
答,top-10k
あらためて,top-10k
付加,top-10k
木曜日,top-10k
推移,top-10k
やん,top-10k
京,top-10k
本音,top-10k
勤め,top-10k
回線,top-10k
スムーズ,top-10k
解,top-10k
色んな,top-10k
ばあちゃん,top-10k
最大限,top-10k
タッチ,top-10k
何事,top-10k
合,top-10k
信託,top-10k
調和,top-10k
要する,top-10k
悲しみ,top-10k
煙,top-10k
づけ,top-10k
担保,top-10k
ぴったり,top-10k
応え,top-10k
一月,top-10k
案件,top-10k
課程,top-10k
抜い,top-10k
バトン,top-10k
信,top-10k
地裁,top-10k
欠陥,top-10k
肯定,top-10k
問う,top-10k
有限,top-10k
キス,top-10k
発注,top-10k
に当たって,top-10k
あふれ,top-10k
業種,top-10k
森林,top-10k
牛乳,top-10k
決定的,top-10k
法令,top-10k
バイオ,top-10k
シンガポール,top-10k
その間,top-10k
ジュース,top-10k
ロング,top-10k
地点,top-10k
糸,top-10k
欲,top-10k
レシピ,top-10k
珍しく,top-10k
少子化,top-10k
インパクト,top-10k
独,top-10k
サブ,top-10k
着く,top-10k
ドット,top-10k
かたち,top-10k
気配,top-10k
さし,top-10k
枝,top-10k
参議院,top-10k
寮,top-10k
外資,top-10k
位置づけ,top-10k
巻き,top-10k
チョコ,top-10k
アイルランド,top-10k
ヘ,top-10k
なさっ,top-10k
インター,top-10k
適応,top-10k
云々,top-10k
分解,top-10k
気づき,top-10k
避難,top-10k
右手,top-10k
件数,top-10k
国鉄,top-10k
遊ぶ,top-10k
もったいない,top-10k
とう,top-10k
かぁ,top-10k
兼,top-10k
素,top-10k
奪わ,top-10k
によ,top-10k
岩,top-10k
演習,top-10k
漏れ,top-10k
危ない,top-10k
止める,top-10k
揃っ,top-10k
すっきり,top-10k
ずれ,top-10k
水曜日,top-10k
嬉しかっ,top-10k
プログラミング,top-10k
攻め,top-10k
ごはん,top-10k
アホ,top-10k
戦っ,top-10k
埋め,top-10k
中東,top-10k
支店,top-10k
身分,top-10k
農地,top-10k
コツ,top-10k
信者,top-10k
メンテナンス,top-10k
グラフ,top-10k
負荷,top-10k
ぺ,top-10k
克服,top-10k
なるべく,top-10k
ジム,top-10k
冷蔵庫,top-10k
銀座,top-10k
暮らす,top-10k
私立,top-10k
失う,top-10k
継承,top-10k
気候,top-10k
結成,top-10k
佐々木,top-10k
志向,top-10k
意向,top-10k
夫人,top-10k
指し,top-10k
ビジョン,top-10k
高まっ,top-10k
下がる,top-10k
重く,top-10k
立てる,top-10k
不況,top-10k
格,top-10k
階層,top-10k
バッグ,top-10k
青春,top-10k
か月,top-10k
弁,top-10k
持て,top-10k
都内,top-10k
づ,top-10k
スタジアム,top-10k
日頃,top-10k
講談社,top-10k
並ぶ,top-10k
食材,top-10k
仁,top-10k
豆腐,top-10k
遭遇,top-10k
靖国,top-10k
流出,top-10k
に対しまして,top-10k
公立,top-10k
サラダ,top-10k
決まる,top-10k
強度,top-10k
軽,top-10k
しかた,top-10k
最強,top-10k
なぜか,top-10k
改定,top-10k
ハン,top-10k
連盟,top-10k
見つかっ,top-10k
どれほど,top-10k
廚,top-10k
往復,top-10k
有力,top-10k
儲け,top-10k
昨今,top-10k
あっさり,top-10k
仮定,top-10k
割り,top-10k
膝,top-10k
シフト,top-10k
まずい,top-10k
ジダン,top-10k
オーダー,top-10k
ファミリー,top-10k
チェーン,top-10k
告白,top-10k
或いは,top-10k
指名,top-10k
ベルリン,top-10k
去る,top-10k
辞任,top-10k
嵐,top-10k
マッサージ,top-10k
安倍,top-10k
寿命,top-10k
パーク,top-10k
現に,top-10k
崩れ,top-10k
大国,top-10k
一旦,top-10k
奴隷,top-10k
癌,top-10k
貰っ,top-10k
変革,top-10k
貧しい,top-10k
怒ら,top-10k
取り出し,top-10k
故郷,top-10k
おしゃべり,top-10k
急激,top-10k
ラッキー,top-10k
地面,top-10k
住み,top-10k
残業,top-10k
告知,top-10k
大使,top-10k
媒体,top-10k
進学,top-10k
労,top-10k
じっと,top-10k
刊行,top-10k
感激,top-10k
但し,top-10k
プライベート,top-10k
嬢,top-10k
食糧,top-10k
砂糖,top-10k
っぱなし,top-10k
エロ,top-10k
原油,top-10k
役者,top-10k
弟子,top-10k
どうにも,top-10k
浮かん,top-10k
及ぼす,top-10k
ブリ,top-10k
取れる,top-10k
全力,top-10k
歌い,top-10k
引越し,top-10k
切り替え,top-10k
有し,top-10k
正規,top-10k
外側,top-10k
ラブ,top-10k
申,top-10k
ゲイ,top-10k
バックナンバー,top-10k
世話,top-10k
タイヤ,top-10k
エンジニア,top-10k
取り扱い,top-10k
申し上げる,top-10k
創業,top-10k
準,top-10k
贅沢,top-10k
つまらない,top-10k
警官,top-10k
チャート,top-10k
脚,top-10k
たしか,top-10k
新年,top-10k
坂,top-10k
アナ,top-10k
相続,top-10k
入国,top-10k
集める,top-10k
アイディア,top-10k
おもちゃ,top-10k
フード,top-10k
回る,top-10k
工程,top-10k
飛ぶ,top-10k
目立つ,top-10k
りん,top-10k
眠っ,top-10k
真似,top-10k
虐待,top-10k
丁目,top-10k
接し,top-10k
定員,top-10k
懇談,top-10k
消化,top-10k
ロン,top-10k
食い,top-10k
極,top-10k
激,top-10k
国々,top-10k
あつ,top-10k
カタログ,top-10k
秘書,top-10k
にくく,top-10k
加える,top-10k
鶏,top-10k
外し,top-10k
合唱,top-10k
のち,top-10k
鹿児島,top-10k
マクロ,top-10k
それと,top-10k
開幕,top-10k
優しく,top-10k
有機,top-10k
顧問,top-10k
サイエンス,top-10k
大使館,top-10k
揃え,top-10k
厚生省,top-10k
筈,top-10k
合成,top-10k
生み出す,top-10k
クラ,top-10k
投手,top-10k
隆,top-10k
貯金,top-10k
内側,top-10k
書き方,top-10k
悪かっ,top-10k
倉庫,top-10k
雑記,top-10k
穏やか,top-10k
放題,top-10k
ホスト,top-10k
死刑,top-10k
こなし,top-10k
サル,top-10k
さぁ,top-10k
遺跡,top-10k
前者,top-10k
シンポジウム,top-10k
セクション,top-10k
帽子,top-10k
支払う,top-10k
なくなる,top-10k
毎日新聞,top-10k
堂々,top-10k
手帳,top-10k
受け止め,top-10k
富,top-10k
認可,top-10k
大蔵省,top-10k
定,top-10k
調理,top-10k
ギャラリー,top-10k
かから,top-10k
なす,top-10k
欲求,top-10k
丘,top-10k
慌て,top-10k
正月,top-10k
カリフォルニア,top-10k
カレンダー,top-10k
大地,top-10k
進ま,top-10k
こんばんは,top-10k
怪しい,top-10k
選手権,top-10k
気づく,top-10k
かっこいい,top-10k
軌道,top-10k
防災,top-10k
シャツ,top-10k
嬉しく,top-10k
たろ,top-10k
戦術,top-10k
梅雨,top-10k
飲食,top-10k
セン,top-10k
見よ,top-10k
疾患,top-10k
飯,top-10k
接近,top-10k
コア,top-10k
文部省,top-10k
痛く,top-10k
ピーク,top-10k
小川,top-10k
独身,top-10k
吉,top-10k
巨人,top-10k
消滅,top-10k
阿,top-10k
解体,top-10k
先端,top-10k
やさしい,top-10k
配当,top-10k
曖昧,top-10k
両手,top-10k
藤田,top-10k
開ける,top-10k
在宅,top-10k
クロアチア,top-10k
もた,top-10k
一流,top-10k
スパイ,top-10k
むずかしい,top-10k
余,top-10k
論じ,top-10k
羊,top-10k
ドキドキ,top-10k
結合,top-10k
例え,top-10k
生き物,top-10k
控除,top-10k
傑作,top-10k
庶民,top-10k
救い,top-10k
実習,top-10k
後輩,top-10k
ボス,top-10k
複製,top-10k
コマンド,top-10k
分担,top-10k
反日,top-10k
えー,top-10k
漁業,top-10k
生み出し,top-10k
合わせる,top-10k
係る,top-10k
再会,top-10k
分権,top-10k
読売新聞,top-10k
画家,top-10k
学期,top-10k
細かく,top-10k
飲ま,top-10k
香,top-10k
ラップ,top-10k
うっ,top-10k
ショウ,top-10k
まくり,top-10k
チラシ,top-10k
財布,top-10k
被災,top-10k
最低限,top-10k
幅広い,top-10k
目撃,top-10k
訴える,top-10k
出かける,top-10k
幸運,top-10k
任意,top-10k
テン,top-10k
グラス,top-10k
伴っ,top-10k
受け取る,top-10k
イカ,top-10k
とく,top-10k
六月,top-10k
獣,top-10k
誠,top-10k
師匠,top-10k
早々,top-10k
中川,top-10k
生存,top-10k
デート,top-10k
周波数,top-10k
熱く,top-10k
人員,top-10k
斎藤,top-10k
黒人,top-10k
地理,top-10k
すみ,top-10k
計量,top-10k
甘,top-10k
ミュージシャン,top-10k
暑,top-10k
叫び,top-10k
就業,top-10k
朝刊,top-10k
陥っ,top-10k
スポンサー,top-10k
遺族,top-10k
海洋,top-10k
開業,top-10k
ならでは,top-10k
普遍,top-10k
誤っ,top-10k
こりゃ,top-10k
家事,top-10k
各社,top-10k
定年,top-10k
姉さん,top-10k
ソリューション,top-10k
オヤジ,top-10k
東京大学,top-10k
につい,top-10k
フロー,top-10k
揺れ,top-10k
いつの間にか,top-10k
つづけ,top-10k
海軍,top-10k
不快,top-10k
賃貸,top-10k
解答,top-10k
点検,top-10k
シティ,top-10k
伝達,top-10k
信念,top-10k
ポート,top-10k
どなた,top-10k
願う,top-10k
未だ,top-10k
宗,top-10k
死体,top-10k
一郎,top-10k
レート,top-10k
引っ越し,top-10k
ファースト,top-10k
お手伝い,top-10k
殺す,top-10k
おば,top-10k
外出,top-10k
インチ,top-10k
親父,top-10k
排出,top-10k
傘,top-10k
笑う,top-10k
高額,top-10k
遂行,top-10k
ナイフ,top-10k
スピーカー,top-10k
はっ,top-10k
暖かい,top-10k
牛肉,top-10k
印,top-10k
成人,top-10k
マナー,top-10k
新書,top-10k
きい,top-10k
追っ,top-10k
入札,top-10k
学園,top-10k
造り,top-10k
実装,top-10k
サポーター,top-10k
決済,top-10k
マネー,top-10k
特典,top-10k
班,top-10k
カラオケ,top-10k
建,top-10k
儀式,top-10k
デル,top-10k
ハート,top-10k
エントリ,top-10k
実証,top-10k
針,top-10k
辻,top-10k
曲目,top-10k
二度と,top-10k
キレイ,top-10k
加わっ,top-10k
自衛,top-10k
済ませ,top-10k
也,top-10k
ガソリン,top-10k
保つ,top-10k
速く,top-10k
新刊,top-10k
世界一,top-10k
はね,top-10k
固有,top-10k
リソース,top-10k
熊本,top-10k
のっ,top-10k
フレーズ,top-10k
アカデミー,top-10k
董,top-10k
有無,top-10k
中野,top-10k
沈黙,top-10k
大気,top-10k
おばさん,top-10k
中略,top-10k
工房,top-10k
予告,top-10k
ビザ,top-10k
石原,top-10k
難民,top-10k
チン,top-10k
幾ら,top-10k
属性,top-10k
倒産,top-10k
渋滞,top-10k
地味,top-10k
減らす,top-10k
闘い,top-10k
打ち上げ,top-10k
きめ,top-10k
ダブル,top-10k
稼ぎ,top-10k
図面,top-10k
先物,top-10k
抜粋,top-10k
ものすごい,top-10k
収め,top-10k
消防,top-10k
起訴,top-10k
検出,top-10k
４つ,top-10k
ユニーク,top-10k
多々,top-10k
限度,top-10k
ダメージ,top-10k
左手,top-10k
欠点,top-10k
宜しく,top-10k
水道,top-10k
要は,top-10k
検定,top-10k
返す,top-10k
行ける,top-10k
陰,top-10k
北部,top-10k
としまして,top-10k
柔軟,top-10k
台詞,top-10k
ねこ,top-10k
何ら,top-10k
ショット,top-10k
アーカイブ,top-10k
明記,top-10k
愛さ,top-10k
学力,top-10k
ぶん,top-10k
ヵ月,top-10k
まさしく,top-10k
東洋,top-10k
分子,top-10k
計測,top-10k
植え,top-10k
マニア,top-10k
親戚,top-10k
告発,top-10k
あけ,top-10k
宿題,top-10k
追及,top-10k
郎,top-10k
牧師,top-10k
押す,top-10k
青木,top-10k
もしかして,top-10k
対照,top-10k
一家,top-10k
すか,top-10k
体育,top-10k
結ぶ,top-10k
流さ,top-10k
疲労,top-10k
シャワー,top-10k
貴族,top-10k
精度,top-10k
フロント,top-10k
特例,top-10k
前述,top-10k
やす,top-10k
夫妻,top-10k
頼む,top-10k
よほど,top-10k
直す,top-10k
中途半端,top-10k
ロール,top-10k
岐阜,top-10k
ライバル,top-10k
固め,top-10k
バックトラック,top-10k
あいつ,top-10k
追わ,top-10k
ジャー,top-10k
福,top-10k
反射,top-10k
福田,top-10k
減る,top-10k
中立,top-10k
原料,top-10k
曰く,top-10k
相違,top-10k
大抵,top-10k
特有,top-10k
山形,top-10k
ドキュメント,top-10k
あがっ,top-10k
苦痛,top-10k
電,top-10k
改訂,top-10k
ついつい,top-10k
付き合っ,top-10k
脱出,top-10k
アナログ,top-10k
指針,top-10k
防犯,top-10k
フジテレビ,top-10k
望み,top-10k
ビン,top-10k
友だち,top-10k
主流,top-10k
まとめる,top-10k
しら,top-10k
この間,top-10k
テンポ,top-10k
割れ,top-10k
犯し,top-10k
全米,top-10k
上級,top-10k
徳,top-10k
お薦め,top-10k
刑務所,top-10k
まじめ,top-10k
指す,top-10k
技能,top-10k
クレジットカード,top-10k
出口,top-10k
カネ,top-10k
次世代,top-10k
専攻,top-10k
欲しかっ,top-10k
尻,top-10k
オーケストラ,top-10k
振っ,top-10k
あんなに,top-10k
リラックス,top-10k
デフレ,top-10k
貧乏,top-10k
ギャップ,top-10k
構え,top-10k
すこし,top-10k
太平洋,top-10k
越し,top-10k
山崎,top-10k
刊,top-10k
下げる,top-10k
進,top-10k
婦,top-10k
ドイツ語,top-10k
舌,top-10k
リフォーム,top-10k
ふえ,top-10k
賢治,top-10k
ファー,top-10k
厳密,top-10k
ハリウッド,top-10k
一斉,top-10k
ボディ,top-10k
だす,top-10k
クマ,top-10k
県民,top-10k
ときどき,top-10k
きっちり,top-10k
パーツ,top-10k
ファンタジー,top-10k
区分,top-10k
乗り越え,top-10k
かぎり,top-10k
セル,top-10k
演じる,top-10k
トレンド,top-10k
司令,top-10k
分裂,top-10k
日本国,top-10k
旗,top-10k
鎌倉,top-10k
気楽,top-10k
捨てる,top-10k
白人,top-10k
アンテナ,top-10k
コンサルティング,top-10k
経理,top-10k
徴収,top-10k
騒ぎ,top-10k
岡山,top-10k
具,top-10k
共謀,top-10k
利害,top-10k
東南アジア,top-10k
適し,top-10k
所長,top-10k
通じる,top-10k
あいさつ,top-10k
レン,top-10k
スタンド,top-10k
汁,top-10k
重量,top-10k
放っ,top-10k
道徳,top-10k
一つ一つ,top-10k
マリア,top-10k
思い切っ,top-10k
買える,top-10k
再編,top-10k
中年,top-10k
生地,top-10k
カ所,top-10k
ロケット,top-10k
喧嘩,top-10k
コマ,top-10k
リアルタイム,top-10k
派手,top-10k
対決,top-10k
フォト,top-10k
店頭,top-10k
大都市,top-10k
黄色,top-10k
還元,top-10k
あき,top-10k
こい,top-10k
撮る,top-10k
っ子,top-10k
味わい,top-10k
入試,top-10k
洋,top-10k
ワークショップ,top-10k
まとまっ,top-10k
告げ,top-10k
首脳,top-10k
はまっ,top-10k
この頃,top-10k
貼っ,top-10k
案外,top-10k
痛,top-10k
博,top-10k
学級,top-10k
上回る,top-10k
海上,top-10k
苦情,top-10k
幼い,top-10k
バグ,top-10k
果て,top-10k
アマゾン,top-10k
エイズ,top-10k
同志,top-10k
ハー,top-10k
デー,top-10k
エンド,top-10k
工,top-10k
成熟,top-10k
フジ,top-10k
長時間,top-10k
女王,top-10k
欠か,top-10k
独裁,top-10k
系統,top-10k
嫁,top-10k
プロデューサー,top-10k
立,top-10k
分布,top-10k
動,top-10k
フェイス,top-10k
騒動,top-10k
妨害,top-10k
はじめまして,top-10k
禁煙,top-10k
そこら,top-10k
安易,top-10k
実体,top-10k
押さえ,top-10k
ブレーキ,top-10k
営利,top-10k
移し,top-10k
返還,top-10k
小屋,top-10k
日系,top-10k
ほら,top-10k
介,top-10k
タレント,top-10k
マルチ,top-10k
禁じ,top-10k
おまけ,top-10k
藤原,top-10k
モンゴル,top-10k
アラブ,top-10k
野党,top-10k
倶楽部,top-10k
譲渡,top-10k
（株）,top-10k
役人,top-10k
他社,top-10k
眠り,top-10k
難い,top-10k
亜,top-10k
高価,top-10k
云う,top-10k
売り場,top-10k
公益,top-10k
とんでもない,top-10k
スクリプト,top-10k
成,top-10k
どうにか,top-10k
そうして,top-10k
七月,top-10k
難,top-10k
全文,top-10k
ウィンドウ,top-10k
図っ,top-10k
ウェア,top-10k
住,top-10k
焼酎,top-10k
パンツ,top-10k
土曜,top-10k
反面,top-10k
イオン,top-10k
迫力,top-10k
僕たち,top-10k
脱,top-10k
フォント,top-10k
理性,top-10k
支払,top-10k
卒,top-10k
札,top-10k
有害,top-10k
方策,top-10k
クリスチャン,top-10k
菌,top-10k
乗客,top-10k
やめる,top-10k
幸,top-10k
布団,top-10k
片手,top-10k
イヤー,top-10k
スタンス,top-10k
座席,top-10k
形状,top-10k
松井,top-10k
ナンバー,top-10k
ログイン,top-10k
渡る,top-10k
推奨,top-10k
サイクル,top-10k
常,top-10k
ゲート,top-10k
主権,top-10k
瞳,top-10k
開拓,top-10k
取り付け,top-10k
右側,top-10k
メイク,top-10k
原点,top-10k
付く,top-10k
胃,top-10k
粒,top-10k
夜間,top-10k
並み,top-10k
確かめ,top-10k
ストップ,top-10k
年収,top-10k
きる,top-10k
偽造,top-10k
深め,top-10k
近づく,top-10k
出品,top-10k
今年度,top-10k
さる,top-10k
盛り上がり,top-10k
くれれ,top-10k
服装,top-10k
いち,top-10k
やって来,top-10k
焼い,top-10k
年寄り,top-10k
利点,top-10k
アップデート,top-10k
短縮,top-10k
貨幣,top-10k
大した,top-10k
中旬,top-10k
青山,top-10k
産地,top-10k
民衆,top-10k
うけ,top-10k
九月,top-10k
数え,top-10k
働か,top-10k
矢,top-10k
ビット,top-10k
偏見,top-10k
貴,top-10k
ヘン,top-10k
われ,top-10k
隠さ,top-10k
教訓,top-10k
坂本,top-10k
八月,top-10k
視察,top-10k
たけ,top-10k
主任,top-10k
越える,top-10k
担う,top-10k
リゾート,top-10k
悲惨,top-10k
翼,top-10k
ワクワク,top-10k
来月,top-10k
言論,top-10k
主題,top-10k
早急,top-10k
対談,top-10k
ベルト,top-10k
中断,top-10k
選定,top-10k
ムービー,top-10k
条項,top-10k
保育園,top-10k
張り,top-10k
やってくる,top-10k
診察,top-10k
福音,top-10k
東アジア,top-10k
マジック,top-10k
正体,top-10k
える,top-10k
原発,top-10k
キン,top-10k
自作,top-10k
欲しく,top-10k
眠れ,top-10k
テンション,top-10k
ダ,top-10k
流す,top-10k
土日,top-10k
偽装,top-10k
ジャケット,top-10k
デパート,top-10k
グーグル,top-10k
富山,top-10k
入会,top-10k
作り方,top-10k
不能,top-10k
のり,top-10k
レジ,top-10k
保,top-10k
もらわ,top-10k
育ち,top-10k
作ろ,top-10k
葬儀,top-10k
黄,top-10k
悩む,top-10k
アカウント,top-10k
起源,top-10k
振り返る,top-10k
しゃ,top-10k
国防,top-10k
系列,top-10k
礼拝,top-10k
夢中,top-10k
クレーム,top-10k
エコ,top-10k
ミッション,top-10k
本年,top-10k
アイコ,top-10k
複合,top-10k
リサーチ,top-10k
気象,top-10k
講じ,top-10k
摂取,top-10k
近藤,top-10k
火災,top-10k
やり取り,top-10k
裸,top-10k
オール,top-10k
ごみ,top-10k
和解,top-10k
トンネル,top-10k
二月,top-10k
そっち,top-10k
飛ばし,top-10k
打,top-10k
バッテリー,top-10k
咲い,top-10k
恐縮,top-10k
ノン,top-10k
そしたら,top-10k
おまけに,top-10k
タダ,top-10k
球団,top-10k
合宿,top-10k
褒め,top-10k
記し,top-10k
飛躍,top-10k
真相,top-10k
補正,top-10k
黄金,top-10k
目覚め,top-10k
ゾーン,top-10k
簡易,top-10k
同日,top-10k
居酒屋,top-10k
家賃,top-10k
忘れる,top-10k
片付け,top-10k
个,top-10k
キャスト,top-10k
三郎,top-10k
公衆,top-10k
脆弱,top-10k
規範,top-10k
ことし,top-10k
阻止,top-10k
ワケ,top-10k
ほっと,top-10k
ビーチ,top-10k
主として,top-10k
町村,top-10k
持ち主,top-10k
令,top-10k
ゆとり,top-10k
添付,top-10k
アメリカン,top-10k
花粉,top-10k
がた,top-10k
塗装,top-10k
子会社,top-10k
おっしゃい,top-10k
堪能,top-10k
存続,top-10k
国庫,top-10k
ボケ,top-10k
石井,top-10k
難し,top-10k
シミュレーション,top-10k
モテ,top-10k
採択,top-10k
識別,top-10k
中島,top-10k
負ける,top-10k
まる,top-10k
無断,top-10k
ボート,top-10k
恥,top-10k
減らし,top-10k
スケール,top-10k
不便,top-10k
込み,top-10k
拡充,top-10k
造,top-10k
英雄,top-10k
中山,top-10k
ビッグ,top-10k
ぢ,top-10k
歩行,top-10k
今まで,top-10k
ガイドライン,top-10k
積ん,top-10k
そっくり,top-10k
青少年,top-10k
広域,top-10k
優位,top-10k
名簿,top-10k
雄,top-10k
休ん,top-10k
ドレス,top-10k
小生,top-10k
行列,top-10k
スタンダード,top-10k
青森,top-10k
依然として,top-10k
五輪,top-10k
名刺,top-10k
麻薬,top-10k
配達,top-10k
バル,top-10k
ディスプレイ,top-10k
独り言,top-10k
よね,top-10k
和田,top-10k
せいぜい,top-10k
誠実,top-10k
良心,top-10k
頻度,top-10k
整え,top-10k
単行本,top-10k
会え,top-10k
ごらん,top-10k
連動,top-10k
払わ,top-10k
皮肉,top-10k
他国,top-10k
奉仕,top-10k
公認,top-10k
猿,top-10k
砂漠,top-10k
局面,top-10k
安保,top-10k
住居,top-10k
スロー,top-10k
わし,top-10k
是正,top-10k
月刊,top-10k
後期,top-10k
梅,top-10k
竜,top-10k
飛び出し,top-10k
イライラ,top-10k
土壌,top-10k
詩人,top-10k
バリ,top-10k
分配,top-10k
発し,top-10k
扱わ,top-10k
締結,top-10k
左翼,top-10k
抗,top-10k
エリート,top-10k
持参,top-10k
ブルース,top-10k
霧,top-10k
藤,top-10k
組み,top-10k
定番,top-10k
移っ,top-10k
構わ,top-10k
届か,top-10k
いくらでも,top-10k
ライヴ,top-10k
敬意,top-10k
修復,top-10k
手軽,top-10k
左側,top-10k
小野,top-10k
王様,top-10k
プレッシャー,top-10k
うた,top-10k
明白,top-10k
己,top-10k
ショート,top-10k
ふつう,top-10k
支障,top-10k
大胆,top-10k
罰,top-10k
エアコン,top-10k
除去,top-10k
展覧,top-10k
シカゴ,top-10k
納税,top-10k
ハンドル,top-10k
小遣い,top-10k
丁度,top-10k
ほん,top-10k
きちっと,top-10k
惹か,top-10k
からだ,top-10k
退屈,top-10k
大正,top-10k
遠慮,top-10k
義,top-10k
抱える,top-10k
助言,top-10k
圧縮,top-10k
小規模,top-10k
小沢,top-10k
覗い,top-10k
ゆったり,top-10k
ハム,top-10k
明示,top-10k
づらい,top-10k
復旧,top-10k
下旬,top-10k
いちいち,top-10k
司,top-10k
ペルー,top-10k
レット,top-10k
数量,top-10k
諮問,top-10k
野生,top-10k
薄く,top-10k
友好,top-10k
残高,top-10k
浮かぶ,top-10k
祖母,top-10k
最小限,top-10k
ハードウェア,top-10k
寄与,top-10k
素朴,top-10k
クリーム,top-10k
著しく,top-10k
踊る,top-10k
武力,top-10k
上限,top-10k
ドキュメンタリー,top-10k
ジャン,top-10k
ずる,top-10k
近隣,top-10k
不信,top-10k
書こ,top-10k
誇る,top-10k
運賃,top-10k
ポーランド,top-10k
ストレート,top-10k
ノリ,top-10k
すすめ,top-10k
要領,top-10k
トーナメント,top-10k
積み重ね,top-10k
新築,top-10k
発掘,top-10k
ソフトバンク,top-10k
茨城,top-10k
少,top-10k
仮想,top-10k
引き出し,top-10k
コンテスト,top-10k
馴染み,top-10k
ごとく,top-10k
結ん,top-10k
円滑,top-10k
どころか,top-10k
もらお,top-10k
てん,top-10k
直感,top-10k
カルチャー,top-10k
紫,top-10k
ホット,top-10k
属する,top-10k
佑,top-10k
過激,top-10k
秋田,top-10k
詰まっ,top-10k
忠実,top-10k
ばか,top-10k
娯楽,top-10k
読売,top-10k
彼氏,top-10k
ナイト,top-10k
伝わる,top-10k
相性,top-10k
パチンコ,top-10k
戻す,top-10k
変身,top-10k
飛び,top-10k
灯,top-10k
弘,top-10k
ベテラン,top-10k
大蔵,top-10k
生態,top-10k
債,top-10k
挿入,top-10k
コンクリート,top-10k
受注,top-10k
運ぶ,top-10k
阿部,top-10k
トータル,top-10k
不利,top-10k
協調,top-10k
酸,top-10k
模索,top-10k
サーチ,top-10k
巻き込ま,top-10k
遺伝,top-10k
反し,top-10k
照らし,top-10k
心がけ,top-10k
廊下,top-10k
ふり,top-10k
地方自治体,top-10k
句,top-10k
助ける,top-10k
内田,top-10k
国王,top-10k
手配,top-10k
をめぐって,top-10k
強引,top-10k
議決,top-10k
痛感,top-10k
短編,top-10k
出生,top-10k
一括,top-10k
スピーチ,top-10k
走ら,top-10k
爆笑,top-10k
刀,top-10k
お祈り,top-10k
石炭,top-10k
刑,top-10k
選出,top-10k
リクエスト,top-10k
天候,top-10k
浮気,top-10k
ニュージーランド,top-10k
看護婦,top-10k
におい,top-10k
従う,top-10k
すん,top-10k
駆使,top-10k
登山,top-10k
殿,top-10k
ヒーロー,top-10k
引き受け,top-10k
申し出,top-10k
歴,top-10k
かし,top-10k
打た,top-10k
落とす,top-10k
計上,top-10k
協同,top-10k
パンフレット,top-10k
選任,top-10k
合法,top-10k
いたる,top-10k
無償,top-10k
ステーション,top-10k
パッ,top-10k
送付,top-10k
握っ,top-10k
ル,top-10k
中世,top-10k
騒音,top-10k
モーツァルト,top-10k
隊員,top-10k
外来,top-10k
シャープ,top-10k
奥様,top-10k
仲裁,top-10k
紅茶,top-10k
キム,top-10k
参画,top-10k
井,top-10k
領土,top-10k
チャット,top-10k
棟,top-10k
四国,top-10k
神秘,top-10k
集約,top-10k
家計,top-10k
連想,top-10k
同行,top-10k
いささか,top-10k
岸,top-10k
減税,top-10k
パニック,top-10k
アレンジ,top-10k
妥協,top-10k
ビタミン,top-10k
検察官,top-10k
酸素,top-10k
ベンチ,top-10k
苦しん,top-10k
兄さん,top-10k
奨励,top-10k
祝,top-10k
テクニカル,top-10k
歯科,top-10k
すっ,top-10k
セント,top-10k
話しかけ,top-10k
ホルモン,top-10k
液,top-10k
陸上,top-10k
同級生,top-10k
肥料,top-10k
暗く,top-10k
逃げる,top-10k
抽選,top-10k
細い,top-10k
エレベーター,top-10k
起こさ,top-10k
氏名,top-10k
運び,top-10k
包ま,top-10k
親友,top-10k
通う,top-10k
直接的,top-10k
西部,top-10k
くり,top-10k
そうですね,top-10k
顕著,top-10k
移籍,top-10k
黒字,top-10k
ホッ,top-10k
丼,top-10k
絶対に,top-10k
フォーマット,top-10k
航空機,top-10k
込ん,top-10k
畳,top-10k
らん,top-10k
農薬,top-10k
受け付け,top-10k
コチ,top-10k
困り,top-10k
救う,top-10k
セールス,top-10k
靖国神社,top-10k
総括,top-10k
満たす,top-10k
軍人,top-10k
僅か,top-10k
設ける,top-10k
下がり,top-10k
雑談,top-10k
そうなると,top-10k
手伝っ,top-10k
無名,top-10k
国道,top-10k
弔,top-10k
性別,top-10k
好奇,top-10k
持てる,top-10k
ストック,top-10k
ロバート,top-10k
幻,top-10k
揚げ,top-10k
みずから,top-10k
まっすぐ,top-10k
気持,top-10k
みなさま,top-10k
通報,top-10k
にあたる,top-10k
迷い,top-10k
攻略,top-10k
虐殺,top-10k
渡り,top-10k
寒く,top-10k
止まら,top-10k
思いっきり,top-10k
適合,top-10k
一員,top-10k
核兵器,top-10k
うま,top-10k
生え,top-10k
水分,top-10k
周知,top-10k
お祭り,top-10k
洋服,top-10k
買お,top-10k
弾い,top-10k
性的,top-10k
皇帝,top-10k
組み立て,top-10k
発覚,top-10k
足元,top-10k
太田,top-10k
日誌,top-10k
みせ,top-10k
外見,top-10k
余談,top-10k
ウェイ,top-10k
目安,top-10k
滝,top-10k
頼ま,top-10k
はて,top-10k
すけ,top-10k
デザート,top-10k
知性,top-10k
敏感,top-10k
負う,top-10k
薬物,top-10k
醤油,top-10k
ミリ,top-10k
来年度,top-10k
乳,top-10k
ぜんぜん,top-10k
品目,top-10k
わかん,top-10k
衝動,top-10k
総長,top-10k
トライ,top-10k
点数,top-10k
フィンランド,top-10k
収納,top-10k
主観,top-10k
岩手,top-10k
税率,top-10k
スカ,top-10k
西村,top-10k
今更,top-10k
喜ぶ,top-10k
ボン,top-10k
ナン,top-10k
題名,top-10k
部員,top-10k
豊,top-10k
無くなっ,top-10k
横断,top-10k
翌年,top-10k
担任,top-10k
立た,top-10k
容器,top-10k
死ね,top-10k
基調,top-10k
文脈,top-10k
無関係,top-10k
閣僚,top-10k
お陰,top-10k
活,top-10k
内面,top-10k
アイス,top-10k
たまっ,top-10k
めぐり,top-10k
許容,top-10k
選考,top-10k
さほど,top-10k
本能,top-10k
怖く,top-10k
宝,top-10k
失い,top-10k
生む,top-10k
繰り返さ,top-10k
燃え,top-10k
レンジ,top-10k
につれて,top-10k
渡す,top-10k
キャンセル,top-10k
将棋,top-10k
許す,top-10k
医薬品,top-10k
条文,top-10k
かわいそう,top-10k
なくっ,top-10k
合流,top-10k
開店,top-10k
亭,top-10k
仕入れ,top-10k
心地,top-10k
たいした,top-10k
競合,top-10k
干渉,top-10k
浩,top-10k
車内,top-10k
ニ,top-10k
将軍,top-10k
負傷,top-10k
卒業生,top-10k
ブース,top-10k
新着,top-10k
部署,top-10k
テロリスト,top-10k
原価,top-10k
飲み物,top-10k
商工,top-10k
熊,top-10k
きつい,top-10k
先ず,top-10k
任命,top-10k
お祝い,top-10k
喉,top-10k
祈る,top-10k
済ん,top-10k
路上,top-10k
上野,top-10k
震災,top-10k
通産省,top-10k
はぁ,top-10k
ライフスタイル,top-10k
長女,top-10k
リニューアル,top-10k
労使,top-10k
大和,top-10k
彫刻,top-10k
どっか,top-10k
品物,top-10k
添え,top-10k
受け取り,top-10k
商法,top-10k
職種,top-10k
ガル,top-10k
フォルダ,top-10k
航海,top-10k
クイズ,top-10k
作れる,top-10k
弾圧,top-10k
山下,top-10k
カンボジア,top-10k
芸,top-10k
賛同,top-10k
景観,top-10k
津波,top-10k
カウンセリング,top-10k
短期間,top-10k
原子,top-10k
南北,top-10k
判,top-10k
予言,top-10k
繋がっ,top-10k
審理,top-10k
大声,top-10k
ウィーン,top-10k
ミルク,top-10k
実在,top-10k
輝き,top-10k
本田,top-10k
リストラ,top-10k
議題,top-10k
プラットフォーム,top-10k
六本木,top-10k
戦場,top-10k
景,top-10k
破産,top-10k
果物,top-10k
給食,top-10k
アンド,top-10k
輝い,top-10k
座り,top-10k
フェスティバル,top-10k
セイ,top-10k
喫茶店,top-10k
開会,top-10k
筆,top-10k
ミュージカル,top-10k
構図,top-10k
キャッチ,top-10k
防御,top-10k
単価,top-10k
襲わ,top-10k
亀,top-10k
出願,top-10k
ゴム,top-10k
引か,top-10k
高まる,top-10k
おしゃれ,top-10k
連日,top-10k
判ら,top-10k
外相,top-10k
身長,top-10k
運ば,top-10k
煮,top-10k
餌,top-10k
恒例,top-10k
合間,top-10k
名作,top-10k
うるさい,top-10k
トピック,top-10k
台所,top-10k
達する,top-10k
メガネ,top-10k
かの,top-10k
支払わ,top-10k
抽出,top-10k
初回,top-10k
永田,top-10k
敗戦,top-10k
密接,top-10k
刃,top-10k
涼,top-10k
流動,top-10k
水平,top-10k
抑える,top-10k
ロゴ,top-10k
っぽく,top-10k
作り上げ,top-10k
れよ,top-10k
コンパクト,top-10k
満,top-10k
リチャード,top-10k
法曹,top-10k
祝日,top-10k
よって,top-10k
効い,top-10k
無意味,top-10k
東西,top-10k
甘く,top-10k
新設,top-10k
に際して,top-10k
ジン,top-10k
土台,top-10k
着物,top-10k
何で,top-10k
制服,top-10k
名目,top-10k
カイ,top-10k
不在,top-10k
導く,top-10k
前田,top-10k
体内,top-10k
しん,top-10k
ケイ,top-10k
お湯,top-10k
いやいや,top-10k
国旗,top-10k
パスタ,top-10k
モール,top-10k
嫌わ,top-10k
擦,top-10k
頑張れ,top-10k
補給,top-10k
題材,top-10k
始末,top-10k
見かける,top-10k
たばこ,top-10k
デンマーク,top-10k
おはよう,top-10k
迫る,top-10k
祖父,top-10k
有難う,top-10k
比例,top-10k
覚め,top-10k
機動,top-10k
調節,top-10k
日本銀行,top-10k
歳出,top-10k
はずれ,top-10k
コ,top-10k
目立っ,top-10k
入荷,top-10k
艦,top-10k
ナウ,top-10k
願望,top-10k
一行,top-10k
ホームズ,top-10k
鋭い,top-10k
モジュール,top-10k
サミット,top-10k
はじめる,top-10k
理科,top-10k
ソング,top-10k
すいません,top-10k
別途,top-10k
官庁,top-10k
武士,top-10k
蕎麦,top-10k
サム,top-10k
芝,top-10k
フォロー,top-10k
同等,top-10k
混ぜ,top-10k
ストリート,top-10k
提唱,top-10k
メソッド,top-10k
ちがい,top-10k
無責任,top-10k
カトリック,top-10k
募金,top-10k
処,top-10k
瓩,top-10k
差し,top-10k
日刊,top-10k
入居,top-10k
他の,top-10k
市販,top-10k
銭,top-10k
アド,top-10k
成田,top-10k
助手,top-10k
従い,top-10k
ギリギリ,top-10k
パスポート,top-10k
モスクワ,top-10k
特権,top-10k
アレルギー,top-10k
ラウンド,top-10k
管轄,top-10k
少なかっ,top-10k
頑張る,top-10k
フォン,top-10k
拾っ,top-10k
政,top-10k
真に,top-10k
マラソン,top-10k
尾,top-10k
支払っ,top-10k
にわたり,top-10k
通い,top-10k
連帯,top-10k
らい,top-10k
招い,top-10k
不具合,top-10k
人件,top-10k
あまりの,top-10k
辛,top-10k
着実,top-10k
技法,top-10k
オフィシャル,top-10k
検,top-10k
時事,top-10k
プレゼン,top-10k
フライ,top-10k
やれる,top-10k
十月,top-10k
副作用,top-10k
戦士,top-10k
関節,top-10k
濃度,top-10k
中毒,top-10k
あたかも,top-10k
登校,top-10k
塗り,top-10k
社会党,top-10k
たか,top-10k
プレゼンテーション,top-10k
プライド,top-10k
飾っ,top-10k
味噌,top-10k
バナナ,top-10k
イチ,top-10k
不定期,top-10k
追跡,top-10k
並び,top-10k
延期,top-10k
旬,top-10k
ニート,top-10k
各自,top-10k
松田,top-10k
頂け,top-10k
お互いに,top-10k
繁栄,top-10k
ともあれ,top-10k
らしき,top-10k
促す,top-10k
蹐,top-10k
暴走,top-10k
ヤフー,top-10k
免疫,top-10k
ターン,top-10k
突っ込ん,top-10k
老,top-10k
着手,top-10k
新型,top-10k
割り当て,top-10k
中盤,top-10k
飾り,top-10k
江,top-10k
チリ,top-10k
河,top-10k
優,top-10k
桁,top-10k
おかしな,top-10k
ロビー,top-10k
均衡,top-10k
プラスチック,top-10k
建造,top-10k
弦,top-10k
到来,top-10k
精一杯,top-10k
要ら,top-10k
遠,top-10k
用事,top-10k
さっさと,top-10k
繰り広げ,top-10k
商人,top-10k
タワー,top-10k
上田,top-10k
馬場,top-10k
お疲れ様,top-10k
中核,top-10k
指向,top-10k
兄ちゃん,top-10k
運行,top-10k
勘定,top-10k
ムード,top-10k
十二月,top-10k
時に,top-10k
高かっ,top-10k
学歴,top-10k
同情,top-10k
入口,top-10k
有用,top-10k
農,top-10k
降る,top-10k
恩恵,top-10k
更,top-10k
法務省,top-10k
いやー,top-10k
炉,top-10k
たつ,top-10k
領,top-10k
開,top-10k
ニック,top-10k
言動,top-10k
好調,top-10k
モチベーション,top-10k
お笑い,top-10k
壊し,top-10k
弱者,top-10k
如,top-10k
経歴,top-10k
片方,top-10k
害,top-10k
代行,top-10k
気の毒,top-10k
食欲,top-10k
返答,top-10k
自律,top-10k
容認,top-10k
不自由,top-10k
生ん,top-10k
如何,top-10k
茂,top-10k
うそ,top-10k
フラッシュ,top-10k
隣接,top-10k
順序,top-10k
リビング,top-10k
そっと,top-10k
前期,top-10k
メモリー,top-10k
創,top-10k
無知,top-10k
リス,top-10k
然,top-10k
秋葉原,top-10k
宮城,top-10k
坊,top-10k
狙う,top-10k
中部,top-10k
遺体,top-10k
同居,top-10k
寺院,top-10k
きのう,top-10k
味わっ,top-10k
金沢,top-10k
ふたつ,top-10k
役目,top-10k
澤,top-10k
記さ,top-10k
ご存じ,top-10k
即ち,top-10k
住人,top-10k
凄く,top-10k
途端,top-10k
事典,top-10k
広げる,top-10k
Tシャツ,top-10k
上陸,top-10k
間に合わ,top-10k
打撃,top-10k
怖,top-10k
分ける,top-10k
あちら,top-10k
セブン,top-10k
ハッピー,top-10k
こっそり,top-10k
模型,top-10k
保安,top-10k
ボリューム,top-10k
テレビ局,top-10k
つづく,top-10k
ミラー,top-10k
最小,top-10k
気力,top-10k
西欧,top-10k
鮮やか,top-10k
国有,top-10k
ドラム,top-10k
メタ,top-10k
登っ,top-10k
聴取,top-10k
知能,top-10k
はいる,top-10k
晋,top-10k
物資,top-10k
救わ,top-10k
折,top-10k
教徒,top-10k
テル,top-10k
決着,top-10k
アフガニスタン,top-10k
サロン,top-10k
唐,top-10k
心身,top-10k
査定,top-10k
抑圧,top-10k
マック,top-10k
寄り,top-10k
念頭,top-10k
月曜,top-10k
輝く,top-10k
ローズ,top-10k
環,top-10k
騙さ,top-10k
一昨日,top-10k
いし,top-10k
登,top-10k
楽曲,top-10k
好意,top-10k
アニメーション,top-10k
連結,top-10k
債券,top-10k
増税,top-10k
めん,top-10k
ラグビー,top-10k
魔女,top-10k
とれる,top-10k
弱く,top-10k
上り,top-10k
喪失,top-10k
話さ,top-10k
はや,top-10k
前方,top-10k
ハンド,top-10k
助教授,top-10k
日本酒,top-10k
竹中,top-10k
がんばり,top-10k
くま,top-10k
立体,top-10k
断念,top-10k
情けない,top-10k
法務,top-10k
ブロード,top-10k
泣く,top-10k
除外,top-10k
音響,top-10k
ランプ,top-10k
春の,top-10k
バトル,top-10k
断熱,top-10k
よそ,top-10k
急増,top-10k
テント,top-10k
エビ,top-10k
混雑,top-10k
叩き,top-10k
当方,top-10k
犯行,top-10k
おもい,top-10k
生理,top-10k
偉い,top-10k
欧,top-10k
帝,top-10k
安価,top-10k
内蔵,top-10k
暫定,top-10k
算定,top-10k
ハードディスク,top-10k
巡る,top-10k
はたして,top-10k
さらなる,top-10k
まわっ,top-10k
隙間,top-10k
オーストリア,top-10k
中期,top-10k
交差点,top-10k
待た,top-10k
命じ,top-10k
ラリー,top-10k
上達,top-10k
タンク,top-10k
大きかっ,top-10k
招く,top-10k
トリノ,top-10k
書ける,top-10k
助,top-10k
ましてや,top-10k
評議,top-10k
友情,top-10k
宏,top-10k
フィギュア,top-10k
通行,top-10k
大豆,top-10k
書物,top-10k
付与,top-10k
アマチュア,top-10k
あたる,top-10k
活かし,top-10k
おなか,top-10k
うっかり,top-10k
虎,top-10k
重なっ,top-10k
もとより,top-10k
あっち,top-10k
東海,top-10k
のど,top-10k
都心,top-10k
タオル,top-10k
万博,top-10k
ドコモ,top-10k
エージェント,top-10k
探る,top-10k
暴露,top-10k
コミュニティー,top-10k
青空,top-10k
まき,top-10k
永久,top-10k
ボストン,top-10k
幅広く,top-10k
薄,top-10k
終始,top-10k
交際,top-10k
内外,top-10k
続,top-10k
了,top-10k
書記,top-10k
ジョーク,top-10k
痩せ,top-10k
動員,top-10k
満たし,top-10k
未知,top-10k
ステキ,top-10k
抜本,top-10k
パイ,top-10k
ギフト,top-10k
発動,top-10k
預け,top-10k
大島,top-10k
陸軍,top-10k
県立,top-10k
パイプ,top-10k
孤立,top-10k
稼い,top-10k
ベイ,top-10k
満たさ,top-10k
下さる,top-10k
喜ば,top-10k
担っ,top-10k
かえ,top-10k
兼ね,top-10k
書き込ん,top-10k
シンボル,top-10k
お子さん,top-10k
追いかけ,top-10k
矯正,top-10k
仮面,top-10k
煙草,top-10k
レイアウト,top-10k
イチロー,top-10k
そっ,top-10k
ドクター,top-10k
広大,top-10k
次期,top-10k
教科,top-10k
走,top-10k
温かい,top-10k
ねる,top-10k
かぶっ,top-10k
アメ,top-10k
岡本,top-10k
ヘルプ,top-10k
多発,top-10k
あいまい,top-10k
救急,top-10k
ゴールド,top-10k
励まし,top-10k
借りる,top-10k
踏ん,top-10k
原爆,top-10k
罰金,top-10k
ぎりぎり,top-10k
美味しかっ,top-10k
単一,top-10k
苦,top-10k
ピッチ,top-10k
守,top-10k
注射,top-10k
受験生,top-10k
しばし,top-10k
うし,top-10k
及ば,top-10k
リーダーシップ,top-10k
ジェイ,top-10k
モラル,top-10k
特色,top-10k
歩道,top-10k
竹内,top-10k
閣議,top-10k
探検,top-10k
シャー,top-10k
サンタ,top-10k
締め切り,top-10k
出入り,top-10k
ミステリー,top-10k
ペア,top-10k
加,top-10k
資質,top-10k
アク,top-10k
消える,top-10k
切ら,top-10k
シルバー,top-10k
シール,top-10k
比べれ,top-10k
狩り,top-10k
即座,top-10k
劇的,top-10k
大騒ぎ,top-10k
並,top-10k
戦力,top-10k
後退,top-10k
堀,top-10k
画期的,top-10k
散策,top-10k
繋がる,top-10k
公明党,top-10k
座る,top-10k
原文,top-10k
挙げる,top-10k
火星,top-10k
追悼,top-10k
交え,top-10k
マイクロ,top-10k
追う,top-10k
余りに,top-10k
駒,top-10k
集計,top-10k
賭け,top-10k
起床,top-10k
眼鏡,top-10k
儲かる,top-10k
文字通り,top-10k
浜,top-10k
新興,top-10k
習っ,top-10k
マスク,top-10k
本土,top-10k
宮本,top-10k
後継,top-10k
引き下げ,top-10k
話せ,top-10k
露出,top-10k
免除,top-10k
断言,top-10k
器具,top-10k
優遇,top-10k
帰還,top-10k
中でも,top-10k
上っ,top-10k
何時,top-10k
頭痛,top-10k
律,top-10k
見つかる,top-10k
見直す,top-10k
見守っ,top-10k
鹿,top-10k
反する,top-10k
宴会,top-10k
四半期,top-10k
思,top-10k
尋ねる,top-10k
くじ,top-10k
空き,top-10k
補完,top-10k
追い,top-10k
まつ,top-10k
なくなり,top-10k
個体,top-10k
スカート,top-10k
不自然,top-10k
ネーム,top-10k
ちん,top-10k
せら,top-10k
需給,top-10k
落札,top-10k
こっ,top-10k
三浦,top-10k
著名,top-10k
完結,top-10k
唇,top-10k
外貨,top-10k
作文,top-10k
気合,top-10k
通路,top-10k
立案,top-10k
倒し,top-10k
成り立っ,top-10k
全額,top-10k
通話,top-10k
リターン,top-10k
上手い,top-10k
愛国心,top-10k
こだわっ,top-10k
叫ぶ,top-10k
吹い,top-10k
色彩,top-10k
回す,top-10k
意味合い,top-10k
充電,top-10k
共存,top-10k
参戦,top-10k
ってな,top-10k
蓋,top-10k
食物,top-10k
症候群,top-10k
減り,top-10k
木材,top-10k
汚い,top-10k
敗北,top-10k
いかん,top-10k
昨晩,top-10k
誘っ,top-10k
絞っ,top-10k
高まり,top-10k
退院,top-10k
すい,top-10k
荒川,top-10k
高騰,top-10k
所管,top-10k
ヒロイン,top-10k
臓器,top-10k
ドラゴン,top-10k
爪,top-10k
ひょっと,top-10k
品種,top-10k
包括,top-10k
遺憾,top-10k
書房,top-10k
気付か,top-10k
指令,top-10k
取り上げる,top-10k
退場,top-10k
ベストセラー,top-10k
やき,top-10k
ちがう,top-10k
優し,top-10k
コンタクト,top-10k
離れる,top-10k
映っ,top-10k
竹島,top-10k
マット,top-10k
市役所,top-10k
書面,top-10k
リカ,top-10k
出せる,top-10k
祈っ,top-10k
眺める,top-10k
負っ,top-10k
留意,top-10k
体操,top-10k
診,top-10k
事象,top-10k
不審,top-10k
歩み,top-10k
社説,top-10k
芽,top-10k
芸術家,top-10k
完,top-10k
颪,top-10k
異動,top-10k
多大,top-10k
インターナショナル,top-10k
陸,top-10k
抜群,top-10k
火山,top-10k
どん,top-10k
野田,top-10k
テンプレート,top-10k
労務,top-10k
冷凍,top-10k
ベルギー,top-10k
いまいち,top-10k
傷つけ,top-10k
年賀状,top-10k
七夕,top-10k
起こら,top-10k
ハッキリ,top-10k
日本一,top-10k
頼み,top-10k
パイロット,top-10k
唱え,top-10k
説教,top-10k
一昨年,top-10k
徹,top-10k
パーマ,top-10k
嬉し,top-10k
背負っ,top-10k
仲介,top-10k
登記,top-10k
クレジット,top-10k
半導体,top-10k
エイ,top-10k
何かと,top-10k
ナイ,top-10k
あふれる,top-10k
放射,top-10k
ホンダ,top-10k
招き,top-10k
劇団,top-10k
自発,top-10k
改め,top-10k
ロマン,top-10k
出来れ,top-10k
髪の毛,top-10k
アリス,top-10k
物体,top-10k
同年,top-10k
奮闘,top-10k
捉える,top-10k
一同,top-10k
救助,top-10k
間近,top-10k
騎士,top-10k
野村,top-10k
順次,top-10k
装着,top-10k
ドーム,top-10k
圧倒,top-10k
決心,top-10k
望ま,top-10k
フルーツ,top-10k
写っ,top-10k
みえ,top-10k
切符,top-10k
キット,top-10k
容赦,top-10k
均等,top-10k
飛び込ん,top-10k
締め,top-10k
給,top-10k
ディスカッション,top-10k
カスタマイズ,top-10k
池袋,top-10k
に関しまして,top-10k
空中,top-10k
兵隊,top-10k
隼,top-10k
整っ,top-10k
朝鮮半島,top-10k
別々,top-10k
実効,top-10k
良好,top-10k
タスク,top-10k
差異,top-10k
なにしろ,top-10k
いまだ,top-10k
敗,top-10k
易い,top-10k
傾け,top-10k
隅,top-10k
ネイティブ,top-10k
波動,top-10k
食う,top-10k
関税,top-10k
連発,top-10k
はかる,top-10k
夕刊,top-10k
創立,top-10k
装飾,top-10k
年々,top-10k
瞑想,top-10k
後方,top-10k
変数,top-10k
無数,top-10k
ハル,top-10k
ちょっぴり,top-10k
紅,top-10k
利子,top-10k
衣,top-10k
外観,top-10k
わざと,top-10k
契機,top-10k
簿,top-10k
ジョー,top-10k
就労,top-10k
金子,top-10k
がんばれ,top-10k
体感,top-10k
購買,top-10k
其,top-10k
ポップ,top-10k
誠に,top-10k
問合せ,top-10k
良し,top-10k
運輸,top-10k
見受け,top-10k
洗っ,top-10k
間隔,top-10k
感触,top-10k
フラット,top-10k
納め,top-10k
一般人,top-10k
バンク,top-10k
お天気,top-10k
有益,top-10k
放射線,top-10k
トリ,top-10k
漬け,top-10k
坪,top-10k
着替え,top-10k
巡回,top-10k
てい,top-10k
トランス,top-10k
要旨,top-10k
踊っ,top-10k
狼,top-10k
東証,top-10k
泥棒,top-10k
上演,top-10k
ギャグ,top-10k
餅,top-10k
密度,top-10k
菜,top-10k
相撲,top-10k
プラグ,top-10k
テポドン,top-10k
ライオン,top-10k
警視庁,top-10k
ジェット,top-10k
晴,top-10k
エア,top-10k
市街地,top-10k
カーテン,top-10k
対外,top-10k
出来上がっ,top-10k
センサー,top-10k
がっかり,top-10k
重複,top-10k
そろっ,top-10k
簡潔,top-10k
あわて,top-10k
強め,top-10k
甲,top-10k
プロデュース,top-10k
泣,top-10k
梁,top-10k
憂鬱,top-10k
三重,top-10k
お詫び,top-10k
勢,top-10k
乗り換え,top-10k
桃,top-10k
斜め,top-10k
ウィルス,top-10k
創出,top-10k
大根,top-10k
外人,top-10k
バルセロナ,top-10k
フロア,top-10k
裏側,top-10k
ばっかり,top-10k
接する,top-10k
アスベスト,top-10k
贈り物,top-10k
切手,top-10k
誘わ,top-10k
おいしかっ,top-10k
根底,top-10k
半数,top-10k
因果,top-10k
繊細,top-10k
国交,top-10k
もて,top-10k
裁量,top-10k
フォード,top-10k
最先端,top-10k
モダン,top-10k
築い,top-10k
おくれ,top-10k
出店,top-10k
暗殺,top-10k
再発,top-10k
カメラマン,top-10k
互換,top-10k
しゃべっ,top-10k
秀,top-10k
タマ,top-10k
共済,top-10k
かまわ,top-10k
道場,top-10k
結末,top-10k
向ける,top-10k
効用,top-10k
短,top-10k
見れる,top-10k
名詞,top-10k
済,top-10k
いのち,top-10k
モンスター,top-10k
こめ,top-10k
ツボ,top-10k
務める,top-10k
水木,top-10k
休業,top-10k
今頃,top-10k
吸っ,top-10k
高原,top-10k
両立,top-10k
抱く,top-10k
触っ,top-10k
テレ,top-10k
隊長,top-10k
美味しく,top-10k
拒絶,top-10k
キック,top-10k
タカ,top-10k
貯蓄,top-10k
修了,top-10k
南米,top-10k
ウ,top-10k
グラム,top-10k
芸能人,top-10k
クッキング,top-10k
経つ,top-10k
狭く,top-10k
篇,top-10k
強盗,top-10k
思いつい,top-10k
由,top-10k
上部,top-10k
オープニング,top-10k
おいしく,top-10k
共生,top-10k
格安,top-10k
なさる,top-10k
ゴー,top-10k
放出,top-10k
学長,top-10k
如く,top-10k
含み,top-10k
挫折,top-10k
誘拐,top-10k
さき,top-10k
従っ,top-10k
ハイテク,top-10k
愚か,top-10k
通称,top-10k
母子,top-10k
河野,top-10k
富士,top-10k
不可,top-10k
断っ,top-10k
叩い,top-10k
ミックス,top-10k
表れ,top-10k
出題,top-10k
厳格,top-10k
まんま,top-10k
近郊,top-10k
トニー,top-10k
ホラー,top-10k
レギュラー,top-10k
ラム,top-10k
しめ,top-10k
癒さ,top-10k
周期,top-10k
半島,top-10k
くだ,top-10k
けん,top-10k
つくづく,top-10k
楽しま,top-10k
隠す,top-10k
到底,top-10k
こだわる,top-10k
判例,top-10k
待機,top-10k
専業,top-10k
のせ,top-10k
群馬,top-10k
アブ,top-10k
極力,top-10k
地名,top-10k
増す,top-10k
高値,top-10k
阻害,top-10k
つめ,top-10k
常時,top-10k
えらい,top-10k
ワード,top-10k
急遽,top-10k
立地,top-10k
よっぽど,top-10k
抱き,top-10k
屋台,top-10k
やばい,top-10k
食生活,top-10k
濡れ,top-10k
暖かく,top-10k
ひい,top-10k
ディレクター,top-10k
思い出さ,top-10k
おいで,top-10k
例年,top-10k
作り出す,top-10k
リハビリ,top-10k
いまや,top-10k
藩,top-10k
許せ,top-10k
功,top-10k
甘え,top-10k
税理士,top-10k
次男,top-10k
舛,top-10k
すき,top-10k
医学部,top-10k
是,top-10k
算数,top-10k
皇室,top-10k
経路,top-10k
木造,top-10k
風味,top-10k
液体,top-10k
四つ,top-10k
知り合っ,top-10k
短時間,top-10k
立ち上がっ,top-10k
せれ,top-10k
野郎,top-10k
流行っ,top-10k
悪意,top-10k
動詞,top-10k
進路,top-10k
とん,top-10k
交響曲,top-10k
ロケ,top-10k
安田,top-10k
辿り,top-10k
雷,top-10k
呼び出し,top-10k
先祖,top-10k
結晶,top-10k
昼寝,top-10k
切れる,top-10k
サンフランシスコ,top-10k
洗練,top-10k
ノーベル,top-10k
法科,top-10k
格闘,top-10k
配偶,top-10k
麻,top-10k
加害,top-10k
頬,top-10k
メス,top-10k
腓,top-10k
欠如,top-10k
乙,top-10k
捜索,top-10k
フランク,top-10k
伸びる,top-10k
間もなく,top-10k
代理人,top-10k
嫌悪,top-10k
満員,top-10k
ハーブ,top-10k
肝,top-10k
かかわり,top-10k
ネギ,top-10k
文化財,top-10k
クン,top-10k
判事,top-10k
有名人,top-10k
東芝,top-10k
ラベル,top-10k
群れ,top-10k
先般,top-10k
所要,top-10k
四季,top-10k
好む,top-10k
猛,top-10k
悔しい,top-10k
落ち込ん,top-10k
マザー,top-10k
リンゴ,top-10k
かか,top-10k
目当て,top-10k
割っ,top-10k
川口,top-10k
おなじみ,top-10k
子孫,top-10k
取扱い,top-10k
お越し,top-10k
加減,top-10k
支,top-10k
降りる,top-10k
ストーン,top-10k
オーラ,top-10k
若く,top-10k
めちゃくちゃ,top-10k
所詮,top-10k
ぼんやり,top-10k
酢,top-10k
はた,top-10k
弊害,top-10k
異様,top-10k
陰謀,top-10k
瓶,top-10k
ピックアップ,top-10k
行ない,top-10k
ニュアンス,top-10k
十一月,top-10k
増殖,top-10k
通学,top-10k
繋がり,top-10k
整合,top-10k
啓発,top-10k
残酷,top-10k
偽,top-10k
絶滅,top-10k
暮れ,top-10k
カロリー,top-10k
あたりまえ,top-10k
まり,top-10k
カッ,top-10k
ポーズ,top-10k
崩し,top-10k
曲線,top-10k
寸前,top-10k
郵送,top-10k
指輪,top-10k
満点,top-10k
親族,top-10k
巡り,top-10k
口頭,top-10k
渡さ,top-10k
初代,top-10k
図り,top-10k
マイナー,top-10k
だんな,top-10k
チキン,top-10k
弾き,top-10k
待ち合わせ,top-10k
ラボ,top-10k
対比,top-10k
右翼,top-10k
公判,top-10k
愛用,top-10k
磴,top-10k
苦しむ,top-10k
農産物,top-10k
宛,top-10k
水面,top-10k
ホー,top-10k
ヴィンチ,top-10k
ルイス,top-10k
終える,top-10k
疑わ,top-10k
逃れ,top-10k
圧迫,top-10k
フィルター,top-10k
虹,top-10k
バンコク,top-10k
発症,top-10k
療養,top-10k
眞,top-10k
つぎ,top-10k
風俗,top-10k
アクセサリー,top-10k
有意義,top-10k
強かっ,top-10k
飼育,top-10k
稼働,top-10k
一律,top-10k
葛藤,top-10k
カズ,top-10k
卸売,top-10k
Ｔシャツ,top-10k
遅,top-10k
少なから,top-10k
集落,top-10k
値する,top-10k
石田,top-10k
話し合っ,top-10k
ニッポン放送,top-10k
極東,top-10k
探索,top-10k
活力,top-10k
実例,top-10k
じつは,top-10k
舞,top-10k
戦車,top-10k
わたくし,top-10k
長谷川,top-10k
伸ばす,top-10k
止まる,top-10k
自称,top-10k
すぐれ,top-10k
膜,top-10k
押さ,top-10k
口調,top-10k
端的,top-10k
カリキュラム,top-10k
フリ,top-10k
でかい,top-10k
修士,top-10k
宝石,top-10k
警察庁,top-10k
スミス,top-10k
低迷,top-10k
根源,top-10k
不倫,top-10k
停滞,top-10k
アイデンティティ,top-10k
苦悩,top-10k
落語,top-10k
正に,top-10k
益,top-10k
稀,top-10k
教団,top-10k
ノイズ,top-10k
コイン,top-10k
ホン,top-10k
メン,top-10k
フライト,top-10k
プロモーション,top-10k
ジャーナリズム,top-10k
御存じ,top-10k
称し,top-10k
鮮明,top-10k
悪質,top-10k
正社員,top-10k
等しい,top-10k
圓,top-10k
イマイチ,top-10k
ジーンズ,top-10k
プロレス,top-10k
市川,top-10k
ストア,top-10k
着る,top-10k
アナウンス,top-10k
５つ,top-10k
遂げ,top-10k
ゲル,top-10k
ヤン,top-10k
同感,top-10k
勧誘,top-10k
エリ,top-10k
まつり,top-10k
ノルウェー,top-10k
なのに,top-10k
吹き,top-10k
終戦,top-10k
コンビ,top-10k
咲く,top-10k
っぷり,top-10k
ささやか,top-10k
黄色い,top-10k
ネオ,top-10k
携わっ,top-10k
スゴイ,top-10k
おやじ,top-10k
劣化,top-10k
負,top-10k
真っ赤,top-10k
源泉,top-10k
滋賀,top-10k
勤労,top-10k
突き,top-10k
義務教育,top-10k
にまつわる,top-10k
炭,top-10k
名義,top-10k
掛かっ,top-10k
敢えて,top-10k
まもなく,top-10k
人質,top-10k
巣,top-10k
増強,top-10k
見つかり,top-10k
迫ら,top-10k
度合い,top-10k
祝福,top-10k
アマ,top-10k
戦時,top-10k
莫大,top-10k
創刊,top-10k
斉藤,top-10k
ちっとも,top-10k
梅田,top-10k
代わっ,top-10k
音色,top-10k
さり,top-10k
杉,top-10k
チェコ,top-10k
書士,top-10k
後藤,top-10k
結ば,top-10k
ディズニー,top-10k
売春,top-10k
太鼓,top-10k
ウェブログ,top-10k
ドリンク,top-10k
おいし,top-10k
岡,top-10k
ヴァイオリン,top-10k
狂っ,top-10k
旅館,top-10k
曇り,top-10k
ねっ,top-10k
パブリック,top-10k
かかわっ,top-10k
革,top-10k
境,top-10k
ブリッジ,top-10k
討議,top-10k
情緒,top-10k
湿度,top-10k
カリスマ,top-10k
熱意,top-10k
屋敷,top-10k
必見,top-10k
飲料,top-10k
怒る,top-10k
ダンナ,top-10k
弱点,top-10k
飼い主,top-10k
頂ける,top-10k
共演,top-10k
ドラッグ,top-10k
手入れ,top-10k
正日,top-10k
通す,top-10k
一族,top-10k
捧げ,top-10k
機材,top-10k
嫉妬,top-10k
めい,top-10k
異性,top-10k
漢,top-10k
だからといって,top-10k
癲,top-10k
大震災,top-10k
平行,top-10k
わっ,top-10k
街道,top-10k
西側,top-10k
チャンピオン,top-10k
毎朝,top-10k
さらさ,top-10k
万全,top-10k
幹,top-10k
きく,top-10k
ばん,top-10k
役立ち,top-10k
頭脳,top-10k
対等,top-10k
ハリー,top-10k
秘め,top-10k
一目,top-10k
エース,top-10k
根性,top-10k
推理,top-10k
配給,top-10k
抜く,top-10k
引き起こす,top-10k
調停,top-10k
早起き,top-10k
活字,top-10k
イデオロギー,top-10k
ユーモア,top-10k
親指,top-10k
なおかつ,top-10k
時折,top-10k
属し,top-10k
今井,top-10k
鍛え,top-10k
専念,top-10k
県警,top-10k
盛り,top-10k
河川,top-10k
作り出し,top-10k
通達,top-10k
慰安,top-10k
紊,top-10k
きみ,top-10k
パンチ,top-10k
ヒル,top-10k
試写,top-10k
所持,top-10k
保っ,top-10k
敗訴,top-10k
並行,top-10k
すげ,top-10k
とたん,top-10k
上る,top-10k
先制,top-10k
ユニ,top-10k
可決,top-10k
北米,top-10k
一口,top-10k
エンディング,top-10k
長所,top-10k
取り戻し,top-10k
全集,top-10k
母さん,top-10k
楽譜,top-10k
出番,top-10k
負債,top-10k
クリップ,top-10k
もたらさ,top-10k
紳士,top-10k
久,top-10k
貨物,top-10k
それなのに,top-10k
いやぁ,top-10k
もっぱら,top-10k
売,top-10k
バラバラ,top-10k
庭園,top-10k
スパム,top-10k
風土,top-10k
安藤,top-10k
民法,top-10k
おもっ,top-10k
弓,top-10k
上回っ,top-10k
フィードバック,top-10k
勝てる,top-10k
遂に,top-10k
やま,top-10k
フー,top-10k
きん,top-10k
待て,top-10k
対し,top-10k
風潮,top-10k
ブラウン,top-10k
しょっちゅう,top-10k
参,top-10k
こなす,top-10k
富士山,top-10k
小学,top-10k
変形,top-10k
産経新聞,top-10k
思惑,top-10k
日本海,top-10k
下し,top-10k
見逃し,top-10k
花見,top-10k
炒め,top-10k
大賞,top-10k
教官,top-10k
暦,top-10k
気が付い,top-10k
麻痺,top-10k
いっそう,top-10k
効力,top-10k
学院,top-10k
グラフィック,top-10k
スリー,top-10k
繩,top-10k
ハ,top-10k
藤井,top-10k
働きかけ,top-10k
思いつき,top-10k
及ん,top-10k
当分,top-10k
錯覚,top-10k
うつ,top-10k
解ら,top-10k
おおむね,top-10k
潜水艦,top-10k
愚痴,top-10k
移り,top-10k
乗車,top-10k
如何に,top-10k
清掃,top-10k
次郎,top-10k
字幕,top-10k
機内,top-10k
愛媛,top-10k
試行錯誤,top-10k
何者,top-10k
混合,top-10k
刑法,top-10k
手伝い,top-10k
当たら,top-10k
小物,top-10k
人体,top-10k
死後,top-10k
ヒルズ,top-10k
試算,top-10k
楽観,top-10k
ガキ,top-10k
満喫,top-10k
衆院,top-10k
パキスタン,top-10k
酸化,top-10k
秘訣,top-10k
打ち出し,top-10k
聴か,top-10k
苗,top-10k
つなぐ,top-10k
お寺,top-10k
庵,top-10k
溝,top-10k
前年度,top-10k
金曜,top-10k
ギャンブル,top-10k
足し,top-10k
屋上,top-10k
お断り,top-10k
高裁,top-10k
小倉,top-10k
ぶつけ,top-10k
超過,top-10k
態勢,top-10k
引っ張っ,top-10k
タブ,top-10k
実物,top-10k
集積,top-10k
圧,top-10k
驚異,top-10k
久保,top-10k
頂点,top-10k
白書,top-10k
前面,top-10k
絶えず,top-10k
政令,top-10k
曚,top-10k
シェフ,top-10k
取り戻す,top-10k
はなれ,top-10k
文芸,top-10k
未熟,top-10k
外科,top-10k
暑く,top-10k
陽気,top-10k
ランダム,top-10k
付け加え,top-10k
読み方,top-10k
本店,top-10k
新品,top-10k
併せ,top-10k
利便,top-10k
浮上,top-10k
互い,top-10k
皆さま,top-10k
ヨガ,top-10k
つない,top-10k
おじいちゃん,top-10k
常任,top-10k
換算,top-10k
平安,top-10k
につれ,top-10k
握り,top-10k
サクラ,top-10k
カウンセラー,top-10k
みなさ,top-10k
補佐,top-10k
魔術,top-10k
ズボン,top-10k
排水,top-10k
復元,top-10k
続々,top-10k
多額,top-10k
湾,top-10k
悪影響,top-10k
ユース,top-10k
たまらない,top-10k
機体,top-10k
キレ,top-10k
市立,top-10k
喫茶,top-10k
直径,top-10k
マスメディア,top-10k
直線,top-10k
待遇,top-10k
ラス,top-10k
栄光,top-10k
つかっ,top-10k
公募,top-10k
気に入ら,top-10k
シャッター,top-10k
絡ん,top-10k
音楽家,top-10k
何でも,top-10k
ヨルダン,top-10k
泥,top-10k
さよう,top-10k
補強,top-10k
内装,top-10k
心地よい,top-10k
第一歩,top-10k
団塊,top-10k
おいおい,top-10k
パブ,top-10k
味わう,top-10k
残,top-10k
常連,top-10k
名物,top-10k
平野,top-10k
多彩,top-10k
響く,top-10k
同氏,top-10k
人びと,top-10k
家畜,top-10k
罠,top-10k
お部屋,top-10k
高木,top-10k
混じっ,top-10k
壮大,top-10k
ハルヒ,top-10k
沿岸,top-10k
ふた,top-10k
ポジティブ,top-10k
過度,top-10k
はじまり,top-10k
フリーター,top-10k
続編,top-10k
コラボレーション,top-10k
団結,top-10k
解く,top-10k
ちと,top-10k
代目,top-10k
西日本,top-10k
情報処理,top-10k
人柄,top-10k
熱狂,top-10k
キリ,top-10k
わい,top-10k
ウクライナ,top-10k
責め,top-10k
祖国,top-10k
休む,top-10k
舎,top-10k
期日,top-10k
カール,top-10k
巡っ,top-10k
志望,top-10k
清潔,top-10k
疲れる,top-10k
貝,top-10k
良質,top-10k
当店,top-10k
機密,top-10k
カウント,top-10k
宮殿,top-10k
引,top-10k
オシム,top-10k
本棚,top-10k
心境,top-10k
持ち出し,top-10k
復讐,top-10k
密か,top-10k
あらわれ,top-10k
カーブ,top-10k
襲っ,top-10k
着用,top-10k
ひとこと,top-10k
おいら,top-10k
号線,top-10k
抜ける,top-10k
マルクス,top-10k
下着,top-10k
建前,top-10k
結びつい,top-10k
生かす,top-10k
好感,top-10k
稿,top-10k
出会え,top-10k
配列,top-10k
精密,top-10k
働,top-10k
ため息,top-10k
食卓,top-10k
今晩,top-10k
わくわく,top-10k
眠る,top-10k
化し,top-10k
三菱,top-10k
題し,top-10k
スー,top-10k
語彙,top-10k
共同通信,top-10k
着目,top-10k
クリニック,top-10k
まれ,top-10k
豪,top-10k
ガーデン,top-10k
餃子,top-10k
康,top-10k
ガイドブック,top-10k
ステレオ,top-10k
方言,top-10k
ニッポン,top-10k
かき,top-10k
随時,top-10k
重力,top-10k
乏しい,top-10k
漠然と,top-10k
プロフェッショナル,top-10k
承諾,top-10k
皆無,top-10k
店主,top-10k
戸田,top-10k
最善,top-10k
真摯,top-10k
グレー,top-10k
導い,top-10k
脅迫,top-10k
フィット,top-10k
こま,top-10k
双子,top-10k
量的,top-10k
止まり,top-10k
考えよ,top-10k
脱線,top-10k
緑色,top-10k
過言,top-10k
彰,top-10k
促し,top-10k
会費,top-10k
溢れる,top-10k
ことに,top-10k
近辺,top-10k
すむ,top-10k
フォーク,top-10k
提訴,top-10k
前作,top-10k
反響,top-10k
方程式,top-10k
麻生,top-10k
亮,top-10k
ァ,top-10k
両面,top-10k
ビニール,top-10k
密着,top-10k
摩擦,top-10k
似合う,top-10k
死去,top-10k
バッハ,top-10k
糖尿,top-10k
蛇,top-10k
甲斐,top-10k
切,top-10k
達人,top-10k
遠藤,top-10k
レーザー,top-10k
泊まっ,top-10k
吹く,top-10k
終,top-10k
進捗,top-10k
誘惑,top-10k
田村,top-10k
陥る,top-10k
模倣,top-10k
凍結,top-10k
オート,top-10k
玄,top-10k
ハナ,top-10k
ナショナル,top-10k
懸賞,top-10k
おっさん,top-10k
各々,top-10k
持ち込ん,top-10k
消極,top-10k
延々と,top-10k
国外,top-10k
思いやり,top-10k
談合,top-10k
まいっ,top-10k
話せる,top-10k
冷戦,top-10k
に関し,top-10k
客席,top-10k
女神,top-10k
こもっ,top-10k
キャプテン,top-10k
電流,top-10k
動け,top-10k
新潮,top-10k
見地,top-10k
臭,top-10k
心情,top-10k
ぜひとも,top-10k
衰退,top-10k
重み,top-10k
かって,top-10k
つねに,top-10k
ブロガー,top-10k
細か,top-10k
セカンド,top-10k
労力,top-10k
現われ,top-10k
建てる,top-10k
松下,top-10k
栗,top-10k
伊,top-10k
定例,top-10k
国歌,top-10k
帰れ,top-10k
格段,top-10k
欠ける,top-10k
懲役,top-10k
陪審,top-10k
コンポーネント,top-10k
ウラ,top-10k
マシ,top-10k
最良,top-10k
ダイレクト,top-10k
買,top-10k
ラッシュ,top-10k
偉,top-10k
マリ,top-10k
訳し,top-10k
賢い,top-10k
育,top-10k
ボトル,top-10k
尽き,top-10k
現物,top-10k
慶,top-10k
日数,top-10k
来店,top-10k
大げさ,top-10k
掲げる,top-10k
末期,top-10k
うつ病,top-10k
水産,top-10k
手助け,top-10k
乱,top-10k
表彰,top-10k
家屋,top-10k
カート,top-10k
頼っ,top-10k
非公開,top-10k
次長,top-10k
遅刻,top-10k
公安,top-10k
一角,top-10k
歯医者,top-10k
式典,top-10k
発する,top-10k
取扱,top-10k
解約,top-10k
簑,top-10k
ダーク,top-10k
本年度,top-10k
反復,top-10k
長距離,top-10k
ディレクトリ,top-10k
無罪,top-10k
有罪,top-10k
絶賛,top-10k
つかん,top-10k
国益,top-10k
バナー,top-10k
塊,top-10k
投与,top-10k
甲子園,top-10k
目前,top-10k
眠い,top-10k
巧み,top-10k
所在,top-10k
栃木,top-10k
懇親,top-10k
伝承,top-10k
コーン,top-10k
めざし,top-10k
駆け,top-10k
淳,top-10k
津,top-10k
架空,top-10k
荒れ,top-10k
陳述,top-10k
上空,top-10k
美女,top-10k
絶妙,top-10k
ポピュラー,top-10k
楽章,top-10k
細部,top-10k
スマート,top-10k
弾く,top-10k
丸い,top-10k
暖房,top-10k
成り立つ,top-10k
生息,top-10k
菓子,top-10k
虚偽,top-10k
教職員,top-10k
一歩,top-10k
情,top-10k
地道,top-10k
うわ,top-10k
フィル,top-10k
反動,top-10k
算出,top-10k
神田,top-10k
孝,top-10k
笛,top-10k
不調,top-10k
費やし,top-10k
撤去,top-10k
スローガン,top-10k
法定,top-10k
ガード,top-10k
何やら,top-10k
一時期,top-10k
栄,top-10k
オオカミ,top-10k
育つ,top-10k
ジュニア,top-10k
引っ張り,top-10k
事案,top-10k
租税,top-10k
タイル,top-10k
置き換え,top-10k
頼る,top-10k
且つ,top-10k
いつのまにか,top-10k
乗れ,top-10k
命名,top-10k
高層,top-10k
塗っ,top-10k
浄化,top-10k
飲め,top-10k
無縁,top-10k
躊躇,top-10k
稼動,top-10k
落ち着き,top-10k
あたっ,top-10k
那,top-10k
上がら,top-10k
十字架,top-10k
アルミ,top-10k
奪っ,top-10k
思い込ん,top-10k
速やか,top-10k
則,top-10k
房,top-10k
傍聴,top-10k
連鎖,top-10k
ピース,top-10k
バター,top-10k
気付く,top-10k
屋外,top-10k
オチ,top-10k
写し,top-10k
過酷,top-10k
適度,top-10k
鉱山,top-10k
コンクール,top-10k
取,top-10k
とどめ,top-10k
野口,top-10k
わか,top-10k
本名,top-10k
マドリッド,top-10k
解り,top-10k
ファイナル,top-10k
請願,top-10k
深める,top-10k
相次い,top-10k
任期,top-10k
デフォルト,top-10k
恵み,top-10k
はてな,top-10k
象,top-10k
インターフェース,top-10k
添加,top-10k
酷い,top-10k
なおさら,top-10k
まさ,top-10k
自力,top-10k
燃焼,top-10k
立証,top-10k
ひとつひとつ,top-10k
ベンダー,top-10k
除き,top-10k
幽霊,top-10k
マルチメディア,top-10k
フィクション,top-10k
神聖,top-10k
採点,top-10k
寿,top-10k
徒然,top-10k
飼っ,top-10k
乱れ,top-10k
峰,top-10k
視界,top-10k
芯,top-10k
暫く,top-10k
案の定,top-10k
コメ,top-10k
やさしく,top-10k
礼儀,top-10k
引き起こし,top-10k
使い勝手,top-10k
思い込み,top-10k
水泳,top-10k
監修,top-10k
握手,top-10k
笑え,top-10k
暴行,top-10k
身内,top-10k
アカ,top-10k
光る,top-10k
牧場,top-10k
オス,top-10k
大塚,top-10k
ナチス,top-10k
インク,top-10k
なおし,top-10k
移譲,top-10k
紀,top-10k
応える,top-10k
バーチャル,top-10k
プレミアム,top-10k
スケート,top-10k
補欠,top-10k
施し,top-10k
主力,top-10k
値上がり,top-10k
パレード,top-10k
相関,top-10k
方位,top-10k
取り巻く,top-10k
はん,top-10k
大物,top-10k
スイング,top-10k
ブー,top-10k
妨げ,top-10k
土木,top-10k
イスラム教,top-10k
ゐ,top-10k
アナウンサー,top-10k
北欧,top-10k
ルイ,top-10k
パーソナル,top-10k
俳句,top-10k
ありま,top-10k
腸,top-10k
様相,top-10k
農場,top-10k
まくる,top-10k
つづける,top-10k
掛かる,top-10k
自我,top-10k
工芸,top-10k
対面,top-10k
鐘,top-10k
おしまい,top-10k
誤,top-10k
論者,top-10k
たれ,top-10k
ずーっと,top-10k
出展,top-10k
流石,top-10k
はる,top-10k
太っ,top-10k
肺,top-10k
磨き,top-10k
断片,top-10k
ミル,top-10k
正統,top-10k
腐敗,top-10k
クシ,top-10k
リスニング,top-10k
戦線,top-10k
責務,top-10k
聴衆,top-10k
襲撃,top-10k
駐在,top-10k
中傷,top-10k
がり,top-10k
車線,top-10k
年月,top-10k
ついて,top-10k
落下,top-10k
ちり,top-10k
ライダー,top-10k
麦,top-10k
党首,top-10k
主宰,top-10k
終盤,top-10k
日月,top-10k
抱か,top-10k
悪口,top-10k
ウォーター,top-10k
至ら,top-10k
謙虚,top-10k
神戸大,top-10k
血管,top-10k
幕府,top-10k
疑っ,top-10k
じん,top-10k
火事,top-10k
メロディ,top-10k
遵守,top-10k
冷え,top-10k
結び,top-10k
原田,top-10k
今さら,top-10k
ネス,top-10k
復習,top-10k
うさぎ,top-10k
ワクチン,top-10k
沢,top-10k
快感,top-10k
欠席,top-10k
人組,top-10k
行え,top-10k
種々,top-10k
うれしく,top-10k
糖,top-10k
ベランダ,top-10k
アドバイザー,top-10k
覗き,top-10k
効く,top-10k
猶予,top-10k
詞,top-10k
一通り,top-10k
起用,top-10k
開花,top-10k
洪水,top-10k
履い,top-10k
シニア,top-10k
瀬,top-10k
内科,top-10k
球場,top-10k
体育館,top-10k
ひろ,top-10k
忙し,top-10k
あれだけ,top-10k
交通省,top-10k
マインド,top-10k
とらわれ,top-10k
合致,top-10k
さす,top-10k
なにやら,top-10k
震え,top-10k
大人気,top-10k
しみじみ,top-10k
三角,top-10k
岩波,top-10k
やむを得ない,top-10k
智,top-10k
折れ,top-10k
見つめる,top-10k
ウォン,top-10k
引き出す,top-10k
知らせ,top-10k
握る,top-10k
力学,top-10k
快楽,top-10k
リック,top-10k
ナシ,top-10k
朗読,top-10k
ヘリ,top-10k
部落,top-10k
ヲ,top-10k
ボブ,top-10k
乱暴,top-10k
つぶし,top-10k
神学,top-10k
油断,top-10k
気がつく,top-10k
誘い,top-10k
ダイヤモンド,top-10k
ウッド,top-10k
音質,top-10k
慣習,top-10k
位置付け,top-10k
重ねる,top-10k
ラマ,top-10k
道のり,top-10k
介し,top-10k
もも,top-10k
神殿,top-10k
法規,top-10k
ハッ,top-10k
移す,top-10k
目線,top-10k
ト,top-10k
物流,top-10k
さておき,top-10k
争点,top-10k
紅葉,top-10k
厳選,top-10k
ワイヤレス,top-10k
入浴,top-10k
合衆国,top-10k
医院,top-10k
登り,top-10k
眠く,top-10k
撤回,top-10k
君たち,top-10k
何もかも,top-10k
おもう,top-10k
気付き,top-10k
レーニン,top-10k
あがる,top-10k
小島,top-10k
税収,top-10k
交わし,top-10k
採取,top-10k
携わる,top-10k
と同時に,top-10k
グラウンド,top-10k
処罰,top-10k
積み上げ,top-10k
映る,top-10k
帰属,top-10k
フラ,top-10k
あか,top-10k
手書き,top-10k
ピザ,top-10k
準決勝,top-10k
無理やり,top-10k
判り,top-10k
在籍,top-10k
ミネラル,top-10k
はずし,top-10k
経常,top-10k
柔らかい,top-10k
初頭,top-10k
レール,top-10k
ざっと,top-10k
東部,top-10k
巨額,top-10k
法学部,top-10k
つなぎ,top-10k
ゆえに,top-10k
はめ,top-10k
罰則,top-10k
られれ,top-10k
切断,top-10k
内心,top-10k
インデックス,top-10k
ドライ,top-10k
混ん,top-10k
猪瀬,top-10k
尊厳,top-10k
とらえる,top-10k
校舎,top-10k
静,top-10k
敗退,top-10k
さわやか,top-10k
地形,top-10k
張,top-10k
不祥事,top-10k
大野,top-10k
和歌山,top-10k
入れ替え,top-10k
目玉,top-10k
起因,top-10k
ネガティブ,top-10k
規律,top-10k
プレート,top-10k
暗示,top-10k
女子高,top-10k
カエル,top-10k
絆,top-10k
南京,top-10k
レモン,top-10k
見当,top-10k
永,top-10k
挟ん,top-10k
とめ,top-10k
優雅,top-10k
女房,top-10k
シドニー,top-10k
敵対,top-10k
ヒアリング,top-10k
償還,top-10k
気持ちいい,top-10k
見積もり,top-10k
全日本,top-10k
当てはまる,top-10k
スリ,top-10k
ぽん,top-10k
バレエ,top-10k
帰り道,top-10k
挑む,top-10k
町内,top-10k
ほほ,top-10k
工法,top-10k
数少ない,top-10k
肖像,top-10k
税務,top-10k
此,top-10k
デメリット,top-10k
成り立た,top-10k
区間,top-10k
奏者,top-10k
はなし,top-10k
クリス,top-10k
所見,top-10k
ハンガリー,top-10k
うれしかっ,top-10k
キープ,top-10k
外食,top-10k
従,top-10k
モーター,top-10k
見舞い,top-10k
威力,top-10k
解剖,top-10k
異論,top-10k
溜まっ,top-10k
ビジネスマン,top-10k
ビートルズ,top-10k
翌,top-10k
判っ,top-10k
盛り上がる,top-10k
閉め,top-10k
浅い,top-10k
肥満,top-10k
暴れ,top-10k
恵,top-10k
市街,top-10k
おもしろ,top-10k
拳,top-10k
人事院,top-10k
ふれ,top-10k
赤く,top-10k
儖,top-10k
エキサイト,top-10k
キャベツ,top-10k
余分,top-10k
転,top-10k
無難,top-10k
断定,top-10k
一晩,top-10k
ドラえもん,top-10k
帰ら,top-10k
銀河,top-10k
便り,top-10k
ヶ所,top-10k
妖精,top-10k
野外,top-10k
片,top-10k
真っ白,top-10k
昭,top-10k
くだらない,top-10k
気持ちよく,top-10k
満開,top-10k
追放,top-10k
組み込ま,top-10k
爽やか,top-10k
高田,top-10k
探求,top-10k
染め,top-10k
加算,top-10k
湘南,top-10k
農林省,top-10k
博多,top-10k
家内,top-10k
運動会,top-10k
プログラマ,top-10k
扶助,top-10k
声優,top-10k
取組,top-10k
ふん,top-10k
格闘技,top-10k
ナショナリズム,top-10k
プラザ,top-10k
華やか,top-10k
美味,top-10k
リーディング,top-10k
要し,top-10k
墓地,top-10k
積み,top-10k
敗れ,top-10k
及ぼし,top-10k
強行,top-10k
忍耐,top-10k
月額,top-10k
無関心,top-10k
けっして,top-10k
風水,top-10k
スキャン,top-10k
回戦,top-10k
御礼,top-10k
ドリーム,top-10k
シアター,top-10k
なめ,top-10k
作物,top-10k
褒美,top-10k
団地,top-10k
余っ,top-10k
濃厚,top-10k
有権者,top-10k
おもしろかっ,top-10k
受容,top-10k
浮かべ,top-10k
上流,top-10k
無用,top-10k
採決,top-10k
鳥取,top-10k
カタカナ,top-10k
見上げ,top-10k
電圧,top-10k
ねん,top-10k
パラメータ,top-10k
自民,top-10k
あがり,top-10k
線路,top-10k
シネマ,top-10k
注い,top-10k
配送,top-10k
マネ,top-10k
サーフィン,top-10k
納豆,top-10k
最高裁判所,top-10k
遠征,top-10k
ライス,top-10k
トピックス,top-10k
食器,top-10k
らし,top-10k
つまみ,top-10k
ビラ,top-10k
回想,top-10k
手足,top-10k
かえる,top-10k
溶け,top-10k
めったに,top-10k
ウィリアム,top-10k
ただただ,top-10k
盾,top-10k
固まっ,top-10k
芸人,top-10k
焼く,top-10k
愉快,top-10k
名曲,top-10k
シャンプー,top-10k
薫,top-10k
図式,top-10k
接客,top-10k
浮い,top-10k
唄,top-10k
カレッジ,top-10k
懸命,top-10k
なんらかの,top-10k
徳島,top-10k
重なる,top-10k
咲き,top-10k
わん,top-10k
くら,top-10k
併用,top-10k
平凡,top-10k
下降,top-10k
時価,top-10k
笑える,top-10k
刺身,top-10k
振る,top-10k
聡,top-10k
タコ,top-10k
承り,top-10k
ピラミッド,top-10k
仮名,top-10k
ロイヤル,top-10k
インテル,top-10k
レーベル,top-10k
ぞう,top-10k
戮,top-10k
政治家,top-10k
戦犯,top-10k
リース,top-10k
参っ,top-10k
デッキ,top-10k
翌朝,top-10k
評,top-10k
彩,top-10k
迄,top-10k
詰,top-10k
以,top-10k
味付け,top-10k
遠隔,top-10k
改修,top-10k
危惧,top-10k
解け,top-10k
考古学,top-10k
拠出,top-10k
蛙,top-10k
純正,top-10k
上旬,top-10k
面し,top-10k
疑う,top-10k
コス,top-10k
配り,top-10k
言お,top-10k
下ろし,top-10k
百貨店,top-10k
大家,top-10k
粒子,top-10k
入金,top-10k
わがまま,top-10k
いらっしゃっ,top-10k
閉店,top-10k
曲げ,top-10k
ける,top-10k
官邸,top-10k
配備,top-10k
パチ,top-10k
騒い,top-10k
やけど,top-10k
そいつ,top-10k
たびたび,top-10k
不完全,top-10k
クッキー,top-10k
美味し,top-10k
善意,top-10k
迷う,top-10k
予め,top-10k
日の丸,top-10k
函,top-10k
めざす,top-10k
になっ,top-10k
ほめ,top-10k
馬券,top-10k
ミラノ,top-10k
万が一,top-10k
命題,top-10k
恥ずかしく,top-10k
綿,top-10k
聞かさ,top-10k
若年,top-10k
礼,top-10k
先程,top-10k
ハッカー,top-10k
広範,top-10k
価,top-10k
配っ,top-10k
焼肉,top-10k
精,top-10k
っきり,top-10k
民家,top-10k
松山,top-10k
プロセッサ,top-10k
洞,top-10k
狂気,top-10k
法学,top-10k
ゴールデン,top-10k
筆頭,top-10k
暗闇,top-10k
創価学会,top-10k
レコーダー,top-10k
籠,top-10k
マ,top-10k
採算,top-10k
申込み,top-10k
水槽,top-10k
フラン,top-10k
いっそ,top-10k
返品,top-10k
動揺,top-10k
上院,top-10k
被っ,top-10k
銅,top-10k
音源,top-10k
出動,top-10k
いくらか,top-10k
結城,top-10k
ソフトウエア,top-10k
細,top-10k
爆破,top-10k
暗記,top-10k
焼,top-10k
捏造,top-10k
着陸,top-10k
つかむ,top-10k
耐久,top-10k
星野,top-10k
ピアニスト,top-10k
お宅,top-10k
ネクタイ,top-10k
潰し,top-10k
講,top-10k
資材,top-10k
教諭,top-10k
小道具,top-10k
みかん,top-10k
無力,top-10k
言説,top-10k
名人,top-10k
仕立て,top-10k
強要,top-10k
大工,top-10k
移る,top-10k
ナノ,top-10k
内訳,top-10k
アトピー,top-10k
室長,top-10k
財務省,top-10k
加わる,top-10k
吉川,top-10k
浜松,top-10k
お正月,top-10k
救出,top-10k
足跡,top-10k
おこなわ,top-10k
亡命,top-10k
超越,top-10k
マレー,top-10k
ウォール,top-10k
預言,top-10k
言い分,top-10k
優良,top-10k
薔薇,top-10k
作動,top-10k
わぁ,top-10k
水素,top-10k
婚約,top-10k
コップ,top-10k
昆虫,top-10k
ズレ,top-10k
フセイン,top-10k
活気,top-10k
っぽ,top-10k
岡崎,top-10k
製薬,top-10k
ループ,top-10k
接種,top-10k
留め,top-10k
オウム,top-10k
カルト,top-10k
エール,top-10k
曲がっ,top-10k
込,top-10k
悲鳴,top-10k
伝道,top-10k
乾杯,top-10k
努める,top-10k
不適切,top-10k
口コミ,top-10k
ぐっと,top-10k
驚か,top-10k
総研,top-10k
本題,top-10k
アラビア,top-10k
商社,top-10k
フレンチ,top-10k
艇,top-10k
ティッシュ,top-10k
とび,top-10k
逃し,top-10k
地価,top-10k
暴動,top-10k
赴任,top-10k
ゲイツ,top-10k
ダイナミック,top-10k
カラス,top-10k
損傷,top-10k
おばあさん,top-10k
大橋,top-10k
つと,top-10k
引け,top-10k
選抜,top-10k
選べ,top-10k
空白,top-10k
ピッタリ,top-10k
成る,top-10k
片山,top-10k
キムチ,top-10k
脱却,top-10k
削っ,top-10k
多摩,top-10k
カギ,top-10k
オリーブ,top-10k
言うまでもない,top-10k
薬局,top-10k
試,top-10k
とどまっ,top-10k
部数,top-10k
ムダ,top-10k
食わ,top-10k
ちょい,top-10k
救急車,top-10k
転じ,top-10k
早稲田,top-10k
璽,top-10k
理系,top-10k
リッチ,top-10k
無言,top-10k
マクドナルド,outside-10k
枕,outside-10k
歌声,outside-10k
失望,outside-10k
なくす,outside-10k
生き生き,outside-10k
初級,outside-10k
蝶,outside-10k
試練,outside-10k
いまさら,outside-10k
多用,outside-10k
組む,outside-10k
直行,outside-10k
読,outside-10k
院長,outside-10k
若き,outside-10k
寛,outside-10k
洞窟,outside-10k
悲しく,outside-10k
ネーミング,outside-10k
却下,outside-10k
しゃべる,outside-10k
サプリメント,outside-10k
それどころか,outside-10k
アナリスト,outside-10k
零細,outside-10k
通ら,outside-10k
ハーフ,outside-10k
巻い,outside-10k
類型,outside-10k
余儀なく,outside-10k
てれ,outside-10k
消耗,outside-10k
昼休み,outside-10k
手がけ,outside-10k
撤廃,outside-10k
畜産,outside-10k
利権,outside-10k
親しみ,outside-10k
スルー,outside-10k
啓蒙,outside-10k
熊谷,outside-10k
カ年,outside-10k
厄介,outside-10k
エンターテイメント,outside-10k
弾力,outside-10k
曜日,outside-10k
全開,outside-10k
またもや,outside-10k
ミン,outside-10k
フィルタ,outside-10k
ロープ,outside-10k
先方,outside-10k
引き上げる,outside-10k
近畿,outside-10k
ストライキ,outside-10k
響,outside-10k
山梨,outside-10k
柴田,outside-10k
ディナー,outside-10k
こないだ,outside-10k
勘弁,outside-10k
イブ,outside-10k
海水,outside-10k
ウラン,outside-10k
お子様,outside-10k
頂上,outside-10k
いただか,outside-10k
屬,outside-10k
破っ,outside-10k
鳴っ,outside-10k
路地,outside-10k
いままで,outside-10k
地盤,outside-10k
世田谷,outside-10k
突っ込み,outside-10k
りんご,outside-10k
襦,outside-10k
立ち上がり,outside-10k
みなし,outside-10k
ディーラー,outside-10k
ならびに,outside-10k
事後,outside-10k
バイオリン,outside-10k
未定,outside-10k
おろし,outside-10k
遊,outside-10k
のぞい,outside-10k
せん,outside-10k
思い出せ,outside-10k
リアリティ,outside-10k
パッチ,outside-10k
紀行,outside-10k
キューバ,outside-10k
ベット,outside-10k
鳴らし,outside-10k
享受,outside-10k
コーチング,outside-10k
リマ,outside-10k
喚起,outside-10k
年上,outside-10k
殻,outside-10k
姉歯,outside-10k
お花,outside-10k
損益,outside-10k
デイヴィッド,outside-10k
スッキリ,outside-10k
森田,outside-10k
限,outside-10k
励み,outside-10k
しゃべり,outside-10k
町長,outside-10k
エ,outside-10k
居心地,outside-10k
搭乗,outside-10k
カッコイイ,outside-10k
心得,outside-10k
集客,outside-10k
潮,outside-10k
流入,outside-10k
離脱,outside-10k
失点,outside-10k
洗礼,outside-10k
東ティモール,outside-10k
彦,outside-10k
網羅,outside-10k
晃,outside-10k
裕,outside-10k
ジェンダー,outside-10k
交,outside-10k
文言,outside-10k
酔っ,outside-10k
叩く,outside-10k
るる,outside-10k
ネパール,outside-10k
みえる,outside-10k
宮沢,outside-10k
クルー,outside-10k
鶴,outside-10k
山中,outside-10k
奪う,outside-10k
プリン,outside-10k
紙面,outside-10k
出世,outside-10k
尋問,outside-10k
カス,outside-10k
リハーサル,outside-10k
アタック,outside-10k
倍増,outside-10k
飲酒,outside-10k
上品,outside-10k
ぶつかっ,outside-10k
ちら,outside-10k
読み返し,outside-10k
繁殖,outside-10k
盗難,outside-10k
望,outside-10k
パンク,outside-10k
前編,outside-10k
手持ち,outside-10k
先住民,outside-10k
響い,outside-10k
告げる,outside-10k
まとまり,outside-10k
考,outside-10k
愛国,outside-10k
ようこそ,outside-10k
かご,outside-10k
レーザ,outside-10k
蘭,outside-10k
致命,outside-10k
カジノ,outside-10k
あげよ,outside-10k
つなげ,outside-10k
出掛け,outside-10k
ツリー,outside-10k
渡,outside-10k
即し,outside-10k
暗黙,outside-10k
奨学,outside-10k
ユニフォーム,outside-10k
プロトコル,outside-10k
突如,outside-10k
チー,outside-10k
部位,outside-10k
部活,outside-10k
オイラ,outside-10k
反戦,outside-10k
たまり,outside-10k
トーン,outside-10k
実名,outside-10k
検事,outside-10k
徹夜,outside-10k
懐,outside-10k
むろん,outside-10k
ほっ,outside-10k
都度,outside-10k
うらやましい,outside-10k
小山,outside-10k
夕,outside-10k
先発,outside-10k
本業,outside-10k
メーター,outside-10k
ウン,outside-10k
受給,outside-10k
変容,outside-10k
遅れる,outside-10k
スティック,outside-10k
其の,outside-10k
カツ,outside-10k
チェロ,outside-10k
泰,outside-10k
飛,outside-10k
絡み,outside-10k
ヒマ,outside-10k
縛ら,outside-10k
あ〜,outside-10k
クルーズ,outside-10k
是非とも,outside-10k
ゆか,outside-10k
聖堂,outside-10k
原案,outside-10k
トラウマ,outside-10k
ライブラリ,outside-10k
リットル,outside-10k
送金,outside-10k
副業,outside-10k
拡散,outside-10k
キャピタル,outside-10k
舟,outside-10k
車椅子,outside-10k
準拠,outside-10k
不愉快,outside-10k
校正,outside-10k
アシスタント,outside-10k
アルゴリズム,outside-10k
後援,outside-10k
除け,outside-10k
ヘタ,outside-10k
干し,outside-10k
至り,outside-10k
包装,outside-10k
誓い,outside-10k
産ま,outside-10k
ベビー,outside-10k
消す,outside-10k
温,outside-10k
処方,outside-10k
ダイオキシン,outside-10k
陣営,outside-10k
シリコンバレー,outside-10k
骨折,outside-10k
毎度,outside-10k
試みる,outside-10k
厚い,outside-10k
隔離,outside-10k
湾岸,outside-10k
帰ろ,outside-10k
直結,outside-10k
不公平,outside-10k
白く,outside-10k
丸山,outside-10k
はり,outside-10k
談話,outside-10k
足ら,outside-10k
或,outside-10k
掲示,outside-10k
只今,outside-10k
総数,outside-10k
封筒,outside-10k
一人ひとり,outside-10k
転落,outside-10k
ヒトラー,outside-10k
受,outside-10k
薬品,outside-10k
会える,outside-10k
委任,outside-10k
ふだん,outside-10k
頂戴,outside-10k
崇拝,outside-10k
台数,outside-10k
一端,outside-10k
冷却,outside-10k
大雨,outside-10k
ボロボロ,outside-10k
念願,outside-10k
ボーイ,outside-10k
水中,outside-10k
帯び,outside-10k
きか,outside-10k
定額,outside-10k
意地,outside-10k
搾取,outside-10k
試作,outside-10k
恐い,outside-10k
暴力団,outside-10k
凝っ,outside-10k
ソナタ,outside-10k
保ち,outside-10k
コネ,outside-10k
儲ける,outside-10k
賞賛,outside-10k
慢性,outside-10k
プリンタ,outside-10k
過ち,outside-10k
県知事,outside-10k
分かれる,outside-10k
見本,outside-10k
ドロップ,outside-10k
老後,outside-10k
巨,outside-10k
ネズミ,outside-10k
愛好,outside-10k
侵攻,outside-10k
北側,outside-10k
品川,outside-10k
修習,outside-10k
産婆,outside-10k
漂う,outside-10k
泡,outside-10k
寂し,outside-10k
麻酔,outside-10k
葬式,outside-10k
イノベーション,outside-10k
ばれ,outside-10k
三木,outside-10k
乗り込ん,outside-10k
ターミナル,outside-10k
小笠原,outside-10k
載せる,outside-10k
つきあい,outside-10k
貰い,outside-10k
コメディ,outside-10k
化石,outside-10k
荘,outside-10k
ふるさと,outside-10k
三井,outside-10k
転勤,outside-10k
理不尽,outside-10k
見極め,outside-10k
傍,outside-10k
むら,outside-10k
明快,outside-10k
列島,outside-10k
ヒデ,outside-10k
オト,outside-10k
ちの,outside-10k
オ,outside-10k
行進,outside-10k
死な,outside-10k
公庫,outside-10k
催し,outside-10k
公述,outside-10k
北村,outside-10k
簡素,outside-10k
知覚,outside-10k
歴代,outside-10k
争う,outside-10k
解読,outside-10k
おなじ,outside-10k
寛容,outside-10k
汎用,outside-10k
歩ん,outside-10k
キミ,outside-10k
セクシー,outside-10k
冷め,outside-10k
コーディネーター,outside-10k
垂直,outside-10k
澆,outside-10k
グッド,outside-10k
よら,outside-10k
軍団,outside-10k
悪夢,outside-10k
近況,outside-10k
中級,outside-10k
申し立て,outside-10k
鳩,outside-10k
まね,outside-10k
偏っ,outside-10k
木々,outside-10k
こんど,outside-10k
夕飯,outside-10k
特異,outside-10k
過失,outside-10k
闘う,outside-10k
不気味,outside-10k
泳い,outside-10k
予期,outside-10k
セキュリティー,outside-10k
ノード,outside-10k
素早く,outside-10k
バスク,outside-10k
不利益,outside-10k
嗜好,outside-10k
接点,outside-10k
変遷,outside-10k
ヨハネ,outside-10k
定食,outside-10k
トリック,outside-10k
盗ま,outside-10k
赤ん坊,outside-10k
明る,outside-10k
大作,outside-10k
涼しい,outside-10k
サンド,outside-10k
いいえ,outside-10k
かま,outside-10k
裏切ら,outside-10k
要注意,outside-10k
マグロ,outside-10k
柳,outside-10k
軽視,outside-10k
手塚,outside-10k
厳し,outside-10k
不備,outside-10k
バリバリ,outside-10k
雑,outside-10k
田んぼ,outside-10k
目録,outside-10k
ボクシング,outside-10k
勘案,outside-10k
漂っ,outside-10k
要る,outside-10k
工藤,outside-10k
追い込ま,outside-10k
尽くす,outside-10k
着き,outside-10k
つら,outside-10k
宅配,outside-10k
厚く,outside-10k
たどっ,outside-10k
お出かけ,outside-10k
役に立た,outside-10k
さら,outside-10k
峠,outside-10k
ラテン,outside-10k
著しい,outside-10k
書き込む,outside-10k
とある,outside-10k
解禁,outside-10k
承,outside-10k
宝くじ,outside-10k
覆わ,outside-10k
名付け,outside-10k
テキサス,outside-10k
いと,outside-10k
終り,outside-10k
尿,outside-10k
典,outside-10k
トス,outside-10k
含める,outside-10k
慣れる,outside-10k
隠蔽,outside-10k
レター,outside-10k
ゴメン,outside-10k
中枢,outside-10k
クリーン,outside-10k
女児,outside-10k
サラ,outside-10k
猛烈,outside-10k
ヤクザ,outside-10k
啓,outside-10k
生体,outside-10k
出費,outside-10k
ヨット,outside-10k
一挙,outside-10k
ハズ,outside-10k
カルロス,outside-10k
しき,outside-10k
ここら,outside-10k
学位,outside-10k
云っ,outside-10k
養護,outside-10k
内定,outside-10k
とけ,outside-10k
血圧,outside-10k
アイスランド,outside-10k
歌わ,outside-10k
厳重,outside-10k
日差し,outside-10k
見当たら,outside-10k
目立ち,outside-10k
税関,outside-10k
うんざり,outside-10k
酵素,outside-10k
混同,outside-10k
あわ,outside-10k
駆けつけ,outside-10k
ひさし,outside-10k
神さま,outside-10k
モチーフ,outside-10k
介助,outside-10k
金儲け,outside-10k
執着,outside-10k
ヒューマン,outside-10k
標本,outside-10k
対価,outside-10k
果実,outside-10k
反乱,outside-10k
柔軟性,outside-10k
とことん,outside-10k
焼却,outside-10k
カンファレンス,outside-10k
母国,outside-10k
生き残っ,outside-10k
振る舞い,outside-10k
被疑,outside-10k
税法,outside-10k
操縦,outside-10k
散々,outside-10k
なみ,outside-10k
ケガ,outside-10k
芝生,outside-10k
ギア,outside-10k
テラス,outside-10k
目下,outside-10k
年数,outside-10k
それだけに,outside-10k
埋める,outside-10k
判る,outside-10k
功績,outside-10k
椶,outside-10k
ひまわり,outside-10k
特急,outside-10k
使お,outside-10k
若しくは,outside-10k
狩猟,outside-10k
務,outside-10k
昇格,outside-10k
遅延,outside-10k
長期間,outside-10k
香川,outside-10k
コマーシャル,outside-10k
導か,outside-10k
下車,outside-10k
一方で,outside-10k
さりげ,outside-10k
ペットボトル,outside-10k
プロバイダー,outside-10k
届,outside-10k
悩まさ,outside-10k
ヨーグルト,outside-10k
よろしけれ,outside-10k
帰省,outside-10k
杖,outside-10k
合戦,outside-10k
園芸,outside-10k
ちょこっと,outside-10k
試す,outside-10k
郵政省,outside-10k
云,outside-10k
祝い,outside-10k
カビ,outside-10k
配線,outside-10k
おじいさん,outside-10k
呉,outside-10k
笑み,outside-10k
羽田,outside-10k
振込,outside-10k
一品,outside-10k
落ち着か,outside-10k
治る,outside-10k
アイ,outside-10k
米ドル,outside-10k
アプリ,outside-10k
定時,outside-10k
気がつか,outside-10k
加わり,outside-10k
根幹,outside-10k
アッ,outside-10k
隙,outside-10k
松岡,outside-10k
こたえ,outside-10k
問いかけ,outside-10k
シアトル,outside-10k
一周,outside-10k
安値,outside-10k
艦隊,outside-10k
まあまあ,outside-10k
押し付け,outside-10k
タブー,outside-10k
取り扱う,outside-10k
無条件,outside-10k
乗ら,outside-10k
来場,outside-10k
前線,outside-10k
一向に,outside-10k
殺到,outside-10k
奄美,outside-10k
手がかり,outside-10k
チェンジ,outside-10k
利息,outside-10k
傲慢,outside-10k
桂,outside-10k
通産,outside-10k
チャールズ,outside-10k
低減,outside-10k
ジェームス,outside-10k
柔らかく,outside-10k
シャン,outside-10k
残留,outside-10k
お家,outside-10k
プラント,outside-10k
はいっ,outside-10k
トロツキー,outside-10k
扶養,outside-10k
早くから,outside-10k
ガンガン,outside-10k
助かり,outside-10k
ラック,outside-10k
クオリティ,outside-10k
プチ,outside-10k
陽子,outside-10k
ハゲ,outside-10k
なぞ,outside-10k
ディフェンス,outside-10k
ピンチ,outside-10k
富ん,outside-10k
捕まえ,outside-10k
就寝,outside-10k
吸う,outside-10k
増田,outside-10k
申し入れ,outside-10k
アンプ,outside-10k
アラン,outside-10k
琴,outside-10k
任せる,outside-10k
冠,outside-10k
良き,outside-10k
終結,outside-10k
ハラ,outside-10k
ゆかり,outside-10k
成り,outside-10k
本家,outside-10k
月間,outside-10k
当てる,outside-10k
音量,outside-10k
留守,outside-10k
無論,outside-10k
スターリン,outside-10k
帰,outside-10k
みどり,outside-10k
天体,outside-10k
何しろ,outside-10k
ジュン,outside-10k
カラ,outside-10k
まわし,outside-10k
枯れ,outside-10k
柏崎,outside-10k
フットボール,outside-10k
しづ,outside-10k
逸脱,outside-10k
アクティブ,outside-10k
ナイス,outside-10k
辞める,outside-10k
冷たく,outside-10k
図ら,outside-10k
イルカ,outside-10k
プロバイダ,outside-10k
停電,outside-10k
糞,outside-10k
立候補,outside-10k
ひとまず,outside-10k
申立,outside-10k
発酵,outside-10k
ホームレス,outside-10k
スキ,outside-10k
老舗,outside-10k
ステーキ,outside-10k
かわっ,outside-10k
誘致,outside-10k
こんなふうに,outside-10k
補,outside-10k
抜か,outside-10k
はじまっ,outside-10k
つかみ,outside-10k
釈放,outside-10k
半額,outside-10k
ばら,outside-10k
ポッドキャスト,outside-10k
灰,outside-10k
セルフ,outside-10k
処遇,outside-10k
インディアン,outside-10k
西川,outside-10k
探査,outside-10k
通告,outside-10k
破棄,outside-10k
王朝,outside-10k
救援,outside-10k
絶え,outside-10k
ロサンゼルス,outside-10k
ねらい,outside-10k
洗う,outside-10k
ユニバーサル,outside-10k
近づき,outside-10k
横田,outside-10k
投下,outside-10k
農園,outside-10k
登る,outside-10k
鋼,outside-10k
ウサギ,outside-10k
自爆,outside-10k
プロレタリアート,outside-10k
抑止,outside-10k
天下り,outside-10k
知らさ,outside-10k
おにぎり,outside-10k
拭,outside-10k
絞り,outside-10k
北九州,outside-10k
見物,outside-10k
蹴り,outside-10k
ガール,outside-10k
張る,outside-10k
当地,outside-10k
まじ,outside-10k
紐,outside-10k
過半数,outside-10k
メンタル,outside-10k
一度に,outside-10k
サマ,outside-10k
君が代,outside-10k
標的,outside-10k
改札,outside-10k
行える,outside-10k
インサイダー,outside-10k
拾い,outside-10k
年配,outside-10k
麻雀,outside-10k
トレーダー,outside-10k
取り入れる,outside-10k
童話,outside-10k
無理矢理,outside-10k
地蔵,outside-10k
浅草,outside-10k
切り口,outside-10k
いん,outside-10k
洗浄,outside-10k
一人暮らし,outside-10k
加熱,outside-10k
うに,outside-10k
洗脳,outside-10k
秘,outside-10k
ヘル,outside-10k
接,outside-10k
失,outside-10k
ビジュアル,outside-10k
貸付,outside-10k
レコーディング,outside-10k
清算,outside-10k
モニタ,outside-10k
名所,outside-10k
げん,outside-10k
輩,outside-10k
下部,outside-10k
就,outside-10k
おん,outside-10k
気圧,outside-10k
ディン,outside-10k
所在地,outside-10k
人道,outside-10k
純一郎,outside-10k
驚かさ,outside-10k
同窓会,outside-10k
独創,outside-10k
ナンパ,outside-10k
でん,outside-10k
歌舞伎,outside-10k
しまお,outside-10k
父母,outside-10k
おかけ,outside-10k
洗剤,outside-10k
写,outside-10k
造ら,outside-10k
運送,outside-10k
高山,outside-10k
用地,outside-10k
利回り,outside-10k
運輸省,outside-10k
通商,outside-10k
多忙,outside-10k
喜,outside-10k
日光,outside-10k
知見,outside-10k
近々,outside-10k
軽量,outside-10k
単身,outside-10k
些細,outside-10k
代わる,outside-10k
おそれ,outside-10k
疾病,outside-10k
すっごく,outside-10k
勘,outside-10k
空想,outside-10k
残ら,outside-10k
水着,outside-10k
クーラー,outside-10k
しくみ,outside-10k
エンタープライズ,outside-10k
除,outside-10k
鉛筆,outside-10k
ケンカ,outside-10k
瞬時,outside-10k
船舶,outside-10k
照,outside-10k
投機,outside-10k
ヘア,outside-10k
精力,outside-10k
いいかげん,outside-10k
生かさ,outside-10k
引き分け,outside-10k
時差,outside-10k
おける,outside-10k
玩具,outside-10k
美味い,outside-10k
多岐,outside-10k
武田,outside-10k
日報,outside-10k
登勢,outside-10k
持ち合わせ,outside-10k
愛子,outside-10k
グランプリ,outside-10k
年内,outside-10k
歳入,outside-10k
伊東,outside-10k
献金,outside-10k
聞き取り,outside-10k
けい,outside-10k
正し,outside-10k
ジャム,outside-10k
錠,outside-10k
排気,outside-10k
樹木,outside-10k
本編,outside-10k
返さ,outside-10k
旨い,outside-10k
後記,outside-10k
市議会,outside-10k
ヤバイ,outside-10k
炭鉱,outside-10k
盛り上げ,outside-10k
思いつく,outside-10k
お許し,outside-10k
バリエーション,outside-10k
償却,outside-10k
病棟,outside-10k
飼い,outside-10k
婚,outside-10k
補充,outside-10k
正反対,outside-10k
視力,outside-10k
知名度,outside-10k
リオ,outside-10k
日本共産党,outside-10k
南アフリカ,outside-10k
満州,outside-10k
天下,outside-10k
語源,outside-10k
供,outside-10k
部族,outside-10k
三昧,outside-10k
藤沢,outside-10k
沈ん,outside-10k
盛り込ま,outside-10k
怪獣,outside-10k
込む,outside-10k
伴奏,outside-10k
この先,outside-10k
悪用,outside-10k
実況,outside-10k
過疎,outside-10k
ジャーナル,outside-10k
永井,outside-10k
落とさ,outside-10k
アフガン,outside-10k
負わ,outside-10k
蕁,outside-10k
対人,outside-10k
焦っ,outside-10k
タイムズ,outside-10k
洗い,outside-10k
たし,outside-10k
誉め,outside-10k
国営,outside-10k
広め,outside-10k
めっちゃ,outside-10k
かんじ,outside-10k
父さん,outside-10k
稼げる,outside-10k
賢,outside-10k
くっ,outside-10k
三位一体,outside-10k
路面,outside-10k
贈る,outside-10k
広範囲,outside-10k
言うまでもなく,outside-10k
とっくに,outside-10k
湧い,outside-10k
申し込ん,outside-10k
リセット,outside-10k
力強い,outside-10k
毀損,outside-10k
委,outside-10k
夜中,outside-10k
皇太子,outside-10k
隻,outside-10k
素晴らし,outside-10k
ボーカル,outside-10k
頂けれ,outside-10k
貰う,outside-10k
誠意,outside-10k
すし,outside-10k
小児,outside-10k
拷問,outside-10k
着け,outside-10k
会わ,outside-10k
昨年度,outside-10k
ポリ,outside-10k
宿命,outside-10k
改変,outside-10k
古本屋,outside-10k
推計,outside-10k
芋,outside-10k
郷,outside-10k
ダンサー,outside-10k
直ぐに,outside-10k
熱帯,outside-10k
緩やか,outside-10k
カイロ,outside-10k
前記,outside-10k
梨,outside-10k
公営,outside-10k
クセ,outside-10k
年中,outside-10k
見守る,outside-10k
哲,outside-10k
ゐる,outside-10k
鈴,outside-10k
折角,outside-10k
内臓,outside-10k
党員,outside-10k
このごろ,outside-10k
好ましい,outside-10k
アイスクリーム,outside-10k
創り,outside-10k
がんばる,outside-10k
匹敵,outside-10k
なんだかんだ,outside-10k
思い入れ,outside-10k
ペイ,outside-10k
爾,outside-10k
カニ,outside-10k
中共,outside-10k
反撃,outside-10k
タンパク質,outside-10k
税込み,outside-10k
バーツ,outside-10k
目立た,outside-10k
乾い,outside-10k
神父,outside-10k
海底,outside-10k
適格,outside-10k
親しい,outside-10k
楼,outside-10k
人脈,outside-10k
分別,outside-10k
聖なる,outside-10k
日焼け,outside-10k
興行,outside-10k
爆撃,outside-10k
安保理,outside-10k
専務,outside-10k
うり,outside-10k
よくよく,outside-10k
教わっ,outside-10k
歩け,outside-10k
みせる,outside-10k
貯め,outside-10k
投,outside-10k
駐留,outside-10k
うーむ,outside-10k
標識,outside-10k
合図,outside-10k
最期,outside-10k
議席,outside-10k
スキン,outside-10k
戦国,outside-10k
ならば,outside-10k
髪型,outside-10k
夜明け,outside-10k
おもしろく,outside-10k
八木,outside-10k
供述,outside-10k
デカ,outside-10k
燃費,outside-10k
国政,outside-10k
飾ら,outside-10k
廃,outside-10k
うむ,outside-10k
主席,outside-10k
祐,outside-10k
刺し,outside-10k
お誘い,outside-10k
邸,outside-10k
報復,outside-10k
検診,outside-10k
セクター,outside-10k
しんどい,outside-10k
農協,outside-10k
持,outside-10k
僧,outside-10k
註,outside-10k
有能,outside-10k
配,outside-10k
俊,outside-10k
居場所,outside-10k
お盆,outside-10k
固く,outside-10k
開通,outside-10k
吾,outside-10k
包ん,outside-10k
換え,outside-10k
焼け,outside-10k
奈,outside-10k
ダイヤ,outside-10k
進め方,outside-10k
糧,outside-10k
硬い,outside-10k
アルファベット,outside-10k
質量,outside-10k
手のひら,outside-10k
異例,outside-10k
神道,outside-10k
だらだら,outside-10k
苦しく,outside-10k
的中,outside-10k
吸い,outside-10k
紫外線,outside-10k
持ち込み,outside-10k
勇,outside-10k
主治医,outside-10k
サックス,outside-10k
率いる,outside-10k
アクセント,outside-10k
佐野,outside-10k
ひょっとしたら,outside-10k
ペンギン,outside-10k
メガ,outside-10k
困,outside-10k
欲し,outside-10k
薬剤,outside-10k
於,outside-10k
鳴る,outside-10k
ワイド,outside-10k
確かめる,outside-10k
続出,outside-10k
錦,outside-10k
築く,outside-10k
ガム,outside-10k
腕時計,outside-10k
量子,outside-10k
ミサ,outside-10k
賞金,outside-10k
盗聴,outside-10k
モーニング,outside-10k
メロディー,outside-10k
原始,outside-10k
ダイビング,outside-10k
郷土,outside-10k
佞,outside-10k
竹下,outside-10k
古田,outside-10k
草子,outside-10k
ワークス,outside-10k
ぐるぐる,outside-10k
手袋,outside-10k
反抗,outside-10k
パル,outside-10k
ロジック,outside-10k
長編,outside-10k
臨ん,outside-10k
ギリシア,outside-10k
グレ,outside-10k
菊,outside-10k
尾崎,outside-10k
定数,outside-10k
ありがと,outside-10k
モデム,outside-10k
休止,outside-10k
物品,outside-10k
吟味,outside-10k
論じる,outside-10k
仕上がり,outside-10k
故意,outside-10k
隣人,outside-10k
急ぐ,outside-10k
あな,outside-10k
恥ずかし,outside-10k
防,outside-10k
出来上がり,outside-10k
太い,outside-10k
バタバタ,outside-10k
平面,outside-10k
地主,outside-10k
むかし,outside-10k
ツーリング,outside-10k
分岐,outside-10k
高性能,outside-10k
いち早く,outside-10k
ココロ,outside-10k
手首,outside-10k
横山,outside-10k
広まっ,outside-10k
片隅,outside-10k
増進,outside-10k
女史,outside-10k
出所,outside-10k
労組,outside-10k
巧,outside-10k
撮ら,outside-10k
同性愛,outside-10k
投げる,outside-10k
いわく,outside-10k
見出す,outside-10k
ロッテ,outside-10k
義理,outside-10k
鬱,outside-10k
誤差,outside-10k
壁紙,outside-10k
有っ,outside-10k
一息,outside-10k
ダル,outside-10k
非常勤,outside-10k
スロット,outside-10k
納期,outside-10k
ツン,outside-10k
年末年始,outside-10k
衰え,outside-10k
手口,outside-10k
スプーン,outside-10k
飾る,outside-10k
すま,outside-10k
マネジャー,outside-10k
エッチ,outside-10k
なかつ,outside-10k
和食,outside-10k
アキ,outside-10k
強み,outside-10k
スリム,outside-10k
パケット,outside-10k
傷害,outside-10k
はな,outside-10k
川上,outside-10k
まかせ,outside-10k
寝室,outside-10k
商用,outside-10k
ちく,outside-10k
究明,outside-10k
社交,outside-10k
束,outside-10k
ぶち,outside-10k
衆,outside-10k
愛着,outside-10k
工務,outside-10k
附属,outside-10k
エホバ,outside-10k
たかが,outside-10k
欠い,outside-10k
出血,outside-10k
願,outside-10k
港湾,outside-10k
自閉症,outside-10k
取りまとめ,outside-10k
禅,outside-10k
絶好,outside-10k
丈夫,outside-10k
学ば,outside-10k
貸出,outside-10k
難易,outside-10k
はかり,outside-10k
早稲田大学,outside-10k
スカイ,outside-10k
柔らか,outside-10k
尊,outside-10k
貸し出し,outside-10k
議,outside-10k
射撃,outside-10k
遮断,outside-10k
解っ,outside-10k
自給,outside-10k
増額,outside-10k
出そ,outside-10k
最前線,outside-10k
払え,outside-10k
知識人,outside-10k
日本橋,outside-10k
国務,outside-10k
包み,outside-10k
ウル,outside-10k
放火,outside-10k
独り,outside-10k
ポチ,outside-10k
小銭,outside-10k
イチゴ,outside-10k
賛否,outside-10k
取り締まり,outside-10k
標,outside-10k
立ち寄っ,outside-10k
炭素,outside-10k
お気,outside-10k
民俗,outside-10k
会計士,outside-10k
話し合う,outside-10k
着席,outside-10k
守ろ,outside-10k
島根,outside-10k
楽園,outside-10k
水田,outside-10k
受診,outside-10k
盗ん,outside-10k
夕日,outside-10k
最優秀,outside-10k
掛ける,outside-10k
ファックス,outside-10k
唐突,outside-10k
春樹,outside-10k
朗,outside-10k
恐竜,outside-10k
尺度,outside-10k
寸法,outside-10k
ミシン,outside-10k
ふく,outside-10k
むけ,outside-10k
生み出さ,outside-10k
ナビ,outside-10k
只,outside-10k
戻ら,outside-10k
おかず,outside-10k
明細,outside-10k
否め,outside-10k
めぐみ,outside-10k
トーマス,outside-10k
奴ら,outside-10k
日経新聞,outside-10k
一刻,outside-10k
脱い,outside-10k
真っ暗,outside-10k
東欧,outside-10k
尽きる,outside-10k
古書,outside-10k
終っ,outside-10k
本場,outside-10k
走れ,outside-10k
ケリー,outside-10k
百科,outside-10k
アテネ,outside-10k
東方,outside-10k
賢明,outside-10k
接待,outside-10k
酔い,outside-10k
分かち,outside-10k
選べる,outside-10k
滅多に,outside-10k
高松,outside-10k
やり直し,outside-10k
そろえ,outside-10k
リレー,outside-10k
斎,outside-10k
遥か,outside-10k
探っ,outside-10k
零,outside-10k
セミ,outside-10k
糾弾,outside-10k
たいし,outside-10k
斬新,outside-10k
宿舎,outside-10k
岩波書店,outside-10k
じゅう,outside-10k
原題,outside-10k
処刑,outside-10k
いたずら,outside-10k
盛,outside-10k
うわさ,outside-10k
ランナー,outside-10k
日産,outside-10k
脅し,outside-10k
協奏曲,outside-10k
染色,outside-10k
侍,outside-10k
惚れ,outside-10k
明瞭,outside-10k
建設省,outside-10k
アーキテクチャ,outside-10k
メーリングリスト,outside-10k
浦和,outside-10k
閉じる,outside-10k
踏み込ん,outside-10k
日帰り,outside-10k
オルガン,outside-10k
バージョンアップ,outside-10k
マニアック,outside-10k
人前,outside-10k
動かさ,outside-10k
巷,outside-10k
呆れ,outside-10k
サマー,outside-10k
効か,outside-10k
イエロー,outside-10k
核心,outside-10k
考案,outside-10k
佐賀,outside-10k
毎晩,outside-10k
ベリー,outside-10k
違憲,outside-10k
燃える,outside-10k
徳川,outside-10k
快,outside-10k
大将,outside-10k
真夏,outside-10k
道徳的,outside-10k
お迎え,outside-10k
望遠鏡,outside-10k
補修,outside-10k
何かしら,outside-10k
政界,outside-10k
誘う,outside-10k
タラ,outside-10k
さっと,outside-10k
アメリカ合衆国,outside-10k
カスタム,outside-10k
多種,outside-10k
落ち着く,outside-10k
造っ,outside-10k
立ち止まっ,outside-10k
おこなっ,outside-10k
チェックイン,outside-10k
バット,outside-10k
入り込ん,outside-10k
半日,outside-10k
ファイナンス,outside-10k
ウエスト,outside-10k
つぶれ,outside-10k
中日,outside-10k
年版,outside-10k
整える,outside-10k
ふっ,outside-10k
経ち,outside-10k
譲っ,outside-10k
ヨウ,outside-10k
ワイ,outside-10k
限る,outside-10k
ヘクタール,outside-10k
コンプレックス,outside-10k
カム,outside-10k
着せ,outside-10k
水野,outside-10k
激励,outside-10k
通り過ぎ,outside-10k
静止,outside-10k
クビ,outside-10k
たた,outside-10k
議定,outside-10k
電脳,outside-10k
チャイナ,outside-10k
エステ,outside-10k
忘年会,outside-10k
挑発,outside-10k
歪み,outside-10k
御座い,outside-10k
固い,outside-10k
連勝,outside-10k
なじみ,outside-10k
フェリー,outside-10k
兎,outside-10k
とどまら,outside-10k
発作,outside-10k
失格,outside-10k
庫,outside-10k
一大,outside-10k
羨ましい,outside-10k
初戦,outside-10k
バス停,outside-10k
茶色,outside-10k
けが,outside-10k
弥生,outside-10k
義務づけ,outside-10k
華麗,outside-10k
フロリダ,outside-10k
つづき,outside-10k
踏み,outside-10k
公約,outside-10k
届出,outside-10k
値下げ,outside-10k
みち,outside-10k
ゲリラ,outside-10k
ススメ,outside-10k
日立,outside-10k
ボロ,outside-10k
陛下,outside-10k
ことごとく,outside-10k
こし,outside-10k
冊子,outside-10k
味噌汁,outside-10k
騎手,outside-10k
所定,outside-10k
機嫌,outside-10k
だまさ,outside-10k
初版,outside-10k
ランニング,outside-10k
明かり,outside-10k
見合い,outside-10k
オリ,outside-10k
名乗る,outside-10k
昇,outside-10k
造形,outside-10k
羅,outside-10k
中曽根,outside-10k
建っ,outside-10k
京都大学,outside-10k
警報,outside-10k
臨む,outside-10k
夢見,outside-10k
アイヌ,outside-10k
守れ,outside-10k
不透明,outside-10k
フラワー,outside-10k
珍,outside-10k
近頃,outside-10k
ベータ,outside-10k
摘発,outside-10k
相手方,outside-10k
交易,outside-10k
飛行場,outside-10k
袖,outside-10k
プロパティ,outside-10k
同月,outside-10k
後ほど,outside-10k
船長,outside-10k
言いよう,outside-10k
端子,outside-10k
司祭,outside-10k
産物,outside-10k
白黒,outside-10k
佐,outside-10k
さよなら,outside-10k
事業主,outside-10k
心構え,outside-10k
飢え,outside-10k
そら,outside-10k
当の,outside-10k
殿下,outside-10k
胡,outside-10k
興,outside-10k
本国,outside-10k
藤本,outside-10k
敬,outside-10k
前々,outside-10k
薬剤師,outside-10k
切ない,outside-10k
赤外線,outside-10k
カブ,outside-10k
右脳,outside-10k
先行き,outside-10k
腐っ,outside-10k
乗り物,outside-10k
ボルト,outside-10k
二郎,outside-10k
れん,outside-10k
全域,outside-10k
控えめ,outside-10k
体温,outside-10k
区画,outside-10k
揺れる,outside-10k
アダルト,outside-10k
教義,outside-10k
丈,outside-10k
枚数,outside-10k
外傷,outside-10k
悲観,outside-10k
更生,outside-10k
つたの,outside-10k
柏,outside-10k
リモコン,outside-10k
各省,outside-10k
暗黒,outside-10k
キャップ,outside-10k
左利き,outside-10k
逃亡,outside-10k
両側,outside-10k
国内外,outside-10k
電化,outside-10k
ポンプ,outside-10k
三島,outside-10k
コーラス,outside-10k
宇宙船,outside-10k
遺言,outside-10k
ナチュラル,outside-10k
ご無沙汰,outside-10k
満た,outside-10k
エルサレム,outside-10k
面会,outside-10k
角川,outside-10k
唱える,outside-10k
一面,outside-10k
荒,outside-10k
納入,outside-10k
細菌,outside-10k
ちょう,outside-10k
膺,outside-10k
すべ,outside-10k
県庁,outside-10k
使い分け,outside-10k
概ね,outside-10k
しまわ,outside-10k
なかでも,outside-10k
教皇,outside-10k
累積,outside-10k
いたす,outside-10k
チューブ,outside-10k
耐,outside-10k
要員,outside-10k
新田,outside-10k
台頭,outside-10k
文科,outside-10k
買取,outside-10k
可愛,outside-10k
受けとめ,outside-10k
消去,outside-10k
取り消し,outside-10k
村長,outside-10k
破滅,outside-10k
しつこく,outside-10k
無職,outside-10k
過大,outside-10k
選別,outside-10k
格納,outside-10k
西武,outside-10k
肝臓,outside-10k
聴,outside-10k
断食,outside-10k
急ぎ,outside-10k
途方,outside-10k
投影,outside-10k
熱中,outside-10k
呪い,outside-10k
ふたたび,outside-10k
分業,outside-10k
面談,outside-10k
僧侶,outside-10k
ジョニー,outside-10k
付録,outside-10k
揃い,outside-10k
振り返り,outside-10k
長文,outside-10k
クリントン,outside-10k
年次,outside-10k
モロッコ,outside-10k
柔道,outside-10k
ダッシュ,outside-10k
わたっ,outside-10k
同調,outside-10k
細く,outside-10k
包丁,outside-10k
悪徳,outside-10k
こみ,outside-10k
連行,outside-10k
妙に,outside-10k
暴落,outside-10k
担い手,outside-10k
有識者,outside-10k
公司,outside-10k
改装,outside-10k
一国,outside-10k
付か,outside-10k
諸島,outside-10k
がい,outside-10k
磨く,outside-10k
ミュンヘン,outside-10k
来れ,outside-10k
気合い,outside-10k
一夜,outside-10k
ナポレオン,outside-10k
矢野,outside-10k
供与,outside-10k
脂,outside-10k
辛く,outside-10k
レオ,outside-10k
慰め,outside-10k
に当たる,outside-10k
統括,outside-10k
冷房,outside-10k
薦め,outside-10k
月別,outside-10k
いたっ,outside-10k
手当て,outside-10k
ストレッチ,outside-10k
プライア,outside-10k
蔓延,outside-10k
開演,outside-10k
たけれ,outside-10k
批准,outside-10k
ドール,outside-10k
主査,outside-10k
ビート,outside-10k
陳情,outside-10k
始めよ,outside-10k
創る,outside-10k
予備校,outside-10k
運搬,outside-10k
過,outside-10k
遼,outside-10k
ちまっ,outside-10k
玄米,outside-10k
インスタント,outside-10k
イタリアン,outside-10k
わら,outside-10k
母体,outside-10k
幸子,outside-10k
リモート,outside-10k
泊まり,outside-10k
日ごろ,outside-10k
宅地,outside-10k
ご馳走,outside-10k
富士通,outside-10k
断然,outside-10k
見知らぬ,outside-10k
結びつき,outside-10k
さんざん,outside-10k
ハードル,outside-10k
大嫌い,outside-10k
破損,outside-10k
数える,outside-10k
まったり,outside-10k
お洒落,outside-10k
本稿,outside-10k
索引,outside-10k
工学部,outside-10k
乗,outside-10k
もどる,outside-10k
ベタ,outside-10k
構内,outside-10k
貯蔵,outside-10k
灰色,outside-10k
スペック,outside-10k
魅了,outside-10k
王者,outside-10k
すんなり,outside-10k
伝わら,outside-10k
青色,outside-10k
希薄,outside-10k
にあたり,outside-10k
税源,outside-10k
惜しい,outside-10k
暁,outside-10k
見込ま,outside-10k
気まま,outside-10k
古川,outside-10k
後編,outside-10k
漱石,outside-10k
足らず,outside-10k
スクロール,outside-10k
マリー,outside-10k
しかる,outside-10k
吐い,outside-10k
将,outside-10k
降ら,outside-10k
相方,outside-10k
ネジ,outside-10k
強まっ,outside-10k
少な,outside-10k
みつけ,outside-10k
間に合う,outside-10k
ジョーンズ,outside-10k
入れよ,outside-10k
発端,outside-10k
だんだんと,outside-10k
空軍,outside-10k
斜面,outside-10k
次官,outside-10k
好ま,outside-10k
仕事場,outside-10k
豚肉,outside-10k
一段と,outside-10k
不服,outside-10k
迷わ,outside-10k
微生物,outside-10k
でかけ,outside-10k
優待,outside-10k
至上,outside-10k
サード,outside-10k
ムリ,outside-10k
藍,outside-10k
幼少,outside-10k
オシャレ,outside-10k
函館,outside-10k
労災,outside-10k
信長,outside-10k
北東,outside-10k
こんなにも,outside-10k
アンチ,outside-10k
一文,outside-10k
共和党,outside-10k
遭っ,outside-10k
乙女,outside-10k
かまい,outside-10k
属,outside-10k
競売,outside-10k
速記,outside-10k
個室,outside-10k
接着,outside-10k
役職,outside-10k
制覇,outside-10k
ジェフ,outside-10k
黒田,outside-10k
ありとあらゆる,outside-10k
目先,outside-10k
攻勢,outside-10k
役に立っ,outside-10k
かりに,outside-10k
につき,outside-10k
ニコニコ,outside-10k
許諾,outside-10k
切実,outside-10k
転倒,outside-10k
衣服,outside-10k
突撃,outside-10k
レジャー,outside-10k
ディック,outside-10k
頑固,outside-10k
へぇ,outside-10k
一体化,outside-10k
薄れ,outside-10k
下半身,outside-10k
偏差,outside-10k
壊す,outside-10k
何気なく,outside-10k
スティング,outside-10k
書き換え,outside-10k
追,outside-10k
解像度,outside-10k
英寿,outside-10k
折衝,outside-10k
駆動,outside-10k
淡路,outside-10k
極め,outside-10k
恐ろしく,outside-10k
アナタ,outside-10k
滑走,outside-10k
注入,outside-10k
付き合う,outside-10k
マンハッタン,outside-10k
末端,outside-10k
弁論,outside-10k
たちまち,outside-10k
松永,outside-10k
っと,outside-10k
名づけ,outside-10k
マダム,outside-10k
課金,outside-10k
凶悪,outside-10k
ヘリコプター,outside-10k
気質,outside-10k
ルカ,outside-10k
耐える,outside-10k
キューブ,outside-10k
導き,outside-10k
モト,outside-10k
取り寄せ,outside-10k
ムシ,outside-10k
健太郎,outside-10k
食べよ,outside-10k
ご苦労,outside-10k
解き,outside-10k
難解,outside-10k
重宝,outside-10k
因みに,outside-10k
捕獲,outside-10k
おこし,outside-10k
彼方,outside-10k
子宮,outside-10k
雅,outside-10k
喋っ,outside-10k
つとめ,outside-10k
じゃっ,outside-10k
宝物,outside-10k
スタディ,outside-10k
ベクトル,outside-10k
頼ら,outside-10k
太陽光,outside-10k
みずほ,outside-10k
ヘンリー,outside-10k
下っ,outside-10k
趣,outside-10k
聞ける,outside-10k
地方裁判所,outside-10k
漏洩,outside-10k
旋律,outside-10k
山頂,outside-10k
ワーキング,outside-10k
万一,outside-10k
征服,outside-10k
因子,outside-10k
ごとき,outside-10k
政務次官,outside-10k
裕福,outside-10k
変貌,outside-10k
役に立ち,outside-10k
転がっ,outside-10k
名言,outside-10k
焦り,outside-10k
仲良し,outside-10k
やすかっ,outside-10k
裏付け,outside-10k
フィード,outside-10k
賛美,outside-10k
持ち上げ,outside-10k
ウォーク,outside-10k
綴っ,outside-10k
サンドイッチ,outside-10k
街頭,outside-10k
くっつい,outside-10k
好ん,outside-10k
ハマっ,outside-10k
悠,outside-10k
困ら,outside-10k
光学,outside-10k
にたいして,outside-10k
やせ,outside-10k
武道,outside-10k
断固,outside-10k
ちょいと,outside-10k
すてき,outside-10k
大小,outside-10k
ハンター,outside-10k
辞職,outside-10k
履修,outside-10k
再検討,outside-10k
ジ,outside-10k
ひな,outside-10k
ますれ,outside-10k
おっしゃら,outside-10k
代償,outside-10k
トウ,outside-10k
高温,outside-10k
ばらばら,outside-10k
古来,outside-10k
ストレージ,outside-10k
驚愕,outside-10k
靴下,outside-10k
マネージメント,outside-10k
買い上げ,outside-10k
ヒロ,outside-10k
セレブ,outside-10k
崖,outside-10k
千代田,outside-10k
カリ,outside-10k
洞察,outside-10k
亡くなり,outside-10k
妖怪,outside-10k
押しつけ,outside-10k
文化庁,outside-10k
帖,outside-10k
盛況,outside-10k
御覧,outside-10k
承っ,outside-10k
宝塚,outside-10k
ちび,outside-10k
明言,outside-10k
長かっ,outside-10k
無けれ,outside-10k
手抜き,outside-10k
現職,outside-10k
美学,outside-10k
断ら,outside-10k
文体,outside-10k
ほしく,outside-10k
つれ,outside-10k
催眠,outside-10k
変えよ,outside-10k
補う,outside-10k
それでいて,outside-10k
参事官,outside-10k
パール,outside-10k
とどまる,outside-10k
ネック,outside-10k
鍼,outside-10k
占有,outside-10k
京大,outside-10k
だに,outside-10k
打て,outside-10k
回帰,outside-10k
要点,outside-10k
チック,outside-10k
便宜,outside-10k
ほしかっ,outside-10k
説い,outside-10k
納品,outside-10k
有事,outside-10k
ムラ,outside-10k
列挙,outside-10k
異質,outside-10k
傾斜,outside-10k
月末,outside-10k
真っ先,outside-10k
断る,outside-10k
腫瘍,outside-10k
卸,outside-10k
ひっそり,outside-10k
海賊,outside-10k
ヤング,outside-10k
ひき,outside-10k
初対面,outside-10k
察し,outside-10k
図鑑,outside-10k
ウインドウ,outside-10k
折り,outside-10k
忍,outside-10k
撮れ,outside-10k
おおよそ,outside-10k
パズル,outside-10k
おとなしく,outside-10k
しあわせ,outside-10k
作詞,outside-10k
白石,outside-10k
訳者,outside-10k
粋,outside-10k
代物,outside-10k
新車,outside-10k
聴覚,outside-10k
即時,outside-10k
助かっ,outside-10k
バッファ,outside-10k
飯田,outside-10k
謂,outside-10k
ややこしい,outside-10k
まみれ,outside-10k
蚊,outside-10k
塗料,outside-10k
いじっ,outside-10k
リポート,outside-10k
盛り込ん,outside-10k
少人数,outside-10k
赤坂,outside-10k
無謀,outside-10k
井戸,outside-10k
俗,outside-10k
しかり,outside-10k
聴け,outside-10k
納付,outside-10k
組ま,outside-10k
文学部,outside-10k
あとがき,outside-10k
花嫁,outside-10k
リフレッシュ,outside-10k
標高,outside-10k
困惑,outside-10k
授与,outside-10k
上京,outside-10k
選び方,outside-10k
パッド,outside-10k
服用,outside-10k
図形,outside-10k
穀物,outside-10k
役場,outside-10k
けれ,outside-10k
ミュージアム,outside-10k
メタル,outside-10k
つくば,outside-10k
っちゅう,outside-10k
忍者,outside-10k
結集,outside-10k
蒸気,outside-10k
強固,outside-10k
電磁波,outside-10k
万能,outside-10k
姉ちゃん,outside-10k
吉野,outside-10k
寄稿,outside-10k
となり,outside-10k
カラダ,outside-10k
据え,outside-10k
桜井,outside-10k
伺う,outside-10k
必至,outside-10k
侮辱,outside-10k
良識,outside-10k
番外,outside-10k
療,outside-10k
バレンタイン,outside-10k
作法,outside-10k
新潮社,outside-10k
味覚,outside-10k
集い,outside-10k
吉岡,outside-10k
ツ,outside-10k
恨み,outside-10k
大学院生,outside-10k
クリーニング,outside-10k
受託,outside-10k
平田,outside-10k
メダル,outside-10k
破れ,outside-10k
樹立,outside-10k
ニセ,outside-10k
投じ,outside-10k
着信,outside-10k
テクノ,outside-10k
米価,outside-10k
傍ら,outside-10k
派閥,outside-10k
テール,outside-10k
時給,outside-10k
終焉,outside-10k
相応,outside-10k
係数,outside-10k
小松,outside-10k
歌舞伎町,outside-10k
堤,outside-10k
ふざけ,outside-10k
罎,outside-10k
空手,outside-10k
湿気,outside-10k
大して,outside-10k
ブラインド,outside-10k
公然,outside-10k
まわる,outside-10k
鹿島,outside-10k
西尾,outside-10k
ワシ,outside-10k
道路公団,outside-10k
模擬,outside-10k
始動,outside-10k
ハブ,outside-10k
木下,outside-10k
掘り,outside-10k
インセンティブ,outside-10k
歓声,outside-10k
ただちに,outside-10k
力量,outside-10k
逃避,outside-10k
崎,outside-10k
散会,outside-10k
売り切れ,outside-10k
秋山,outside-10k
伝わり,outside-10k
併合,outside-10k
有志,outside-10k
留保,outside-10k
お忙しい,outside-10k
バリュー,outside-10k
つっ,outside-10k
ぼう,outside-10k
ホームステイ,outside-10k
難しかっ,outside-10k
カプセル,outside-10k
カナ,outside-10k
成し遂げ,outside-10k
わざ,outside-10k
参院,outside-10k
親しく,outside-10k
処女,outside-10k
浪費,outside-10k
頑張ろ,outside-10k
籍,outside-10k
増設,outside-10k
感銘,outside-10k
ノック,outside-10k
直樹,outside-10k
舞踊,outside-10k
小児科,outside-10k
益々,outside-10k
学べる,outside-10k
アンコール,outside-10k
指紋,outside-10k
派生,outside-10k
墜落,outside-10k
従わ,outside-10k
哲也,outside-10k
アンサンブル,outside-10k
反転,outside-10k
社外,outside-10k
光っ,outside-10k
鉢,outside-10k
利潤,outside-10k
信条,outside-10k
鯨,outside-10k
化け,outside-10k
差し上げ,outside-10k
少量,outside-10k
仔,outside-10k
いやあ,outside-10k
アンダー,outside-10k
〆,outside-10k
応対,outside-10k
量産,outside-10k
濃く,outside-10k
延,outside-10k
ジェームズ,outside-10k
つる,outside-10k
後世,outside-10k
迫害,outside-10k
つけよ,outside-10k
移入,outside-10k
やめよ,outside-10k
インフォメーション,outside-10k
肩書き,outside-10k
旅人,outside-10k
亀井,outside-10k
ミクロ,outside-10k
呼称,outside-10k
情景,outside-10k
かかえ,outside-10k
チコ,outside-10k
保健所,outside-10k
ナス,outside-10k
水曜,outside-10k
ソファー,outside-10k
丸ごと,outside-10k
救っ,outside-10k
オピニオン,outside-10k
オーディション,outside-10k
ジレンマ,outside-10k
ハリス,outside-10k
ハリケーン,outside-10k
くさい,outside-10k
明後日,outside-10k
石綿,outside-10k
共鳴,outside-10k
消,outside-10k
下院,outside-10k
サンデー,outside-10k
はじまる,outside-10k
吹奏楽,outside-10k
激減,outside-10k
ポートフォリオ,outside-10k
主たる,outside-10k
壊滅,outside-10k
来訪,outside-10k
換気,outside-10k
レバー,outside-10k
身の回り,outside-10k
空腹,outside-10k
去り,outside-10k
セクハラ,outside-10k
就い,outside-10k
憶え,outside-10k
電動,outside-10k
ブルジョア,outside-10k
共著,outside-10k
期末,outside-10k
オンリー,outside-10k
シューズ,outside-10k
掴ん,outside-10k
フン,outside-10k
ゴールデンウィーク,outside-10k
人文,outside-10k
必修,outside-10k
オファー,outside-10k
縄文,outside-10k
ひか,outside-10k
読了,outside-10k
ヤマ,outside-10k
山岳,outside-10k
生み,outside-10k
定か,outside-10k
並べる,outside-10k
発祥,outside-10k
交互,outside-10k
掘,outside-10k
かなわ,outside-10k
淡々,outside-10k
半減,outside-10k
浴衣,outside-10k
返せ,outside-10k
ヤード,outside-10k
ワープロ,outside-10k
とりあげ,outside-10k
不振,outside-10k
頭部,outside-10k
不必要,outside-10k
ホルダー,outside-10k
乃,outside-10k
結びつく,outside-10k
ウィルコム,outside-10k
メトロ,outside-10k
あこがれ,outside-10k
セーブ,outside-10k
島田,outside-10k
傷つい,outside-10k
新入,outside-10k
行き先,outside-10k
片づけ,outside-10k
点滴,outside-10k
したい,outside-10k
日弁連,outside-10k
感度,outside-10k
背筋,outside-10k
圭,outside-10k
弾道,outside-10k
エコノミスト,outside-10k
ベッカム,outside-10k
時速,outside-10k
中原,outside-10k
見送り,outside-10k
儀礼,outside-10k
我ら,outside-10k
備える,outside-10k
実業,outside-10k
マックス,outside-10k
やけに,outside-10k
親善,outside-10k
慣行,outside-10k
ダース,outside-10k
昇進,outside-10k
笑わ,outside-10k
膨張,outside-10k
すじ,outside-10k
振り回さ,outside-10k
合気道,outside-10k
売上げ,outside-10k
晩年,outside-10k
内緒,outside-10k
來,outside-10k
代謝,outside-10k
ダイヤル,outside-10k
貼ら,outside-10k
於い,outside-10k
消毒,outside-10k
レポ,outside-10k
向,outside-10k
強姦,outside-10k
保留,outside-10k
幾何,outside-10k
サバ,outside-10k
長老,outside-10k
書簡,outside-10k
解い,outside-10k
今季,outside-10k
わが家,outside-10k
宣告,outside-10k
セレクト,outside-10k
首長,outside-10k
養う,outside-10k
ひととき,outside-10k
樹脂,outside-10k
つり,outside-10k
受益,outside-10k
未成年,outside-10k
続か,outside-10k
埋まっ,outside-10k
確,outside-10k
コーラ,outside-10k
アラスカ,outside-10k
アインシュタイン,outside-10k
カントリー,outside-10k
公債,outside-10k
苦戦,outside-10k
スキャンダル,outside-10k
キラキラ,outside-10k
持ち帰り,outside-10k
君主,outside-10k
待望,outside-10k
特区,outside-10k
鷹,outside-10k
見慣れ,outside-10k
能率,outside-10k
素晴らしく,outside-10k
バレー,outside-10k
ごまかし,outside-10k
結びつけ,outside-10k
星座,outside-10k
下す,outside-10k
アポ,outside-10k
咳,outside-10k
内藤,outside-10k
勝者,outside-10k
鋭く,outside-10k
飲める,outside-10k
渡航,outside-10k
セットアップ,outside-10k
从,outside-10k
真空,outside-10k
無人,outside-10k
一帯,outside-10k
淵,outside-10k
高揚,outside-10k
水戸,outside-10k
健在,outside-10k
放射能,outside-10k
眉,outside-10k
原型,outside-10k
倒す,outside-10k
決戦,outside-10k
ひも,outside-10k
かみ,outside-10k
連立,outside-10k
召,outside-10k
長々,outside-10k
施さ,outside-10k
調味,outside-10k
結びつける,outside-10k
草原,outside-10k
火力,outside-10k
町田,outside-10k
修学旅行,outside-10k
ていう,outside-10k
メンテ,outside-10k
見舞わ,outside-10k
靖,outside-10k
カバン,outside-10k
トライアル,outside-10k
乗り出し,outside-10k
田口,outside-10k
レック,outside-10k
コク,outside-10k
探せ,outside-10k
ピット,outside-10k
積,outside-10k
甥,outside-10k
出国,outside-10k
耕,outside-10k
陥り,outside-10k
省エネ,outside-10k
目の当たり,outside-10k
被爆,outside-10k
パウロ,outside-10k
内戦,outside-10k
ロク,outside-10k
あいにく,outside-10k
葉っぱ,outside-10k
リボン,outside-10k
丸く,outside-10k
兆し,outside-10k
年来,outside-10k
じゃぁ,outside-10k
浴びる,outside-10k
電話機,outside-10k
注意深く,outside-10k
大久保,outside-10k
委ね,outside-10k
小麦,outside-10k
放つ,outside-10k
村人,outside-10k
持ち込む,outside-10k
含有,outside-10k
各人,outside-10k
退席,outside-10k
故に,outside-10k
親方,outside-10k
らく,outside-10k
切り上げ,outside-10k
大まか,outside-10k
通院,outside-10k
乖離,outside-10k
値引き,outside-10k
ハリ,outside-10k
風習,outside-10k
素晴らしかっ,outside-10k
リバー,outside-10k
ツイン,outside-10k
波及,outside-10k
見積,outside-10k
凶,outside-10k
ウー,outside-10k
使徒,outside-10k
招か,outside-10k
公務,outside-10k
キャスター,outside-10k
披露宴,outside-10k
同然,outside-10k
元来,outside-10k
よけれ,outside-10k
ニフティ,outside-10k
暗,outside-10k
孤児,outside-10k
一読,outside-10k
爽快,outside-10k
取り扱っ,outside-10k
区切り,outside-10k
実演,outside-10k
カ,outside-10k
嘆き,outside-10k
ブーツ,outside-10k
媒介,outside-10k
産ん,outside-10k
グリップ,outside-10k
恣意,outside-10k
他人事,outside-10k
かすか,outside-10k
一線,outside-10k
石鹸,outside-10k
クラーク,outside-10k
照会,outside-10k
磁気,outside-10k
節目,outside-10k
学べ,outside-10k
向う,outside-10k
カクテル,outside-10k
別名,outside-10k
レイプ,outside-10k
愛読,outside-10k
堕落,outside-10k
はやく,outside-10k
精霊,outside-10k
丁,outside-10k
ひいては,outside-10k
五つ,outside-10k
滑り,outside-10k
プレミア,outside-10k
セントラル,outside-10k
廣,outside-10k
高官,outside-10k
今期,outside-10k
荷,outside-10k
繁盛,outside-10k
下位,outside-10k
五郎,outside-10k
婚姻,outside-10k
ぬいぐるみ,outside-10k
治っ,outside-10k
半端,outside-10k
アウトドア,outside-10k
嘉,outside-10k
ドリル,outside-10k
計り,outside-10k
気まぐれ,outside-10k
スケッチ,outside-10k
西田,outside-10k
スカウト,outside-10k
スクエア,outside-10k
リトル,outside-10k
間際,outside-10k
異国,outside-10k
ポテト,outside-10k
傾い,outside-10k
はやっ,outside-10k
もとづい,outside-10k
色合い,outside-10k
取り出す,outside-10k
基幹,outside-10k
保た,outside-10k
ほんま,outside-10k
資する,outside-10k
停車,outside-10k
シック,outside-10k
原材料,outside-10k
風情,outside-10k
メシ,outside-10k
斗,outside-10k
シリア,outside-10k
大いなる,outside-10k
谷口,outside-10k
愛人,outside-10k
ギャル,outside-10k
格別,outside-10k
ベラ,outside-10k
炭酸,outside-10k
シンガー,outside-10k
怖かっ,outside-10k
埋もれ,outside-10k
コンディション,outside-10k
大晦日,outside-10k
真意,outside-10k
満席,outside-10k
ぐるみ,outside-10k
ジャガイモ,outside-10k
取り込ん,outside-10k
潮流,outside-10k
予知,outside-10k
暖か,outside-10k
外壁,outside-10k
浮かび,outside-10k
阪急,outside-10k
キュー,outside-10k
羽目,outside-10k
分譲,outside-10k
大差,outside-10k
交差,outside-10k
特価,outside-10k
プロダクション,outside-10k
恐れる,outside-10k
シチュエーション,outside-10k
年下,outside-10k
つかめ,outside-10k
ハガキ,outside-10k
悟,outside-10k
トラフィック,outside-10k
はし,outside-10k
相反,outside-10k
段落,outside-10k
がらみ,outside-10k
ゲノム,outside-10k
クラッシュ,outside-10k
前夜,outside-10k
産み,outside-10k
土佐,outside-10k
私見,outside-10k
箱根,outside-10k
不可解,outside-10k
非常識,outside-10k
立ち上がる,outside-10k
返却,outside-10k
筆記,outside-10k
メーカ,outside-10k
巧妙,outside-10k
学内,outside-10k
ちっ,outside-10k
みっ,outside-10k
速攻,outside-10k
快晴,outside-10k
可視,outside-10k
クリエイティブ,outside-10k
噴火,outside-10k
続行,outside-10k
一概に,outside-10k
就学,outside-10k
付し,outside-10k
通算,outside-10k
元年,outside-10k
かっこ,outside-10k
練,outside-10k
グロ,outside-10k
こむ,outside-10k
配ら,outside-10k
表題,outside-10k
イケ,outside-10k
つれづれ,outside-10k
ルーツ,outside-10k
クリスタル,outside-10k
既成,outside-10k
地雷,outside-10k
修道,outside-10k
個々人,outside-10k
あきらか,outside-10k
産経,outside-10k
演,outside-10k
採っ,outside-10k
歳児,outside-10k
ウルトラ,outside-10k
団長,outside-10k
トレーナー,outside-10k
しめる,outside-10k
ちなみ,outside-10k
吐き,outside-10k
精進,outside-10k
強気,outside-10k
プリンター,outside-10k
獲,outside-10k
結束,outside-10k
ビス,outside-10k
免れ,outside-10k
党内,outside-10k
自負,outside-10k
止,outside-10k
指先,outside-10k
寂しく,outside-10k
整体,outside-10k
信徒,outside-10k
定休,outside-10k
可哀想,outside-10k
段取り,outside-10k
お返し,outside-10k
離,outside-10k
賞味,outside-10k
体型,outside-10k
排他,outside-10k
吐く,outside-10k
後押し,outside-10k
差額,outside-10k
強硬,outside-10k
とんでも,outside-10k
密,outside-10k
残虐,outside-10k
コツコツ,outside-10k
こもり,outside-10k
草案,outside-10k
茹で,outside-10k
アルファ,outside-10k
修道院,outside-10k
齢,outside-10k
ダイエー,outside-10k
翔,outside-10k
妊婦,outside-10k
エクアドル,outside-10k
始,outside-10k
新卒,outside-10k
お隣,outside-10k
均一,outside-10k
つながら,outside-10k
小学館,outside-10k
同国,outside-10k
動き出し,outside-10k
いも,outside-10k
別れる,outside-10k
インタフェース,outside-10k
間取り,outside-10k
ゴミ箱,outside-10k
陳,outside-10k
中長期,outside-10k
ヒゲ,outside-10k
なにせ,outside-10k
ミャンマー,outside-10k
はかっ,outside-10k
極限,outside-10k
鎖,outside-10k
ですけれど,outside-10k
生き残る,outside-10k
幕末,outside-10k
禁,outside-10k
卓,outside-10k
泳ぐ,outside-10k
思い切り,outside-10k
ラインナップ,outside-10k
ラフ,outside-10k
つま,outside-10k
宙,outside-10k
捜し,outside-10k
カンパニー,outside-10k
ひざ,outside-10k
風車,outside-10k
雇っ,outside-10k
コロンビア,outside-10k
悔し,outside-10k
叱ら,outside-10k
菅,outside-10k
だけれども,outside-10k
懐かし,outside-10k
鉄鋼,outside-10k
悲し,outside-10k
サムライ,outside-10k
マネージャ,outside-10k
上方,outside-10k
向く,outside-10k
請負,outside-10k
洋楽,outside-10k
コル,outside-10k
車体,outside-10k
金メダル,outside-10k
激化,outside-10k
入賞,outside-10k
ストーブ,outside-10k
祖先,outside-10k
ミドル,outside-10k
冷,outside-10k
聖地,outside-10k
水上,outside-10k
柳沢,outside-10k
封印,outside-10k
ポット,outside-10k
肇,outside-10k
生前,outside-10k
祝う,outside-10k
たどり着い,outside-10k
サス,outside-10k
資料館,outside-10k
特長,outside-10k
慮,outside-10k
サスペンス,outside-10k
発散,outside-10k
ぶつかり,outside-10k
芳,outside-10k
塀,outside-10k
片道,outside-10k
ディーゼル,outside-10k
紅白,outside-10k
ダニエル,outside-10k
えん,outside-10k
断,outside-10k
囚人,outside-10k
どっと,outside-10k
論調,outside-10k
真夜中,outside-10k
嫌う,outside-10k
外す,outside-10k
そうだ,outside-10k
館長,outside-10k
キーパー,outside-10k
時空,outside-10k
奥田,outside-10k
読も,outside-10k
かけ離れ,outside-10k
ロビン,outside-10k
独断,outside-10k
易,outside-10k
ありのまま,outside-10k
減量,outside-10k
生後,outside-10k
シグナル,outside-10k
未遂,outside-10k
ダイアリー,outside-10k
終身,outside-10k
オペレーション,outside-10k
興味深く,outside-10k
かに,outside-10k
ビーズ,outside-10k
もり,outside-10k
表参道,outside-10k
主語,outside-10k
貴女,outside-10k
踏む,outside-10k
界隈,outside-10k
一部分,outside-10k
既,outside-10k
伝授,outside-10k
種目,outside-10k
特質,outside-10k
戸籍,outside-10k
宛て,outside-10k
ディズニーランド,outside-10k
あげく,outside-10k
磨い,outside-10k
大金,outside-10k
出迎え,outside-10k
事由,outside-10k
弔い,outside-10k
細川,outside-10k
乗用車,outside-10k
中堅,outside-10k
どうし,outside-10k
秀吉,outside-10k
国税,outside-10k
新生,outside-10k
養子,outside-10k
巻き込ん,outside-10k
刺さ,outside-10k
長生き,outside-10k
尽力,outside-10k
言い換えれ,outside-10k
スイカ,outside-10k
格言,outside-10k
屈辱,outside-10k
紙幣,outside-10k
居間,outside-10k
簿記,outside-10k
財界,outside-10k
志願,outside-10k
コンテナ,outside-10k
原動力,outside-10k
レーダー,outside-10k
風船,outside-10k
濃,outside-10k
戦死,outside-10k
渦,outside-10k
先送り,outside-10k
マタイ,outside-10k
従軍,outside-10k
一段落,outside-10k
大雪,outside-10k
老化,outside-10k
打開,outside-10k
那覇,outside-10k
判別,outside-10k
新井,outside-10k
裏切り,outside-10k
趣向,outside-10k
花束,outside-10k
つぶやい,outside-10k
伊勢,outside-10k
低音,outside-10k
向き合う,outside-10k
愛犬,outside-10k
依然,outside-10k
没頭,outside-10k
捕らえ,outside-10k
ワゴン,outside-10k
胎児,outside-10k
ムーア,outside-10k
クライマックス,outside-10k
ヨシ,outside-10k
女子大,outside-10k
タレ,outside-10k
力強く,outside-10k
ケチ,outside-10k
もろもろ,outside-10k
エキス,outside-10k
唯,outside-10k
真っ黒,outside-10k
過ごせ,outside-10k
荒木,outside-10k
利か,outside-10k
しつこい,outside-10k
うろうろ,outside-10k
軌跡,outside-10k
車検,outside-10k
骨格,outside-10k
裁定,outside-10k
懐疑,outside-10k
営み,outside-10k
幾,outside-10k
大笑い,outside-10k
引き締め,outside-10k
よき,outside-10k
目黒,outside-10k
使,outside-10k
潰れ,outside-10k
織,outside-10k
上着,outside-10k
蛍光,outside-10k
鮨,outside-10k
二酸化炭素,outside-10k
うれし,outside-10k
吹,outside-10k
エサ,outside-10k
遙,outside-10k
振替,outside-10k
ゴジラ,outside-10k
野中,outside-10k
出社,outside-10k
占拠,outside-10k
見据え,outside-10k
道筋,outside-10k
引き受ける,outside-10k
ふれあい,outside-10k
ミシェル,outside-10k
捕まっ,outside-10k
しみ,outside-10k
ぱっと,outside-10k
カンジ,outside-10k
勲章,outside-10k
パース,outside-10k
帯広,outside-10k
勤める,outside-10k
番手,outside-10k
はあ,outside-10k
和平,outside-10k
無くなる,outside-10k
盧,outside-10k
しっくり,outside-10k
渡部,outside-10k
思春期,outside-10k
冥福,outside-10k
セッティング,outside-10k
欠く,outside-10k
ヨー,outside-10k
役立っ,outside-10k
美少女,outside-10k
伊豆,outside-10k
呪文,outside-10k
ぺん,outside-10k
霊的,outside-10k
空け,outside-10k
開場,outside-10k
旺盛,outside-10k
試聴,outside-10k
相応しい,outside-10k
総称,outside-10k
バンクーバー,outside-10k
帽,outside-10k
メロン,outside-10k
延ばし,outside-10k
余剰,outside-10k
パラダイス,outside-10k
履行,outside-10k
無茶,outside-10k
気がつき,outside-10k
操業,outside-10k
浅野,outside-10k
任天堂,outside-10k
盛りだくさん,outside-10k
どうこう,outside-10k
面々,outside-10k
書斎,outside-10k
インターン,outside-10k
無能,outside-10k
張ら,outside-10k
ご機嫌,outside-10k
さび,outside-10k
まめ,outside-10k
野望,outside-10k
平穏,outside-10k
明日香,outside-10k
献身,outside-10k
衣類,outside-10k
堅い,outside-10k
祥,outside-10k
エッセンス,outside-10k
スパイス,outside-10k
切り替える,outside-10k
食後,outside-10k
導,outside-10k
王道,outside-10k
バラエティ,outside-10k
倒れる,outside-10k
バックス,outside-10k
痛め,outside-10k
よろしゅう,outside-10k
南西,outside-10k
検挙,outside-10k
ファーム,outside-10k
投げかけ,outside-10k
名門,outside-10k
ウリ,outside-10k
教委,outside-10k
諒,outside-10k
有馬,outside-10k
強豪,outside-10k
現存,outside-10k
メ,outside-10k
タメ,outside-10k
拍子,outside-10k
熱気,outside-10k
憎しみ,outside-10k
伸,outside-10k
インチキ,outside-10k
改悪,outside-10k
会期,outside-10k
ポリス,outside-10k
当人,outside-10k
朝日新聞社,outside-10k
土屋,outside-10k
稲,outside-10k
ボイス,outside-10k
本位,outside-10k
民放,outside-10k
窃盗,outside-10k
貫く,outside-10k
浪,outside-10k
白紙,outside-10k
釜,outside-10k
いちご,outside-10k
かろうじて,outside-10k
木製,outside-10k
近づけ,outside-10k
読解,outside-10k
全土,outside-10k
取り除く,outside-10k
在る,outside-10k
活かす,outside-10k
遅かっ,outside-10k
先入観,outside-10k
スラム,outside-10k
水質,outside-10k
手動,outside-10k
殺,outside-10k
比重,outside-10k
挙句,outside-10k
増幅,outside-10k
杉山,outside-10k
ウォーキング,outside-10k
持ち込ま,outside-10k
植,outside-10k
範疇,outside-10k
いっさい,outside-10k
金庫,outside-10k
プログラマー,outside-10k
スワップ,outside-10k
終値,outside-10k
トリオ,outside-10k
例会,outside-10k
のぼる,outside-10k
例文,outside-10k
おわり,outside-10k
恵比寿,outside-10k
推論,outside-10k
ゆり,outside-10k
よけい,outside-10k
座談,outside-10k
ユーティリティ,outside-10k
熟成,outside-10k
ソファ,outside-10k
偽り,outside-10k
飼料,outside-10k
実戦,outside-10k
波長,outside-10k
ズバリ,outside-10k
分泌,outside-10k
オッサン,outside-10k
缶詰,outside-10k
いつしか,outside-10k
坊主,outside-10k
服部,outside-10k
見返り,outside-10k
剣道,outside-10k
よん,outside-10k
てか,outside-10k
民生,outside-10k
治癒,outside-10k
帯域,outside-10k
人様,outside-10k
肘,outside-10k
墨,outside-10k
宣,outside-10k
愛車,outside-10k
バーベキュー,outside-10k
スティーブ,outside-10k
いり,outside-10k
まいる,outside-10k
コンセンサス,outside-10k
土井,outside-10k
のら,outside-10k
生きがい,outside-10k
三宅,outside-10k
サーキット,outside-10k
顔面,outside-10k
固執,outside-10k
これぞ,outside-10k
宗派,outside-10k
見合っ,outside-10k
難点,outside-10k
成っ,outside-10k
熟練,outside-10k
ボウ,outside-10k
本命,outside-10k
粗,outside-10k
伝記,outside-10k
人的,outside-10k
電灯,outside-10k
彼女ら,outside-10k
物足りない,outside-10k
理学,outside-10k
解る,outside-10k
立ち読み,outside-10k
一転,outside-10k
ブレイク,outside-10k
追伸,outside-10k
大森,outside-10k
オリックス,outside-10k
聖霊,outside-10k
短大,outside-10k
長寿,outside-10k
クラフト,outside-10k
画質,outside-10k
綾,outside-10k
松尾,outside-10k
釘,outside-10k
義務付け,outside-10k
カモ,outside-10k
澄,outside-10k
単体,outside-10k
柵,outside-10k
インストラクター,outside-10k
シスコ,outside-10k
出典,outside-10k
定量,outside-10k
酒井,outside-10k
泊まる,outside-10k
八王子,outside-10k
マトリックス,outside-10k
埋葬,outside-10k
国崎,outside-10k
産む,outside-10k
売店,outside-10k
障壁,outside-10k
グッ,outside-10k
マルコ,outside-10k
変態,outside-10k
下痢,outside-10k
ステンレス,outside-10k
すり,outside-10k
休,outside-10k
連ね,outside-10k
別荘,outside-10k
序盤,outside-10k
硬直,outside-10k
ワイルド,outside-10k
朱,outside-10k
真っ,outside-10k
ワル,outside-10k
クエスト,outside-10k
大田,outside-10k
つう,outside-10k
早かっ,outside-10k
凄,outside-10k
コンセント,outside-10k
毛布,outside-10k
こだわら,outside-10k
回ら,outside-10k
上層,outside-10k
ついていけ,outside-10k
香水,outside-10k
傷つける,outside-10k
新曲,outside-10k
くわえ,outside-10k
ウチダ,outside-10k
フィリップ,outside-10k
建国,outside-10k
厚み,outside-10k
その道,outside-10k
打合せ,outside-10k
伝播,outside-10k
コリア,outside-10k
松浦,outside-10k
トラバ,outside-10k
できあがっ,outside-10k
離職,outside-10k
忠,outside-10k
てぇ,outside-10k
戻れ,outside-10k
尽くさ,outside-10k
大石,outside-10k
測量,outside-10k
バリアフリー,outside-10k
フォーカス,outside-10k
正論,outside-10k
不都合,outside-10k
度々,outside-10k
パンダ,outside-10k
本学,outside-10k
さく,outside-10k
あした,outside-10k
こよ,outside-10k
エゴ,outside-10k
地上波,outside-10k
覚醒,outside-10k
行き来,outside-10k
淘汰,outside-10k
怒,outside-10k
会報,outside-10k
泣け,outside-10k
アール,outside-10k
南側,outside-10k
ムーン,outside-10k
史料,outside-10k
呈し,outside-10k
退社,outside-10k
刻ま,outside-10k
壊さ,outside-10k
出れ,outside-10k
ウェールズ,outside-10k
行き過ぎ,outside-10k
ヶ国,outside-10k
こわい,outside-10k
北陸,outside-10k
ヒュー,outside-10k
深み,outside-10k
ファクター,outside-10k
ホワイトハウス,outside-10k
樋口,outside-10k
三者,outside-10k
幾度,outside-10k
スプリング,outside-10k
縁起,outside-10k
ベートーヴェン,outside-10k
混在,outside-10k
マイホーム,outside-10k
琉球,outside-10k
預かり,outside-10k
ビーム,outside-10k
フランクフルト,outside-10k
物語っ,outside-10k
粉飾,outside-10k
当り,outside-10k
音波,outside-10k
ちょうだい,outside-10k
きまっ,outside-10k
スピン,outside-10k
武部,outside-10k
犯す,outside-10k
一節,outside-10k
駐,outside-10k
はなはだ,outside-10k
駆除,outside-10k
悟り,outside-10k
儀,outside-10k
嫌がらせ,outside-10k
封鎖,outside-10k
プロテスタント,outside-10k
かなっ,outside-10k
求む,outside-10k
環境省,outside-10k
さも,outside-10k
社名,outside-10k
村山,outside-10k
朴,outside-10k
生計,outside-10k
夜景,outside-10k
きつく,outside-10k
発熱,outside-10k
抱っこ,outside-10k
生ずる,outside-10k
寄,outside-10k
境内,outside-10k
鯖,outside-10k
封建,outside-10k
量販,outside-10k
自明,outside-10k
永住,outside-10k
喋る,outside-10k
聖人,outside-10k
ファシズム,outside-10k
即興,outside-10k
伝送,outside-10k
ステータス,outside-10k
症例,outside-10k
海域,outside-10k
寒かっ,outside-10k
わく,outside-10k
うなぎ,outside-10k
馬車,outside-10k
ジャングル,outside-10k
鞄,outside-10k
大谷,outside-10k
デイトレ,outside-10k
陳列,outside-10k
空洞,outside-10k
集英社,outside-10k
植木,outside-10k
クーポン,outside-10k
あや,outside-10k
充,outside-10k
今ひとつ,outside-10k
キノコ,outside-10k
公聴,outside-10k
がけ,outside-10k
大きめ,outside-10k
助長,outside-10k
代え,outside-10k
すぐさま,outside-10k
主旨,outside-10k
落書き,outside-10k
改,outside-10k
恒久,outside-10k
不平等,outside-10k
盛岡,outside-10k
ハンバーガー,outside-10k
併,outside-10k
ぶどう,outside-10k
懲戒,outside-10k
ラウンジ,outside-10k
おこなう,outside-10k
下流,outside-10k
切り捨て,outside-10k
艶,outside-10k
懐かしく,outside-10k
入所,outside-10k
仕上がっ,outside-10k
テレビ朝日,outside-10k
専任,outside-10k
ときには,outside-10k
配付,outside-10k
甘味,outside-10k
旭,outside-10k
四郎,outside-10k
日和,outside-10k
減額,outside-10k
必需,outside-10k
自前,outside-10k
森山,outside-10k
エレベータ,outside-10k
何一つ,outside-10k
東日本,outside-10k
御飯,outside-10k
顎,outside-10k
ババ,outside-10k
もうけ,outside-10k
月日,outside-10k
放浪,outside-10k
こぼれ,outside-10k
叩か,outside-10k
罪悪,outside-10k
たずね,outside-10k
腰痛,outside-10k
蒸し,outside-10k
ちよ,outside-10k
そうこう,outside-10k
雑音,outside-10k
スプレー,outside-10k
分断,outside-10k
改憲,outside-10k
学費,outside-10k
かす,outside-10k
パワフル,outside-10k
差し出し,outside-10k
備わっ,outside-10k
アミ,outside-10k
構文,outside-10k
開講,outside-10k
候,outside-10k
造る,outside-10k
せっせと,outside-10k
グローブ,outside-10k
直撃,outside-10k
カトリ,outside-10k
悩ま,outside-10k
女系,outside-10k
破り,outside-10k
見分け,outside-10k
環境庁,outside-10k
震度,outside-10k
文系,outside-10k
ソーセージ,outside-10k
じゅん,outside-10k
老い,outside-10k
下北沢,outside-10k
読み書き,outside-10k
灸,outside-10k
おみやげ,outside-10k
憲章,outside-10k
潤,outside-10k
少子,outside-10k
はさん,outside-10k
引き継い,outside-10k
冷やし,outside-10k
そんなふうに,outside-10k
おっちゃん,outside-10k
ガバ,outside-10k
前原,outside-10k
窒素,outside-10k
セラピー,outside-10k
漁師,outside-10k
大々的,outside-10k
やく,outside-10k
哀れ,outside-10k
中高年,outside-10k
高野,outside-10k
ブタ,outside-10k
戦記,outside-10k
東亜,outside-10k
触る,outside-10k
歯止め,outside-10k
掛かり,outside-10k
充足,outside-10k
歳月,outside-10k
ばり,outside-10k
しっとり,outside-10k
闘っ,outside-10k
堺,outside-10k
受け止める,outside-10k
つまん,outside-10k
歌劇,outside-10k
やう,outside-10k
買い手,outside-10k
フォー,outside-10k
中途,outside-10k
スキーム,outside-10k
成り立ち,outside-10k
ロッカー,outside-10k
話し方,outside-10k
顕,outside-10k
ジョンソン,outside-10k
造成,outside-10k
横須賀,outside-10k
かえっ,outside-10k
ブレア,outside-10k
姓,outside-10k
結,outside-10k
本誌,outside-10k
細工,outside-10k
レンタカー,outside-10k
苦い,outside-10k
緻密,outside-10k
紛れ,outside-10k
昌,outside-10k
出回っ,outside-10k
技師,outside-10k
メカ,outside-10k
抱きしめ,outside-10k
アクセル,outside-10k
證,outside-10k
大方,outside-10k
取消,outside-10k
ダラダラ,outside-10k
買物,outside-10k
常務,outside-10k
心中,outside-10k
噺,outside-10k
鉱物,outside-10k
一色,outside-10k
壊れる,outside-10k
声援,outside-10k
圧勝,outside-10k
噴出,outside-10k
卓球,outside-10k
棄却,outside-10k
実写,outside-10k
ジェン,outside-10k
賢く,outside-10k
刑罰,outside-10k
斬り,outside-10k
みなす,outside-10k
運河,outside-10k
忠告,outside-10k
拳銃,outside-10k
チョイス,outside-10k
ケネディ,outside-10k
産学,outside-10k
プロダクト,outside-10k
疑念,outside-10k
兆候,outside-10k
キャロル,outside-10k
流用,outside-10k
直さ,outside-10k
親会社,outside-10k
繁華,outside-10k
大宮,outside-10k
夕暮れ,outside-10k
敦,outside-10k
鉛,outside-10k
小池,outside-10k
レントゲン,outside-10k
夜空,outside-10k
築地,outside-10k
各位,outside-10k
北方,outside-10k
転用,outside-10k
やりがい,outside-10k
やみ,outside-10k
はつ,outside-10k
ピート,outside-10k
ちなん,outside-10k
返金,outside-10k
模範,outside-10k
入ろ,outside-10k
書き手,outside-10k
カーン,outside-10k
失踪,outside-10k
もどっ,outside-10k
動的,outside-10k
読み上げ,outside-10k
安打,outside-10k
狂,outside-10k
口実,outside-10k
橘,outside-10k
カジュアル,outside-10k
創っ,outside-10k
ケンブリッジ,outside-10k
装,outside-10k
符号,outside-10k
怪物,outside-10k
必読,outside-10k
意気込み,outside-10k
絶大,outside-10k
ホイール,outside-10k
浮き彫り,outside-10k
虜,outside-10k
鳴り,outside-10k
海老,outside-10k
町民,outside-10k
国民党,outside-10k
隣国,outside-10k
しようが,outside-10k
逃げ出し,outside-10k
締切,outside-10k
街並み,outside-10k
なんせ,outside-10k
くれぐれも,outside-10k
易く,outside-10k
射,outside-10k
ってか,outside-10k
生殖,outside-10k
ボウル,outside-10k
逃れる,outside-10k
わき,outside-10k
英和,outside-10k
ホセ,outside-10k
極度,outside-10k
濃縮,outside-10k
嫁さん,outside-10k
切り離し,outside-10k
重症,outside-10k
閉じ込め,outside-10k
添削,outside-10k
マキ,outside-10k
ナンセンス,outside-10k
並列,outside-10k
荒廃,outside-10k
黒く,outside-10k
地検,outside-10k
入植,outside-10k
りっぱ,outside-10k
予習,outside-10k
従属,outside-10k
英単語,outside-10k
寝不足,outside-10k
吉祥寺,outside-10k
天ぷら,outside-10k
地中海,outside-10k
預かっ,outside-10k
器用,outside-10k
ぼっ,outside-10k
ブライアン,outside-10k
倍率,outside-10k
対峙,outside-10k
云わ,outside-10k
敷い,outside-10k
増資,outside-10k
果,outside-10k
賞品,outside-10k
ひとりひとり,outside-10k
先駆,outside-10k
台本,outside-10k
はがき,outside-10k
商取引,outside-10k
ノベル,outside-10k
歪ん,outside-10k
チョット,outside-10k
ホームラン,outside-10k
頑張ら,outside-10k
信州,outside-10k
喋り,outside-10k
ゲン,outside-10k
舞踏,outside-10k
ゴロ,outside-10k
比喩,outside-10k
元旦,outside-10k
風力,outside-10k
開戦,outside-10k
覆っ,outside-10k
仮称,outside-10k
聞き取れ,outside-10k
砂浜,outside-10k
注ぐ,outside-10k
都立,outside-10k
サングラス,outside-10k
太平洋戦争,outside-10k
くし,outside-10k
山間,outside-10k
スクルージ,outside-10k
木曜,outside-10k
古本,outside-10k
傘下,outside-10k
希,outside-10k
スズキ,outside-10k
コック,outside-10k
払拭,outside-10k
おや,outside-10k
眠気,outside-10k
山村,outside-10k
くち,outside-10k
用具,outside-10k
舗装,outside-10k
多重,outside-10k
執拗,outside-10k
飛ばす,outside-10k
痴呆,outside-10k
農政,outside-10k
病人,outside-10k
届け出,outside-10k
総じて,outside-10k
誹謗,outside-10k
かさ,outside-10k
全長,outside-10k
コーディネート,outside-10k
フェーズ,outside-10k
偏り,outside-10k
亡くし,outside-10k
感受性,outside-10k
チャネル,outside-10k
こえ,outside-10k
ゾンビ,outside-10k
人情,outside-10k
久保田,outside-10k
沼,outside-10k
フィート,outside-10k
文面,outside-10k
アダム,outside-10k
あわせて,outside-10k
自在,outside-10k
婆,outside-10k
南極,outside-10k
見捨て,outside-10k
分量,outside-10k
初夏,outside-10k
第一人者,outside-10k
塩素,outside-10k
微笑み,outside-10k
ドリブル,outside-10k
既婚,outside-10k
ポルノ,outside-10k
兄貴,outside-10k
天文,outside-10k
最多,outside-10k
引っかかっ,outside-10k
閉,outside-10k
税務署,outside-10k
ひそか,outside-10k
想い出,outside-10k
つくし,outside-10k
見なさ,outside-10k
上述,outside-10k
小僧,outside-10k
広東,outside-10k
運航,outside-10k
インプット,outside-10k
伝導,outside-10k
通りすがり,outside-10k
なんら,outside-10k
遊園,outside-10k
憎悪,outside-10k
回生,outside-10k
造船,outside-10k
絡む,outside-10k
言い回し,outside-10k
いす,outside-10k
出頭,outside-10k
くに,outside-10k
無垢,outside-10k
たこ,outside-10k
損なわ,outside-10k
魅,outside-10k
ラスベガス,outside-10k
撃た,outside-10k
少く,outside-10k
小鳥,outside-10k
消失,outside-10k
貼る,outside-10k
故人,outside-10k
チャイルド,outside-10k
休養,outside-10k
カワイイ,outside-10k
賑やか,outside-10k
傾き,outside-10k
マルクス主義,outside-10k
貸す,outside-10k
捕虜,outside-10k
アンタ,outside-10k
満月,outside-10k
免責,outside-10k
説く,outside-10k
バーガー,outside-10k
無題,outside-10k
備蓄,outside-10k
シベリア,outside-10k
いたり,outside-10k
紛失,outside-10k
正午,outside-10k
宮内,outside-10k
種族,outside-10k
利上げ,outside-10k
フック,outside-10k
伴,outside-10k
閉会,outside-10k
伐採,outside-10k
重点的,outside-10k
拭い,outside-10k
出会える,outside-10k
ほかなら,outside-10k
検閲,outside-10k
急性,outside-10k
休ま,outside-10k
前置き,outside-10k
洋子,outside-10k
受け取ら,outside-10k
現し,outside-10k
海峡,outside-10k
つまら,outside-10k
小冊子,outside-10k
新婚,outside-10k
トレ,outside-10k
東側,outside-10k
泳ぎ,outside-10k
雑草,outside-10k
調書,outside-10k
鉄骨,outside-10k
麓,outside-10k
訊い,outside-10k
断り,outside-10k
至福,outside-10k
質的,outside-10k
ヘルス,outside-10k
可愛く,outside-10k
岩田,outside-10k
賜り,outside-10k
毅,outside-10k
商談,outside-10k
アトリエ,outside-10k
坂口,outside-10k
マフラー,outside-10k
凝縮,outside-10k
主題歌,outside-10k
顔色,outside-10k
足立,outside-10k
電球,outside-10k
知らず,outside-10k
応じる,outside-10k
近鉄,outside-10k
僂,outside-10k
銭湯,outside-10k
激怒,outside-10k
バルサ,outside-10k
タフ,outside-10k
重なり,outside-10k
収める,outside-10k
おし,outside-10k
健闘,outside-10k
さらっ,outside-10k
珈琲,outside-10k
習い,outside-10k
不条理,outside-10k
生き残り,outside-10k
ジャンク,outside-10k
猟,outside-10k
経済学部,outside-10k
渓,outside-10k
上半身,outside-10k
書き込ま,outside-10k
発砲,outside-10k
治し,outside-10k
おとな,outside-10k
趙,outside-10k
出よ,outside-10k
経済企画庁,outside-10k
昔ながら,outside-10k
カウントダウン,outside-10k
怠っ,outside-10k
平壌,outside-10k
病室,outside-10k
好き嫌い,outside-10k
氾濫,outside-10k
仕,outside-10k
待たさ,outside-10k
在学,outside-10k
キリスト教徒,outside-10k
バグダッド,outside-10k
コントローラ,outside-10k
クッション,outside-10k
新株,outside-10k
チャーター,outside-10k
今時,outside-10k
昼飯,outside-10k
醸造,outside-10k
ヤバ,outside-10k
凄まじい,outside-10k
醍醐味,outside-10k
騒ぐ,outside-10k
戦艦,outside-10k
削り,outside-10k
リクルート,outside-10k
蟹,outside-10k
エリック,outside-10k
整形,outside-10k
奇,outside-10k
椿,outside-10k
洲,outside-10k
本紙,outside-10k
にたいする,outside-10k
詩集,outside-10k
供養,outside-10k
着工,outside-10k
乱用,outside-10k
言えよ,outside-10k
雛,outside-10k
めくっ,outside-10k
助かる,outside-10k
落ち込み,outside-10k
違え,outside-10k
セーター,outside-10k
減速,outside-10k
騙し,outside-10k
心底,outside-10k
赤十字,outside-10k
大山,outside-10k
思い浮かべ,outside-10k
しっ,outside-10k
申しわけ,outside-10k
ダンボール,outside-10k
動力,outside-10k
恩,outside-10k
ディープ,outside-10k
皇族,outside-10k
武蔵,outside-10k
身元,outside-10k
真っ直ぐ,outside-10k
辞退,outside-10k
がかり,outside-10k
強風,outside-10k
エアー,outside-10k
テック,outside-10k
グアム,outside-10k
本数,outside-10k
スーパーマーケット,outside-10k
喜劇,outside-10k
お参り,outside-10k
ほのぼの,outside-10k
マメ,outside-10k
設問,outside-10k
硬化,outside-10k
白鳥,outside-10k
未明,outside-10k
シルク,outside-10k
素子,outside-10k
存分,outside-10k
常々,outside-10k
増員,outside-10k
断絶,outside-10k
ウケ,outside-10k
レディ,outside-10k
舐め,outside-10k
閉まっ,outside-10k
逐次,outside-10k
送り出し,outside-10k
叔母,outside-10k
構い,outside-10k
自治省,outside-10k
温室,outside-10k
帳簿,outside-10k
法務大臣,outside-10k
振ら,outside-10k
堅持,outside-10k
金色,outside-10k
アルク,outside-10k
クロック,outside-10k
膨らん,outside-10k
酒造,outside-10k
モチ,outside-10k
紀元前,outside-10k
カセット,outside-10k
下さ,outside-10k
乗せる,outside-10k
盛大,outside-10k
倉,outside-10k
鶏肉,outside-10k
きき,outside-10k
受け継が,outside-10k
緊密,outside-10k
イレブン,outside-10k
取り残さ,outside-10k
語れ,outside-10k
サンパウロ,outside-10k
平山,outside-10k
会計検査院,outside-10k
ビリー,outside-10k
同点,outside-10k
垣間見,outside-10k
王家,outside-10k
勧める,outside-10k
思いつか,outside-10k
レア,outside-10k
まんが,outside-10k
イザ,outside-10k
カメ,outside-10k
推察,outside-10k
好物,outside-10k
古今,outside-10k
一級,outside-10k
彡,outside-10k
試食,outside-10k
ヘッジファンド,outside-10k
ヘルパー,outside-10k
山内,outside-10k
学芸,outside-10k
ダイニング,outside-10k
殴り,outside-10k
新入生,outside-10k
アンナ,outside-10k
いね,outside-10k
貰え,outside-10k
めど,outside-10k
痕跡,outside-10k
好ましく,outside-10k
ぜん,outside-10k
一変,outside-10k
椎名,outside-10k
チャーリー,outside-10k
付随,outside-10k
おそらくは,outside-10k
金魚,outside-10k
嘆い,outside-10k
特撮,outside-10k
ライブラリー,outside-10k
譜,outside-10k
巨匠,outside-10k
有数,outside-10k
社団,outside-10k
派兵,outside-10k
生育,outside-10k
腎臓,outside-10k
軽蔑,outside-10k
取組み,outside-10k
余韻,outside-10k
村田,outside-10k
将校,outside-10k
急行,outside-10k
リベラル,outside-10k
チャージ,outside-10k
歩む,outside-10k
守護,outside-10k
しない,outside-10k
エクセル,outside-10k
再三,outside-10k
７つ,outside-10k
富裕,outside-10k
エレクトロニクス,outside-10k
ぶつ,outside-10k
忠誠,outside-10k
見上げる,outside-10k
先着,outside-10k
親密,outside-10k
言い聞かせ,outside-10k
初歩,outside-10k
れい,outside-10k
跡地,outside-10k
予告編,outside-10k
取締,outside-10k
おじ,outside-10k
ゴロゴロ,outside-10k
エンターテインメント,outside-10k
物色,outside-10k
有給,outside-10k
織田,outside-10k
重度,outside-10k
粘土,outside-10k
同市,outside-10k
ィ,outside-10k
先々,outside-10k
略称,outside-10k
ソロモン,outside-10k
スピリチュアル,outside-10k
ガレージ,outside-10k
樽,outside-10k
もらえれ,outside-10k
Ｊリーグ,outside-10k
エリザベス,outside-10k
前もって,outside-10k
久し振り,outside-10k
こんばんわ,outside-10k
街角,outside-10k
おかあさん,outside-10k
ハイビジョン,outside-10k
担い,outside-10k
蜂,outside-10k
待ち時間,outside-10k
インテリ,outside-10k
涼しく,outside-10k
数式,outside-10k
男優,outside-10k
不特定,outside-10k
延び,outside-10k
鍛える,outside-10k
ゆる,outside-10k
シリアル,outside-10k
ブレンド,outside-10k
露呈,outside-10k
叔父,outside-10k
支社,outside-10k
一途,outside-10k
クジラ,outside-10k
雑学,outside-10k
血糖,outside-10k
総体,outside-10k
町並み,outside-10k
苦難,outside-10k
体格,outside-10k
快く,outside-10k
不全,outside-10k
いれる,outside-10k
近日,outside-10k
傾ける,outside-10k
ミスター,outside-10k
沈む,outside-10k
キッ,outside-10k
戸惑い,outside-10k
オールド,outside-10k
護衛,outside-10k
編著,outside-10k
安部,outside-10k
ちゃお,outside-10k
くらし,outside-10k
多め,outside-10k
モノクロ,outside-10k
贈与,outside-10k
野心,outside-10k
愛想,outside-10k
出馬,outside-10k
否決,outside-10k
諸々,outside-10k
サク,outside-10k
プラズマ,outside-10k
お好み焼き,outside-10k
借入金,outside-10k
オペレーティングシステム,outside-10k
おっぱい,outside-10k
孔,outside-10k
すっごい,outside-10k
ソビエト,outside-10k
売り物,outside-10k
シャトル,outside-10k
矢印,outside-10k
光栄,outside-10k
見極める,outside-10k
ドライバ,outside-10k
兵衛,outside-10k
隣り,outside-10k
小平,outside-10k
おう,outside-10k
スリップ,outside-10k
前例,outside-10k
ウエア,outside-10k
エコノミー,outside-10k
悪循環,outside-10k
転移,outside-10k
変っ,outside-10k
殴ら,outside-10k
なおす,outside-10k
滑っ,outside-10k
モットー,outside-10k
エンジニアリング,outside-10k
モモ,outside-10k
少額,outside-10k
貸与,outside-10k
打者,outside-10k
大西,outside-10k
シーク,outside-10k
最長,outside-10k
混沌,outside-10k
受理,outside-10k
ケニア,outside-10k
苦しめ,outside-10k
司馬,outside-10k
綱,outside-10k
結核,outside-10k
もって,outside-10k
ぶらぶら,outside-10k
配る,outside-10k
お方,outside-10k
微,outside-10k
音程,outside-10k
スパイク,outside-10k
発光,outside-10k
誓っ,outside-10k
短歌,outside-10k
向か,outside-10k
陶器,outside-10k
抗生,outside-10k
欠落,outside-10k
多量,outside-10k
ニックネーム,outside-10k
露骨,outside-10k
かわいく,outside-10k
働け,outside-10k
停,outside-10k
すばやく,outside-10k
ほし,outside-10k
ブルジョアジー,outside-10k
味わえ,outside-10k
イコール,outside-10k
精子,outside-10k
元祖,outside-10k
配属,outside-10k
はれ,outside-10k
送れ,outside-10k
緊迫,outside-10k
濫用,outside-10k
柿,outside-10k
イケメン,outside-10k
形容詞,outside-10k
一元化,outside-10k
バケツ,outside-10k
在留,outside-10k
負い,outside-10k
誘発,outside-10k
ソヴィエト,outside-10k
フラメンコ,outside-10k
天文学,outside-10k
取ろ,outside-10k
狙わ,outside-10k
ツキ,outside-10k
秦,outside-10k
王妃,outside-10k
容姿,outside-10k
同席,outside-10k
号機,outside-10k
置き場,outside-10k
思い立っ,outside-10k
宇,outside-10k
タケ,outside-10k
アミノ酸,outside-10k
ディスカウント,outside-10k
累計,outside-10k
音符,outside-10k
映し出さ,outside-10k
碑,outside-10k
すかさず,outside-10k
膨らま,outside-10k
問屋,outside-10k
測る,outside-10k
追い詰め,outside-10k
下町,outside-10k
輝,outside-10k
ラケット,outside-10k
中庭,outside-10k
昆布,outside-10k
うたっ,outside-10k
たどり着く,outside-10k
フツー,outside-10k
はまり,outside-10k
フレッシュ,outside-10k
ノンフィクション,outside-10k
領収,outside-10k
希少,outside-10k
立川,outside-10k
立ち寄り,outside-10k
昼過ぎ,outside-10k
バッチリ,outside-10k
おぉ,outside-10k
琉,outside-10k
通れ,outside-10k
庁舎,outside-10k
修繕,outside-10k
すぅ,outside-10k
放課後,outside-10k
ヒップ,outside-10k
レクチャー,outside-10k
大前提,outside-10k
フジモリ,outside-10k
報わ,outside-10k
飴,outside-10k
小売り,outside-10k
シミ,outside-10k
卿,outside-10k
杉浦,outside-10k
盆,outside-10k
似顔絵,outside-10k
びん,outside-10k
シル,outside-10k
おでん,outside-10k
証書,outside-10k
お過ごし,outside-10k
ハングル,outside-10k
囲ん,outside-10k
穂,outside-10k
花びら,outside-10k
不意,outside-10k
左足,outside-10k
散っ,outside-10k
再婚,outside-10k
手放し,outside-10k
谷川,outside-10k
決まら,outside-10k
ゆで,outside-10k
しつけ,outside-10k
首位,outside-10k
敬遠,outside-10k
小坂,outside-10k
ノーマン,outside-10k
東急,outside-10k
割安,outside-10k
懲り,outside-10k
憶測,outside-10k
けり,outside-10k
落とし穴,outside-10k
辛かっ,outside-10k
カタチ,outside-10k
デスノート,outside-10k
グレン,outside-10k
受動,outside-10k
アウトソーシング,outside-10k
管弦楽,outside-10k
画素,outside-10k
空調,outside-10k
湧き,outside-10k
晴天,outside-10k
怠慢,outside-10k
積立,outside-10k
衣料,outside-10k
サンダル,outside-10k
劣る,outside-10k
平方メートル,outside-10k
あからさま,outside-10k
否認,outside-10k
ヘルメット,outside-10k
なで,outside-10k
バスケット,outside-10k
課せ,outside-10k
翻弄,outside-10k
ギタリスト,outside-10k
タイガー,outside-10k
思い知らさ,outside-10k
消さ,outside-10k
飲み屋,outside-10k
神宮,outside-10k
尻尾,outside-10k
勝訴,outside-10k
にし,outside-10k
共用,outside-10k
デッド,outside-10k
自伝,outside-10k
言明,outside-10k
たどる,outside-10k
部類,outside-10k
大綱,outside-10k
流域,outside-10k
微笑ん,outside-10k
黙々と,outside-10k
反則,outside-10k
ホース,outside-10k
解任,outside-10k
権益,outside-10k
カルシウム,outside-10k
フタ,outside-10k
虚構,outside-10k
お宝,outside-10k
医薬,outside-10k
ポップス,outside-10k
言わば,outside-10k
留まっ,outside-10k
養殖,outside-10k
営む,outside-10k
石垣,outside-10k
卒論,outside-10k
短所,outside-10k
戯言,outside-10k
リアクション,outside-10k
ふえる,outside-10k
同胞,outside-10k
コウ,outside-10k
府県,outside-10k
筒,outside-10k
押し寄せ,outside-10k
レジュメ,outside-10k
給油,outside-10k
つくろ,outside-10k
まだしも,outside-10k
神経質,outside-10k
キ,outside-10k
占,outside-10k
個展,outside-10k
照射,outside-10k
時として,outside-10k
厨房,outside-10k
奪い,outside-10k
社民党,outside-10k
配合,outside-10k
手渡し,outside-10k
同和,outside-10k
ヒーリング,outside-10k
適性,outside-10k
すみやか,outside-10k
トコ,outside-10k
ぼけ,outside-10k
すごかっ,outside-10k
変質,outside-10k
ハワード,outside-10k
動脈,outside-10k
省令,outside-10k
燃やし,outside-10k
とうてい,outside-10k
注釈,outside-10k
トレーディング,outside-10k
吐き気,outside-10k
右足,outside-10k
輪郭,outside-10k
しかるべき,outside-10k
両替,outside-10k
大木,outside-10k
ピエール,outside-10k
山々,outside-10k
明治維新,outside-10k
にぎやか,outside-10k
撲滅,outside-10k
なつ,outside-10k
マオリ,outside-10k
忙しかっ,outside-10k
離し,outside-10k
完売,outside-10k
掘っ,outside-10k
偵察,outside-10k
伯,outside-10k
淡い,outside-10k
申す,outside-10k
ブロー,outside-10k
陵,outside-10k
ルビー,outside-10k
地質,outside-10k
稔,outside-10k
かけがえ,outside-10k
アタマ,outside-10k
アントニオ,outside-10k
ボディー,outside-10k
深層,outside-10k
譲歩,outside-10k
手形,outside-10k
ぐる,outside-10k
こんにちわ,outside-10k
分厚い,outside-10k
思い通り,outside-10k
健二,outside-10k
崇高,outside-10k
日本食,outside-10k
大王,outside-10k
仏壇,outside-10k
ファクト,outside-10k
越,outside-10k
定理,outside-10k
材質,outside-10k
定款,outside-10k
押収,outside-10k
アキバ,outside-10k
あっという間,outside-10k
のべ,outside-10k
紗子,outside-10k
境地,outside-10k
一発,outside-10k
不合理,outside-10k
先人,outside-10k
クローズアップ,outside-10k
不問,outside-10k
ショパン,outside-10k
ワザ,outside-10k
所沢,outside-10k
緒,outside-10k
射程,outside-10k
ピル,outside-10k
特許庁,outside-10k
間違える,outside-10k
再販,outside-10k
寄せる,outside-10k
異変,outside-10k
事物,outside-10k
静寂,outside-10k
えらく,outside-10k
閉塞,outside-10k
随所,outside-10k
おぼえ,outside-10k
たまる,outside-10k
スタンプ,outside-10k
安堵,outside-10k
軍国,outside-10k
アタシ,outside-10k
バリー,outside-10k
多角,outside-10k
シェル,outside-10k
とおし,outside-10k
オーロラ,outside-10k
いちおう,outside-10k
無駄遣い,outside-10k
真偽,outside-10k
かならず,outside-10k
ヘッドホン,outside-10k
救世主,outside-10k
転ん,outside-10k
サラ金,outside-10k
くだり,outside-10k
下方,outside-10k
実話,outside-10k
巡礼,outside-10k
至,outside-10k
ボーダフォン,outside-10k
脳裏,outside-10k
人当たり,outside-10k
休息,outside-10k
細分,outside-10k
増収,outside-10k
みごと,outside-10k
おろか,outside-10k
無邪気,outside-10k
折り返し,outside-10k
感知,outside-10k
非行,outside-10k
破る,outside-10k
学説,outside-10k
和風,outside-10k
デリー,outside-10k
特産,outside-10k
点灯,outside-10k
別個,outside-10k
延べ,outside-10k
減ら,outside-10k
海苔,outside-10k
講ずる,outside-10k
メアリー,outside-10k
けっ,outside-10k
見込ん,outside-10k
やれやれ,outside-10k
文春,outside-10k
射殺,outside-10k
後部,outside-10k
刻ん,outside-10k
洒落,outside-10k
ムッ,outside-10k
オーブン,outside-10k
貧弱,outside-10k
脱力,outside-10k
年明け,outside-10k
獣医,outside-10k
ヘビー,outside-10k
さようなら,outside-10k
中南米,outside-10k
浜田,outside-10k
マーチ,outside-10k
爐,outside-10k
勤勉,outside-10k
生態学,outside-10k
岡野,outside-10k
魔法使い,outside-10k
昔話,outside-10k
ドック,outside-10k
恐慌,outside-10k
辛口,outside-10k
南方,outside-10k
ロット,outside-10k
圧巻,outside-10k
最短,outside-10k
波紋,outside-10k
妨げる,outside-10k
宮廷,outside-10k
のぼり,outside-10k
一様,outside-10k
獅子,outside-10k
テ,outside-10k
アース,outside-10k
きた,outside-10k
刃物,outside-10k
かお,outside-10k
攻防,outside-10k
観劇,outside-10k
公民館,outside-10k
化合,outside-10k
人妻,outside-10k
おもし,outside-10k
描け,outside-10k
護,outside-10k
戯曲,outside-10k
慰謝,outside-10k
叫ば,outside-10k
収まっ,outside-10k
ムスリム,outside-10k
紡,outside-10k
パロディ,outside-10k
改築,outside-10k
覆う,outside-10k
矢先,outside-10k
分ら,outside-10k
あきれ,outside-10k
拓,outside-10k
編曲,outside-10k
勃発,outside-10k
んじゃ,outside-10k
謙,outside-10k
茎,outside-10k
晶,outside-10k
浴,outside-10k
支度,outside-10k
ナース,outside-10k
急落,outside-10k
冬季,outside-10k
向っ,outside-10k
世俗,outside-10k
道中,outside-10k
予見,outside-10k
栓,outside-10k
乳幼児,outside-10k
完備,outside-10k
連敗,outside-10k
ワーム,outside-10k
帰路,outside-10k
プライス,outside-10k
偏,outside-10k
利い,outside-10k
村井,outside-10k
工具,outside-10k
抜け出し,outside-10k
俊輔,outside-10k
母校,outside-10k
往々,outside-10k
ろくに,outside-10k
栄え,outside-10k
惹き,outside-10k
仮設,outside-10k
パラダイム,outside-10k
早川,outside-10k
帆,outside-10k
ブラシ,outside-10k
サウジアラビア,outside-10k
危うく,outside-10k
使い道,outside-10k
次ぐ,outside-10k
アリア,outside-10k
遥かに,outside-10k
マリン,outside-10k
カルテ,outside-10k
伏せ,outside-10k
生誕,outside-10k
ニンニク,outside-10k
告訴,outside-10k
通さ,outside-10k
病状,outside-10k
向き合っ,outside-10k
アルプス,outside-10k
沙,outside-10k
激動,outside-10k
レッズ,outside-10k
シロ,outside-10k
迫り,outside-10k
フェミニズム,outside-10k
フレンドリー,outside-10k
組み合わせる,outside-10k
ためし,outside-10k
ニュートン,outside-10k
土俵,outside-10k
やっかい,outside-10k
任さ,outside-10k
滑稽,outside-10k
敬語,outside-10k
ところどころ,outside-10k
バタ,outside-10k
強める,outside-10k
乗り越える,outside-10k
宇都宮,outside-10k
道理,outside-10k
ふやし,outside-10k
プーケット,outside-10k
杜,outside-10k
諭,outside-10k
ラッセル,outside-10k
概観,outside-10k
秀逸,outside-10k
演算,outside-10k
石毛,outside-10k
うみ,outside-10k
ユナイテッド,outside-10k
浮かば,outside-10k
見所,outside-10k
蒸留,outside-10k
シカ,outside-10k
沈没,outside-10k
シンクロ,outside-10k
嫌っ,outside-10k
旧約,outside-10k
習う,outside-10k
起立,outside-10k
汽車,outside-10k
子犬,outside-10k
ブルガリア,outside-10k
無念,outside-10k
称する,outside-10k
家康,outside-10k
弾け,outside-10k
平井,outside-10k
末尾,outside-10k
痛かっ,outside-10k
託し,outside-10k
牙,outside-10k
謝っ,outside-10k
見識,outside-10k
海辺,outside-10k
多田,outside-10k
目印,outside-10k
旧来,outside-10k
新郎,outside-10k
一段,outside-10k
絶版,outside-10k
争っ,outside-10k
キッド,outside-10k
眠,outside-10k
まずまず,outside-10k
ぼん,outside-10k
アダプタ,outside-10k
槍,outside-10k
温かく,outside-10k
部局,outside-10k
有望,outside-10k
私鉄,outside-10k
運勢,outside-10k
相棒,outside-10k
蓄え,outside-10k
囲碁,outside-10k
くみ,outside-10k
下請け,outside-10k
番地,outside-10k
在来,outside-10k
男児,outside-10k
平然と,outside-10k
佳,outside-10k
出向い,outside-10k
郵貯,outside-10k
なんで,outside-10k
妃,outside-10k
追随,outside-10k
持ち帰っ,outside-10k
先駆け,outside-10k
届ける,outside-10k
離島,outside-10k
蹴っ,outside-10k
ゴマ,outside-10k
さきほど,outside-10k
祭典,outside-10k
有り難う,outside-10k
竣工,outside-10k
違,outside-10k
両論,outside-10k
立ち向かう,outside-10k
デブ,outside-10k
起,outside-10k
訪ねる,outside-10k
取り組ま,outside-10k
司教,outside-10k
概略,outside-10k
発病,outside-10k
再考,outside-10k
坂道,outside-10k
ぶつかる,outside-10k
係員,outside-10k
パートナーシップ,outside-10k
勝敗,outside-10k
受け継い,outside-10k
拍車,outside-10k
感慨,outside-10k
インサイド,outside-10k
きめる,outside-10k
野原,outside-10k
無制限,outside-10k
留,outside-10k
アレン,outside-10k
此処,outside-10k
いきさつ,outside-10k
スコット,outside-10k
田植え,outside-10k
概算,outside-10k
ダライ,outside-10k
下る,outside-10k
人命,outside-10k
四方,outside-10k
睡,outside-10k
キュート,outside-10k
大輔,outside-10k
中西,outside-10k
奥行き,outside-10k
とまっ,outside-10k
くらべ,outside-10k
人身,outside-10k
ロイター,outside-10k
用法,outside-10k
耕作,outside-10k
面倒くさい,outside-10k
遠距離,outside-10k
テラ,outside-10k
別物,outside-10k
林業,outside-10k
シイ,outside-10k
集結,outside-10k
現像,outside-10k
腹筋,outside-10k
よくなっ,outside-10k
論評,outside-10k
北上,outside-10k
クアラルンプール,outside-10k
汚職,outside-10k
取り決め,outside-10k
クイーン,outside-10k
惜しま,outside-10k
脳死,outside-10k
名声,outside-10k
自白,outside-10k
大口,outside-10k
銃撃,outside-10k
伴わ,outside-10k
さっ,outside-10k
仮面ライダー,outside-10k
撃っ,outside-10k
ユダ,outside-10k
ラジ,outside-10k
誇っ,outside-10k
宴,outside-10k
うんちく,outside-10k
異端,outside-10k
コトバ,outside-10k
切に,outside-10k
退治,outside-10k
名乗っ,outside-10k
台無し,outside-10k
軽快,outside-10k
都知事,outside-10k
開館,outside-10k
和子,outside-10k
右上,outside-10k
恐る,outside-10k
ミック,outside-10k
永続,outside-10k
求職,outside-10k
でっかい,outside-10k
一安心,outside-10k
親近,outside-10k
湿,outside-10k
若林,outside-10k
後進,outside-10k
えび,outside-10k
分化,outside-10k
特派,outside-10k
新薬,outside-10k
代名詞,outside-10k
復刻,outside-10k
といふ,outside-10k
小切手,outside-10k
神戸大学,outside-10k
内政,outside-10k
魅せ,outside-10k
上原,outside-10k
浦,outside-10k
引っ張る,outside-10k
テッド,outside-10k
成就,outside-10k
すませ,outside-10k
薪,outside-10k
防水,outside-10k
ストリーム,outside-10k
アスキー,outside-10k
疎通,outside-10k
売り手,outside-10k
取り込む,outside-10k
察知,outside-10k
議案,outside-10k
ジェリー,outside-10k
山道,outside-10k
望め,outside-10k
一元,outside-10k
インターンシップ,outside-10k
本案,outside-10k
卑怯,outside-10k
融通,outside-10k
音読,outside-10k
愛称,outside-10k
掘り下げ,outside-10k
見合う,outside-10k
内陸,outside-10k
呼べる,outside-10k
漁船,outside-10k
束縛,outside-10k
アロマ,outside-10k
後々,outside-10k
メル,outside-10k
金髪,outside-10k
目指せ,outside-10k
付着,outside-10k
田原,outside-10k
にせよ,outside-10k
流行り,outside-10k
諜報,outside-10k
夏場,outside-10k
お嬢さん,outside-10k
下請,outside-10k
醜い,outside-10k
便乗,outside-10k
人為,outside-10k
デイリー,outside-10k
レフ,outside-10k
原宿,outside-10k
皇,outside-10k
不運,outside-10k
田園,outside-10k
先取り,outside-10k
双方向,outside-10k
対岸,outside-10k
図表,outside-10k
本心,outside-10k
改める,outside-10k
借家,outside-10k
能動,outside-10k
おかし,outside-10k
わな,outside-10k
絶品,outside-10k
伊丹,outside-10k
履き,outside-10k
タイムリー,outside-10k
件名,outside-10k
口語,outside-10k
プロレタリア,outside-10k
楽屋,outside-10k
胴,outside-10k
えい,outside-10k
暑かっ,outside-10k
援護,outside-10k
怪しげ,outside-10k
一人前,outside-10k
コントラスト,outside-10k
落選,outside-10k
走り回っ,outside-10k
華人,outside-10k
包囲,outside-10k
センタ,outside-10k
空襲,outside-10k
挙式,outside-10k
公言,outside-10k
勝る,outside-10k
次いで,outside-10k
徹し,outside-10k
一因,outside-10k
前衛,outside-10k
赤色,outside-10k
器官,outside-10k
利率,outside-10k
これだけ,outside-10k
貫い,outside-10k
お粗末,outside-10k
長岡,outside-10k
用心,outside-10k
奨め,outside-10k
亡くなら,outside-10k
マフィア,outside-10k
天地,outside-10k
武藤,outside-10k
元素,outside-10k
目覚まし,outside-10k
応急,outside-10k
打ち切り,outside-10k
表象,outside-10k
性欲,outside-10k
ださ,outside-10k
駝,outside-10k
姪,outside-10k
有価,outside-10k
兵力,outside-10k
ねずみ,outside-10k
非公式,outside-10k
トウモロコシ,outside-10k
召集,outside-10k
ドンドン,outside-10k
寅,outside-10k
王室,outside-10k
取り込み,outside-10k
武蔵野,outside-10k
お便り,outside-10k
直ぐ,outside-10k
離せ,outside-10k
管内,outside-10k
治す,outside-10k
最古,outside-10k
イヌ,outside-10k
販促,outside-10k
アフター,outside-10k
画一,outside-10k
没収,outside-10k
挙動,outside-10k
休め,outside-10k
バード,outside-10k
読み取り,outside-10k
艦長,outside-10k
豪州,outside-10k
マーティン,outside-10k
ハイブリッド,outside-10k
双,outside-10k
日本テレビ,outside-10k
賀,outside-10k
大通り,outside-10k
まちがい,outside-10k
初演,outside-10k
つづい,outside-10k
マイペース,outside-10k
円形,outside-10k
頒布,outside-10k
誇張,outside-10k
垂れ,outside-10k
加味,outside-10k
系譜,outside-10k
横行,outside-10k
問答,outside-10k
ひかり,outside-10k
ことわざ,outside-10k
温め,outside-10k
ハチ,outside-10k
戦わ,outside-10k
竹田,outside-10k
見渡す,outside-10k
應,outside-10k
菊池,outside-10k
ハンセン病,outside-10k
レーン,outside-10k
優勢,outside-10k
ユネスコ,outside-10k
かわい,outside-10k
伝えよ,outside-10k
硬く,outside-10k
あゆみ,outside-10k
訳さ,outside-10k
ふらふら,outside-10k
要塞,outside-10k
伯爵,outside-10k
講和,outside-10k
内職,outside-10k
上告,outside-10k
防ぎ,outside-10k
足首,outside-10k
亀田,outside-10k
効き,outside-10k
屋内,outside-10k
所蔵,outside-10k
仕込み,outside-10k
年頃,outside-10k
綴り,outside-10k
利き,outside-10k
を以て,outside-10k
ハンカチ,outside-10k
つきあっ,outside-10k
農林水産省,outside-10k
反米,outside-10k
振,outside-10k
作り上げる,outside-10k
探究,outside-10k
すさまじい,outside-10k
英訳,outside-10k
潜ん,outside-10k
イラ,outside-10k
浮かび上がっ,outside-10k
バラード,outside-10k
生理学,outside-10k
文庫本,outside-10k
ディス,outside-10k
使い捨て,outside-10k
滑らか,outside-10k
か国,outside-10k
察,outside-10k
ワンピース,outside-10k
五十嵐,outside-10k
布告,outside-10k
次女,outside-10k
カトリック教,outside-10k
釧路,outside-10k
下品,outside-10k
贈ら,outside-10k
車種,outside-10k
監禁,outside-10k
エド,outside-10k
日テレ,outside-10k
誤認,outside-10k
変われ,outside-10k
リテラシー,outside-10k
つなげる,outside-10k
マリオ,outside-10k
かぼちゃ,outside-10k
繁,outside-10k
参列,outside-10k
点字,outside-10k
トホホ,outside-10k
見送っ,outside-10k
換金,outside-10k
大自然,outside-10k
ジャクソン,outside-10k
不合格,outside-10k
創始,outside-10k
吉本,outside-10k
篤,outside-10k
乗務,outside-10k
ざま,outside-10k
沸騰,outside-10k
浅田,outside-10k
こら,outside-10k
アサ,outside-10k
マドリード,outside-10k
ウイスキー,outside-10k
呼び名,outside-10k
掴む,outside-10k
このほど,outside-10k
生年月日,outside-10k
既得,outside-10k
捧げる,outside-10k
役立て,outside-10k
直子,outside-10k
とかく,outside-10k
タバ,outside-10k
覚める,outside-10k
弥,outside-10k
仮処分,outside-10k
ソル,outside-10k
らっしゃる,outside-10k
虫歯,outside-10k
欠,outside-10k
ぬけ,outside-10k
エキスパート,outside-10k
パット,outside-10k
下回っ,outside-10k
サウナ,outside-10k
ありゃ,outside-10k
根気,outside-10k
かぶり,outside-10k
大連,outside-10k
富豪,outside-10k
力士,outside-10k
新婦,outside-10k
日本経済新聞,outside-10k
代弁,outside-10k
みろ,outside-10k
ふんだんに,outside-10k
想,outside-10k
キリン,outside-10k
川端,outside-10k
大雑把,outside-10k
留守番,outside-10k
境遇,outside-10k
代用,outside-10k
不動,outside-10k
秀雄,outside-10k
置,outside-10k
混入,outside-10k
北海,outside-10k
はやり,outside-10k
こぼし,outside-10k
狐,outside-10k
歪曲,outside-10k
ウルトラマン,outside-10k
意匠,outside-10k
競う,outside-10k
独学,outside-10k
まっとう,outside-10k
かれこれ,outside-10k
水害,outside-10k
流布,outside-10k
逃走,outside-10k
採集,outside-10k
カラフル,outside-10k
阪,outside-10k
エラ,outside-10k
潔,outside-10k
ラオス,outside-10k
磁石,outside-10k
邪悪,outside-10k
不器用,outside-10k
塚本,outside-10k
持ち出す,outside-10k
ワイヤー,outside-10k
借り入れ,outside-10k
似合わ,outside-10k
着々と,outside-10k
祈願,outside-10k
陰陽,outside-10k
きゃ,outside-10k
ファイア,outside-10k
けし,outside-10k
ハローワーク,outside-10k
ナレーション,outside-10k
調教,outside-10k
取り返し,outside-10k
大津,outside-10k
スチール,outside-10k
未経験,outside-10k
鮮,outside-10k
キラ,outside-10k
リフト,outside-10k
河合,outside-10k
台場,outside-10k
劉,outside-10k
健常,outside-10k
ジュネーブ,outside-10k
率い,outside-10k
豆乳,outside-10k
皇位,outside-10k
綱領,outside-10k
抄,outside-10k
新橋,outside-10k
めちゃめちゃ,outside-10k
場内,outside-10k
ハロ,outside-10k
達也,outside-10k
星空,outside-10k
招集,outside-10k
愕然,outside-10k
壁画,outside-10k
覗く,outside-10k
新装,outside-10k
割高,outside-10k
たたき,outside-10k
崩れる,outside-10k
あきらめる,outside-10k
規程,outside-10k
追いつか,outside-10k
下地,outside-10k
免,outside-10k
リーズナブル,outside-10k
パーフェクト,outside-10k
軍備,outside-10k
監理,outside-10k
水族館,outside-10k
落胆,outside-10k
吉村,outside-10k
備考,outside-10k
書式,outside-10k
挑ん,outside-10k
石橋,outside-10k
冴え,outside-10k
もてる,outside-10k
癒着,outside-10k
中絶,outside-10k
牽引,outside-10k
決め手,outside-10k
エッジ,outside-10k
沿線,outside-10k
敏,outside-10k
版元,outside-10k
一日中,outside-10k
監獄,outside-10k
シャイ,outside-10k
三角形,outside-10k
ヤマト,outside-10k
水晶,outside-10k
レスポンス,outside-10k
アレックス,outside-10k
松子,outside-10k
呼びかける,outside-10k
日本円,outside-10k
数時間,outside-10k
八田,outside-10k
協業,outside-10k
いえよ,outside-10k
シュー,outside-10k
幾分,outside-10k
行程,outside-10k
ベーシック,outside-10k
ショートカット,outside-10k
モス,outside-10k
ルネサンス,outside-10k
そういや,outside-10k
ジル,outside-10k
一遍,outside-10k
邦人,outside-10k
別館,outside-10k
質感,outside-10k
お疲れさま,outside-10k
ヒール,outside-10k
断層,outside-10k
院生,outside-10k
積もっ,outside-10k
採掘,outside-10k
丸の内,outside-10k
一掃,outside-10k
黒板,outside-10k
投棄,outside-10k
鵐,outside-10k
旭川,outside-10k
時効,outside-10k
ハザード,outside-10k
お守り,outside-10k
フェラーリ,outside-10k
母語,outside-10k
見落とし,outside-10k
かいな,outside-10k
トラベル,outside-10k
軍部,outside-10k
尼崎,outside-10k
ぼちぼち,outside-10k
史観,outside-10k
急が,outside-10k
ワット,outside-10k
必勝,outside-10k
和菓子,outside-10k
日野,outside-10k
称号,outside-10k
とかし,outside-10k
豊田,outside-10k
チカ,outside-10k
反感,outside-10k
あす,outside-10k
手頃,outside-10k
進入,outside-10k
遊べる,outside-10k
養老,outside-10k
極秘,outside-10k
すわっ,outside-10k
ヤマハ,outside-10k
不機嫌,outside-10k
品切れ,outside-10k
西ドイツ,outside-10k
姑,outside-10k
古墳,outside-10k
足場,outside-10k
後任,outside-10k
ふみ,outside-10k
サプライズ,outside-10k
合体,outside-10k
出没,outside-10k
一眼,outside-10k
アトラクション,outside-10k
ヴァイ,outside-10k
潜入,outside-10k
ドーナツ,outside-10k
骨董,outside-10k
緑地,outside-10k
その頃,outside-10k
不景気,outside-10k
とてつもなく,outside-10k
大平,outside-10k
引き込ま,outside-10k
バイアス,outside-10k
下宿,outside-10k
祖,outside-10k
實,outside-10k
塁,outside-10k
所存,outside-10k
伝言,outside-10k
雀,outside-10k
聖職,outside-10k
ハワイアン,outside-10k
てら,outside-10k
レジスト,outside-10k
よせ,outside-10k
ナベ,outside-10k
赤松,outside-10k
転生,outside-10k
併設,outside-10k
レベルアップ,outside-10k
吸わ,outside-10k
テクスト,outside-10k
月給,outside-10k
しきりに,outside-10k
稼げ,outside-10k
配管,outside-10k
円盤,outside-10k
繋い,outside-10k
想う,outside-10k
専門医,outside-10k
毒性,outside-10k
絶好調,outside-10k
実り,outside-10k
わらしべ,outside-10k
道端,outside-10k
窮屈,outside-10k
スペル,outside-10k
立花,outside-10k
春日,outside-10k
恐ろし,outside-10k
別人,outside-10k
刺繍,outside-10k
略奪,outside-10k
同種,outside-10k
騒が,outside-10k
金星,outside-10k
乗れる,outside-10k
中心地,outside-10k
生死,outside-10k
ハメ,outside-10k
種子,outside-10k
鴨,outside-10k
頻発,outside-10k
関し,outside-10k
たいして,outside-10k
印鑑,outside-10k
憂慮,outside-10k
抹茶,outside-10k
コンペ,outside-10k
行儀,outside-10k
辿っ,outside-10k
ヌード,outside-10k
強迫,outside-10k
みつ,outside-10k
すご,outside-10k
鉄人,outside-10k
増減,outside-10k
綿密,outside-10k
クーデター,outside-10k
重厚,outside-10k
機関車,outside-10k
不起訴,outside-10k
みそ,outside-10k
月収,outside-10k
しり,outside-10k
雅子,outside-10k
伊達,outside-10k
悪役,outside-10k
ウマ,outside-10k
試さ,outside-10k
ボールペン,outside-10k
うんと,outside-10k
セルビア,outside-10k
ノーマル,outside-10k
スナック,outside-10k
へー,outside-10k
縄,outside-10k
要綱,outside-10k
トリー,outside-10k
養育,outside-10k
キツイ,outside-10k
疾走,outside-10k
カミさん,outside-10k
未然,outside-10k
トロイ,outside-10k
鳥居,outside-10k
濤,outside-10k
電機,outside-10k
見聞,outside-10k
図解,outside-10k
全滅,outside-10k
コスメ,outside-10k
塗る,outside-10k
ヒューザー,outside-10k
源氏,outside-10k
等しく,outside-10k
こり,outside-10k
自粛,outside-10k
豪雨,outside-10k
こまめ,outside-10k
踏み出し,outside-10k
率先,outside-10k
単調,outside-10k
大佐,outside-10k
緑茶,outside-10k
そのうえ,outside-10k
しだい,outside-10k
木星,outside-10k
フルート,outside-10k
宋,outside-10k
松原,outside-10k
かくして,outside-10k
トランプ,outside-10k
ラテン語,outside-10k
読み物,outside-10k
蜜,outside-10k
県議会,outside-10k
梱包,outside-10k
恵子,outside-10k
幹線,outside-10k
衛,outside-10k
練っ,outside-10k
連覇,outside-10k
頭上,outside-10k
グレイ,outside-10k
私学,outside-10k
りょう,outside-10k
成り行き,outside-10k
もどき,outside-10k
対称,outside-10k
プッシュ,outside-10k
三田,outside-10k
手記,outside-10k
ジョブ,outside-10k
顔つき,outside-10k
エドワード,outside-10k
埃,outside-10k
エフェクト,outside-10k
パイオニア,outside-10k
当座,outside-10k
鳴き声,outside-10k
きち,outside-10k
スマ,outside-10k
訳注,outside-10k
資,outside-10k
ピュア,outside-10k
パワーアップ,outside-10k
凌,outside-10k
味わえる,outside-10k
オートバイ,outside-10k
軽井沢,outside-10k
ヤンキー,outside-10k
幼稚,outside-10k
炎症,outside-10k
ゴン,outside-10k
等級,outside-10k
岩崎,outside-10k
おと,outside-10k
マンゴー,outside-10k
操る,outside-10k
弱っ,outside-10k
築,outside-10k
善悪,outside-10k
精通,outside-10k
過ぎ去っ,outside-10k
小樽,outside-10k
出来高,outside-10k
カウンタ,outside-10k
劼,outside-10k
亡,outside-10k
沸い,outside-10k
風刺,outside-10k
回顧,outside-10k
一泊,outside-10k
カーソル,outside-10k
同上,outside-10k
根元,outside-10k
集う,outside-10k
絹,outside-10k
かんがみ,outside-10k
囲む,outside-10k
敷居,outside-10k
哉,outside-10k
下回る,outside-10k
盗作,outside-10k
しゅう,outside-10k
バネ,outside-10k
訳す,outside-10k
野蛮,outside-10k
ポチッ,outside-10k
散乱,outside-10k
ベール,outside-10k
専属,outside-10k
新約,outside-10k
追いかける,outside-10k
ついてる,outside-10k
書名,outside-10k
あっせん,outside-10k
タック,outside-10k
断面,outside-10k
組合せ,outside-10k
始まら,outside-10k
館内,outside-10k
この方,outside-10k
おねがい,outside-10k
レンガ,outside-10k
修得,outside-10k
貞,outside-10k
乗り込む,outside-10k
萬,outside-10k
プロパガンダ,outside-10k
因縁,outside-10k
陶芸,outside-10k
構,outside-10k
従え,outside-10k
澄ん,outside-10k
体裁,outside-10k
壮絶,outside-10k
急上昇,outside-10k
痴漢,outside-10k
リスナー,outside-10k
和声,outside-10k
悪人,outside-10k
別紙,outside-10k
読み込み,outside-10k
スティーブン,outside-10k
安楽,outside-10k
号泣,outside-10k
花屋,outside-10k
ダウ,outside-10k
唖然,outside-10k
ちがっ,outside-10k
満腹,outside-10k
りえ,outside-10k
病理,outside-10k
交響楽,outside-10k
岬,outside-10k
ミナ,outside-10k
うるさく,outside-10k
仙,outside-10k
壁面,outside-10k
酷,outside-10k
覚まし,outside-10k
シリアス,outside-10k
偽善,outside-10k
当番,outside-10k
弁理,outside-10k
河原,outside-10k
辞,outside-10k
コリン,outside-10k
櫻井,outside-10k
鳴らす,outside-10k
特約,outside-10k
エンジェル,outside-10k
引き渡し,outside-10k
優越,outside-10k
ベーコン,outside-10k
慈善,outside-10k
会派,outside-10k
ティム,outside-10k
数理,outside-10k
爺,outside-10k
ヤミ,outside-10k
羽根,outside-10k
モニタリング,outside-10k
慰霊,outside-10k
べから,outside-10k
ファイト,outside-10k
ブドウ,outside-10k
竿,outside-10k
ダイジェスト,outside-10k
モル,outside-10k
気が付く,outside-10k
あらわし,outside-10k
課し,outside-10k
炸裂,outside-10k
難く,outside-10k
共催,outside-10k
博覧,outside-10k
山岡,outside-10k
憲,outside-10k
狭,outside-10k
落合,outside-10k
範,outside-10k
遊戯,outside-10k
フランチャイズ,outside-10k
踊ら,outside-10k
トレイ,outside-10k
内需,outside-10k
ルーマニア,outside-10k
由紀夫,outside-10k
台北,outside-10k
既定,outside-10k
協賛,outside-10k
焼き鳥,outside-10k
ひく,outside-10k
譲り,outside-10k
鎧,outside-10k
水路,outside-10k
ユニオン,outside-10k
チーフ,outside-10k
ジーニョ,outside-10k
ヤ,outside-10k
やって来る,outside-10k
廃墟,outside-10k
思案,outside-10k
南東,outside-10k
米兵,outside-10k
うさ,outside-10k
不毛,outside-10k
自分勝手,outside-10k
先導,outside-10k
得よ,outside-10k
雇わ,outside-10k
出雲,outside-10k
飢餓,outside-10k
順に,outside-10k
自決,outside-10k
砦,outside-10k
ひで,outside-10k
年月日,outside-10k
処方箋,outside-10k
腫れ,outside-10k
どきどき,outside-10k
きのこ,outside-10k
経団連,outside-10k
査察,outside-10k
製図,outside-10k
６つ,outside-10k
ノミネート,outside-10k
不変,outside-10k
ぶろ,outside-10k
海面,outside-10k
通わ,outside-10k
錬金術,outside-10k
いとこ,outside-10k
歓喜,outside-10k
ペイント,outside-10k
寄る,outside-10k
全編,outside-10k
滅亡,outside-10k
過ごせる,outside-10k
復刊,outside-10k
手話,outside-10k
威嚇,outside-10k
サントラ,outside-10k
外野,outside-10k
突い,outside-10k
ハーモニー,outside-10k
本館,outside-10k
バク,outside-10k
表さ,outside-10k
ペダル,outside-10k
上質,outside-10k
移さ,outside-10k
けんか,outside-10k
小中学校,outside-10k
エヴァ,outside-10k
育毛,outside-10k
人参,outside-10k
論説,outside-10k
ニコラ,outside-10k
東京タワー,outside-10k
雌,outside-10k
抜,outside-10k
明石,outside-10k
色気,outside-10k
前項,outside-10k
ポルシェ,outside-10k
菅野,outside-10k
期し,outside-10k
貰える,outside-10k
素顔,outside-10k
笑い声,outside-10k
振込み,outside-10k
想起,outside-10k
南国,outside-10k
加筆,outside-10k
後遺症,outside-10k
火葬,outside-10k
意地悪,outside-10k
鉱業,outside-10k
私生活,outside-10k
車輪,outside-10k
はく,outside-10k
岩国,outside-10k
グローバリゼーション,outside-10k
寄贈,outside-10k
贈り,outside-10k
レタス,outside-10k
フロイト,outside-10k
西暦,outside-10k
静香,outside-10k
投球,outside-10k
ブレ,outside-10k
電電,outside-10k
特製,outside-10k
ミソ,outside-10k
一撃,outside-10k
匠,outside-10k
削る,outside-10k
フェンス,outside-10k
リーチ,outside-10k
ノブ,outside-10k
語りかけ,outside-10k
引き起こさ,outside-10k
慶應義塾,outside-10k
獲物,outside-10k
体現,outside-10k
定住,outside-10k
手直し,outside-10k
ふる,outside-10k
積雪,outside-10k
養,outside-10k
平常,outside-10k
ピアス,outside-10k
リュック,outside-10k
果たさ,outside-10k
カオス,outside-10k
中国共産党,outside-10k
塚,outside-10k
モスク,outside-10k
アジ,outside-10k
ヴォーカル,outside-10k
学童,outside-10k
ジャッジ,outside-10k
漏らし,outside-10k
サ,outside-10k
カキコ,outside-10k
ガーデニング,outside-10k
さがし,outside-10k
西海岸,outside-10k
一昔,outside-10k
ニュースレター,outside-10k
試料,outside-10k
ルパン,outside-10k
デュアル,outside-10k
初恋,outside-10k
責める,outside-10k
杉本,outside-10k
氣,outside-10k
おまかせ,outside-10k
主審,outside-10k
精神病,outside-10k
長調,outside-10k
恐るべき,outside-10k
稲葉,outside-10k
よくなる,outside-10k
固まり,outside-10k
公示,outside-10k
退去,outside-10k
人名,outside-10k
あいかわらず,outside-10k
サーカス,outside-10k
ドロ,outside-10k
二日酔い,outside-10k
救命,outside-10k
タイガース,outside-10k
客室,outside-10k
税別,outside-10k
漁,outside-10k
せり,outside-10k
山積み,outside-10k
ふじ,outside-10k
特段,outside-10k
中央アジア,outside-10k
溶接,outside-10k
逆行,outside-10k
劣っ,outside-10k
浴室,outside-10k
思索,outside-10k
貸,outside-10k
低温,outside-10k
上乗せ,outside-10k
賞与,outside-10k
サイレン,outside-10k
行財政,outside-10k
劣ら,outside-10k
終点,outside-10k
品格,outside-10k
裏返し,outside-10k
打破,outside-10k
不可避,outside-10k
斡旋,outside-10k
直視,outside-10k
混み,outside-10k
こく,outside-10k
メッセンジャー,outside-10k
尋常,outside-10k
小麦粉,outside-10k
オマケ,outside-10k
取り調べ,outside-10k
信憑,outside-10k
かわる,outside-10k
仕草,outside-10k
校内,outside-10k
力不足,outside-10k
免税,outside-10k
祖父母,outside-10k
キモ,outside-10k
出稼ぎ,outside-10k
培っ,outside-10k
効能,outside-10k
亡くなる,outside-10k
抵触,outside-10k
控える,outside-10k
あの世,outside-10k
エディタ,outside-10k
鳩山,outside-10k
レオン,outside-10k
外界,outside-10k
毛沢東,outside-10k
服従,outside-10k
極意,outside-10k
もれ,outside-10k
白色,outside-10k
相次ぐ,outside-10k
仕上げる,outside-10k
脳みそ,outside-10k
外れる,outside-10k
注ぎ,outside-10k
蔵書,outside-10k
エッセー,outside-10k
発進,outside-10k
ふさわしく,outside-10k
揶揄,outside-10k
皇后,outside-10k
あらわ,outside-10k
応,outside-10k
近江,outside-10k
カンヌ,outside-10k
スポンジ,outside-10k
徴兵,outside-10k
身柄,outside-10k
会食,outside-10k
真珠,outside-10k
初旬,outside-10k
半角,outside-10k
川柳,outside-10k
耐性,outside-10k
パンドラ,outside-10k
ポータブル,outside-10k
トロント,outside-10k
ピカ,outside-10k
立ち入り,outside-10k
じゃー,outside-10k
きもの,outside-10k
ホークス,outside-10k
電線,outside-10k
スライス,outside-10k
見渡し,outside-10k
錬,outside-10k
わかれ,outside-10k
武術,outside-10k
しるし,outside-10k
ノア,outside-10k
テク,outside-10k
気に入り,outside-10k
イースター,outside-10k
後述,outside-10k
文藝春秋,outside-10k
ツケ,outside-10k
義父,outside-10k
費やす,outside-10k
光線,outside-10k
人手,outside-10k
同性,outside-10k
内的,outside-10k
話しかける,outside-10k
混ざっ,outside-10k
脱退,outside-10k
自営業,outside-10k
宣教師,outside-10k
成田空港,outside-10k
掴み,outside-10k
続報,outside-10k
ゼリー,outside-10k
ガザ,outside-10k
必殺,outside-10k
腑,outside-10k
鍵盤,outside-10k
横目,outside-10k
右下,outside-10k
のび,outside-10k
一目瞭然,outside-10k
安らぎ,outside-10k
明け方,outside-10k
男系,outside-10k
キツ,outside-10k
アルカイダ,outside-10k
レッテル,outside-10k
酸味,outside-10k
十字,outside-10k
聞き手,outside-10k
練り,outside-10k
主食,outside-10k
漢方,outside-10k
祭壇,outside-10k
製剤,outside-10k
わたる,outside-10k
仕切り,outside-10k
災い,outside-10k
沿う,outside-10k
イスラーム,outside-10k
杉並,outside-10k
日の出,outside-10k
染まっ,outside-10k
直人,outside-10k
引き合い,outside-10k
ペニス,outside-10k
民謡,outside-10k
かる,outside-10k
くっきり,outside-10k
引き換え,outside-10k
滅び,outside-10k
発刊,outside-10k
西宮,outside-10k
火曜,outside-10k
特筆,outside-10k
駆け引き,outside-10k
バスケットボール,outside-10k
さながら,outside-10k
バーゲン,outside-10k
興味深かっ,outside-10k
住友,outside-10k
投信,outside-10k
レバノン,outside-10k
閉ざさ,outside-10k
個所,outside-10k
メンバ,outside-10k
ギャラ,outside-10k
鯛,outside-10k
盗,outside-10k
エディション,outside-10k
主将,outside-10k
カゴ,outside-10k
ハンバーグ,outside-10k
廻り,outside-10k
くろ,outside-10k
あんま,outside-10k
がんばろ,outside-10k
空母,outside-10k
突きつけ,outside-10k
しっぽ,outside-10k
マウント,outside-10k
プレーオフ,outside-10k
すごし,outside-10k
有線,outside-10k
観覧,outside-10k
バッシング,outside-10k
まこと,outside-10k
出先,outside-10k
柴,outside-10k
カキ,outside-10k
かしこ,outside-10k
灯油,outside-10k
棚田,outside-10k
巻末,outside-10k
起点,outside-10k
厳正,outside-10k
右肩,outside-10k
生意気,outside-10k
義母,outside-10k
検知,outside-10k
ゾウ,outside-10k
段々,outside-10k
収縮,outside-10k
行き着く,outside-10k
スマイル,outside-10k
何せ,outside-10k
引きずっ,outside-10k
隠そ,outside-10k
キチン,outside-10k
學,outside-10k
団子,outside-10k
とろ,outside-10k
セメント,outside-10k
団員,outside-10k
負け犬,outside-10k
便秘,outside-10k
催さ,outside-10k
密輸,outside-10k
計る,outside-10k
適,outside-10k
奪,outside-10k
電報,outside-10k
倒壊,outside-10k
励ん,outside-10k
裏腹,outside-10k
ロフト,outside-10k
正しかっ,outside-10k
灌,outside-10k
小柄,outside-10k
中越,outside-10k
在外,outside-10k
かねる,outside-10k
顕在,outside-10k
シーツ,outside-10k
醸成,outside-10k
最下位,outside-10k
健一,outside-10k
割る,outside-10k
豪快,outside-10k
重心,outside-10k
直近,outside-10k
顕微鏡,outside-10k
丞,outside-10k
官民,outside-10k
アーサー,outside-10k
関心事,outside-10k
セーフ,outside-10k
ドラフト,outside-10k
冤罪,outside-10k
攻める,outside-10k
プレビュー,outside-10k
記す,outside-10k
渋い,outside-10k
無差別,outside-10k
一味,outside-10k
裏づけ,outside-10k
ガーナ,outside-10k
ミレニアム,outside-10k
蛋白,outside-10k
仏像,outside-10k
マーカー,outside-10k
崩す,outside-10k
検察庁,outside-10k
発せ,outside-10k
和夫,outside-10k
アングル,outside-10k
呼び出さ,outside-10k
組み込ん,outside-10k
普,outside-10k
売れ行き,outside-10k
現況,outside-10k
いただこ,outside-10k
講堂,outside-10k
プランニング,outside-10k
テクノロジ,outside-10k
とっさ,outside-10k
利己,outside-10k
襲う,outside-10k
疑わしい,outside-10k
晩餐,outside-10k
実地,outside-10k
チ,outside-10k
乗り込み,outside-10k
川島,outside-10k
投融資,outside-10k
西口,outside-10k
旅費,outside-10k
結社,outside-10k
バスケ,outside-10k
サンプリング,outside-10k
押さえる,outside-10k
交わす,outside-10k
後回し,outside-10k
ナマ,outside-10k
山脈,outside-10k
てっきり,outside-10k
ズーム,outside-10k
食用,outside-10k
彗星,outside-10k
航路,outside-10k
ダイアログ,outside-10k
年長,outside-10k
読み手,outside-10k
人魚,outside-10k
ジーン,outside-10k
粉砕,outside-10k
ほどほど,outside-10k
一々,outside-10k
気象庁,outside-10k
ブレーク,outside-10k
吹か,outside-10k
本拠地,outside-10k
儲かっ,outside-10k
にくかっ,outside-10k
勉,outside-10k
聴ける,outside-10k
間抜け,outside-10k
葵,outside-10k
引数,outside-10k
リタイア,outside-10k
床屋,outside-10k
近道,outside-10k
鵬,outside-10k
悟っ,outside-10k
探知,outside-10k
断じて,outside-10k
五感,outside-10k
痛む,outside-10k
フライパン,outside-10k
ティーン,outside-10k
試乗,outside-10k
前身,outside-10k
語句,outside-10k
環状,outside-10k
転売,outside-10k
齋藤,outside-10k
フッ,outside-10k
あま,outside-10k
ブラッド,outside-10k
八幡,outside-10k
附帯,outside-10k
コーディング,outside-10k
狂い,outside-10k
建材,outside-10k
大袈裟,outside-10k
血統,outside-10k
模,outside-10k
駅伝,outside-10k
ステッカー,outside-10k
濱,outside-10k
総て,outside-10k
シャフト,outside-10k
直に,outside-10k
じみ,outside-10k
絵柄,outside-10k
ケ,outside-10k
あご,outside-10k
代議士,outside-10k
言い換え,outside-10k
スリランカ,outside-10k
ギル,outside-10k
ルネッサンス,outside-10k
佐伯,outside-10k
憤り,outside-10k
被験者,outside-10k
自虐,outside-10k
小雨,outside-10k
総勢,outside-10k
精製,outside-10k
偽物,outside-10k
農作物,outside-10k
陳腐,outside-10k
シーア,outside-10k
重傷,outside-10k
出向,outside-10k
平ら,outside-10k
覇権,outside-10k
等価,outside-10k
中谷,outside-10k
教え子,outside-10k
長らく,outside-10k
観音,outside-10k
森下,outside-10k
来客,outside-10k
水銀,outside-10k
手腕,outside-10k
サボっ,outside-10k
割愛,outside-10k
和音,outside-10k
在り,outside-10k
つぼみ,outside-10k
ナナ,outside-10k
ライム,outside-10k
懸案,outside-10k
公用,outside-10k
模試,outside-10k
定型,outside-10k
まなざし,outside-10k
専売,outside-10k
哀しい,outside-10k
近世,outside-10k
途切れ,outside-10k
ふしぎ,outside-10k
アパレル,outside-10k
敬称,outside-10k
調印,outside-10k
宣教,outside-10k
ロケーション,outside-10k
どっぷり,outside-10k
逸品,outside-10k
吠え,outside-10k
囚われ,outside-10k
きゅう,outside-10k
インテリジェンス,outside-10k
埋め立て,outside-10k
みゆき,outside-10k
ケット,outside-10k
じい,outside-10k
ハト,outside-10k
電磁,outside-10k
ガリ,outside-10k
答案,outside-10k
微分,outside-10k
牧,outside-10k
編入,outside-10k
浸っ,outside-10k
送迎,outside-10k
長続き,outside-10k
ブス,outside-10k
練馬,outside-10k
パラパラ,outside-10k
てっ,outside-10k
終末,outside-10k
帰結,outside-10k
落ち込む,outside-10k
じわじわ,outside-10k
ハイライト,outside-10k
業態,outside-10k
筋力,outside-10k
足りる,outside-10k
占星術,outside-10k
洋画,outside-10k
タール,outside-10k
威,outside-10k
中等,outside-10k
絶叫,outside-10k
喜ばしい,outside-10k
嘆く,outside-10k
格付け,outside-10k
有様,outside-10k
左上,outside-10k
旅客,outside-10k
打ち込ん,outside-10k
本性,outside-10k
葉書,outside-10k
果樹,outside-10k
絡め,outside-10k
躍進,outside-10k
訓,outside-10k
トースト,outside-10k
アンティーク,outside-10k
ギルド,outside-10k
折り紙,outside-10k
煽り,outside-10k
キズ,outside-10k
河口,outside-10k
萎縮,outside-10k
歩か,outside-10k
堤防,outside-10k
買い取り,outside-10k
ベンツ,outside-10k
学識,outside-10k
片岡,outside-10k
殴っ,outside-10k
争議,outside-10k
水谷,outside-10k
さいたま,outside-10k
格子,outside-10k
魔力,outside-10k
逝っ,outside-10k
散らし,outside-10k
鮎,outside-10k
トンボ,outside-10k
レプリカ,outside-10k
確固たる,outside-10k
忙,outside-10k
廉価,outside-10k
弁明,outside-10k
欺瞞,outside-10k
カンタン,outside-10k
静脈,outside-10k
舞う,outside-10k
劣等,outside-10k
サーブ,outside-10k
邦訳,outside-10k
ふい,outside-10k
足音,outside-10k
気遣い,outside-10k
なぁー,outside-10k
実技,outside-10k
ねらっ,outside-10k
丹羽,outside-10k
呆然と,outside-10k
ウェブページ,outside-10k
バックグラウンド,outside-10k
挟ま,outside-10k
夕べ,outside-10k
排泄,outside-10k
損なう,outside-10k
マンチェスター,outside-10k
引き金,outside-10k
たたき台,outside-10k
生れ,outside-10k
自由民主党,outside-10k
曲がり,outside-10k
聞こ,outside-10k
捕鯨,outside-10k
抗争,outside-10k
売場,outside-10k
浅く,outside-10k
外為,outside-10k
薄型,outside-10k
白馬,outside-10k
桐,outside-10k
人民元,outside-10k
タネ,outside-10k
許,outside-10k
ボーリング,outside-10k
難関,outside-10k
どり,outside-10k
ゎ,outside-10k
スペシャリスト,outside-10k
角川書店,outside-10k
フ,outside-10k
制し,outside-10k
講じる,outside-10k
これまで,outside-10k
可用性,outside-10k
思いがけない,outside-10k
段ボール,outside-10k
荒野,outside-10k
崩さ,outside-10k
根っこ,outside-10k
えり,outside-10k
ちっと,outside-10k
天狗,outside-10k
パトロール,outside-10k
ダニ,outside-10k
震,outside-10k
トルシエ,outside-10k
シティー,outside-10k
未婚,outside-10k
占い師,outside-10k
行き方,outside-10k
南下,outside-10k
テリー,outside-10k
拾う,outside-10k
旋回,outside-10k
発声,outside-10k
見直さ,outside-10k
いふ,outside-10k
はぎ,outside-10k
闘病,outside-10k
可愛らしい,outside-10k
マニラ,outside-10k
リハビリテーション,outside-10k
覚書,outside-10k
ペースト,outside-10k
教祖,outside-10k
所信,outside-10k
ニンテンドー,outside-10k
キャンドル,outside-10k
ズ,outside-10k
春休み,outside-10k
野鳥,outside-10k
怪,outside-10k
強大,outside-10k
被る,outside-10k
果敢,outside-10k
鳴き,outside-10k
難病,outside-10k
円満,outside-10k
ウイグル,outside-10k
引き続い,outside-10k
ドス,outside-10k
漫才,outside-10k
望月,outside-10k
算,outside-10k
集権,outside-10k
試行,outside-10k
即日,outside-10k
文中,outside-10k
序,outside-10k
ガラガラ,outside-10k
恩師,outside-10k
ゴージャス,outside-10k
防護,outside-10k
準々,outside-10k
ピクセル,outside-10k
渡米,outside-10k
織り,outside-10k
木工,outside-10k
合弁,outside-10k
遊ば,outside-10k
呑ん,outside-10k
止めよ,outside-10k
硬,outside-10k
バンバン,outside-10k
ラヴ,outside-10k
重荷,outside-10k
密室,outside-10k
やっこ,outside-10k
諦める,outside-10k
殺戮,outside-10k
過敏,outside-10k
寄生虫,outside-10k
アニー,outside-10k
方角,outside-10k
噛み,outside-10k
ただ今,outside-10k
ごくごく,outside-10k
良けれ,outside-10k
北西,outside-10k
鳥肌,outside-10k
勝た,outside-10k
飛び込み,outside-10k
たまら,outside-10k
嫌がる,outside-10k
一足,outside-10k
あし,outside-10k
社債,outside-10k
ワイドショー,outside-10k
寅次郎,outside-10k
王女,outside-10k
アンディ,outside-10k
呟い,outside-10k
リコール,outside-10k
ふーん,outside-10k
ジャンボ,outside-10k
治ら,outside-10k
アドリブ,outside-10k
終電,outside-10k
コナン,outside-10k
献血,outside-10k
鮭,outside-10k
煮込み,outside-10k
めんどくさい,outside-10k
代打,outside-10k
しわ,outside-10k
各紙,outside-10k
母乳,outside-10k
中井,outside-10k
万引き,outside-10k
三国,outside-10k
前川,outside-10k
南海,outside-10k
パトカー,outside-10k
特捜,outside-10k
ローマ字,outside-10k
気功,outside-10k
転嫁,outside-10k
土星,outside-10k
バイブル,outside-10k
起っ,outside-10k
クリエイター,outside-10k
ギャング,outside-10k
罵倒,outside-10k
築き,outside-10k
国策,outside-10k
記念碑,outside-10k
有り難い,outside-10k
プラハ,outside-10k
墓参り,outside-10k
ビリ,outside-10k
ある日,outside-10k
脅かす,outside-10k
自家製,outside-10k
前月,outside-10k
タイマー,outside-10k
生き延び,outside-10k
貧乏人,outside-10k
モザイク,outside-10k
完走,outside-10k
粥,outside-10k
非課税,outside-10k
称さ,outside-10k
あっと,outside-10k
参謀,outside-10k
けた,outside-10k
ケルン,outside-10k
各所,outside-10k
離陸,outside-10k
搬送,outside-10k
積む,outside-10k
乳児,outside-10k
取り替え,outside-10k
ローリング,outside-10k
狂牛病,outside-10k
疑似,outside-10k
公爵,outside-10k
新米,outside-10k
かわし,outside-10k
百姓,outside-10k
整,outside-10k
エクスプレス,outside-10k
明かさ,outside-10k
海運,outside-10k
ビデオカメラ,outside-10k
書き上げ,outside-10k
布教,outside-10k
備,outside-10k
カーペット,outside-10k
取りあえず,outside-10k
裏話,outside-10k
高岡,outside-10k
賃料,outside-10k
レナ,outside-10k
因,outside-10k
自由党,outside-10k
せつ,outside-10k
なかには,outside-10k
つくれ,outside-10k
うぅ,outside-10k
ごっこ,outside-10k
集大成,outside-10k
重たい,outside-10k
江戸川,outside-10k
薩摩,outside-10k
シリコン,outside-10k
係長,outside-10k
三輪,outside-10k
ヘビ,outside-10k
付け加える,outside-10k
並木,outside-10k
買い求め,outside-10k
根強い,outside-10k
駆ら,outside-10k
執念,outside-10k
磁場,outside-10k
ゆっ,outside-10k
均,outside-10k
ディベート,outside-10k
アウトプット,outside-10k
保釈,outside-10k
ロータリー,outside-10k
時代遅れ,outside-10k
伏見,outside-10k
隔て,outside-10k
特設,outside-10k
残存,outside-10k
もろ,outside-10k
代々,outside-10k
嫌気,outside-10k
スクープ,outside-10k
蛎,outside-10k
海水浴,outside-10k
高学年,outside-10k
福利,outside-10k
最速,outside-10k
大概,outside-10k
翁,outside-10k
面影,outside-10k
ローマ帝国,outside-10k
ちゃえ,outside-10k
愉し,outside-10k
人道的,outside-10k
裕子,outside-10k
溜め,outside-10k
アンバランス,outside-10k
スーツケース,outside-10k
紗,outside-10k
たがら,outside-10k
下水道,outside-10k
外さ,outside-10k
用水,outside-10k
社会保険庁,outside-10k
今村,outside-10k
員数,outside-10k
欠かさ,outside-10k
発現,outside-10k
贈っ,outside-10k
ダービー,outside-10k
勇敢,outside-10k
ハーバード,outside-10k
開封,outside-10k
ちらほら,outside-10k
ホップ,outside-10k
軍艦,outside-10k
ロマンチック,outside-10k
バレーボール,outside-10k
浮遊,outside-10k
社会民主党,outside-10k
ペナルティ,outside-10k
コンパイル,outside-10k
管区,outside-10k
浩二,outside-10k
突出,outside-10k
ひきこもり,outside-10k
ヒーター,outside-10k
右派,outside-10k
芽生え,outside-10k
チェ,outside-10k
延命,outside-10k
リョウ,outside-10k
収まる,outside-10k
振り込み,outside-10k
別冊,outside-10k
曲がる,outside-10k
ピエロ,outside-10k
ホリデー,outside-10k
ヤス,outside-10k
脱走,outside-10k
鮖,outside-10k
主体性,outside-10k
はま,outside-10k
好か,outside-10k
延長線,outside-10k
符,outside-10k
タブレット,outside-10k
掟,outside-10k
嶋,outside-10k
交替,outside-10k
迷路,outside-10k
神浦,outside-10k
すれ違い,outside-10k
ロマンス,outside-10k
スパン,outside-10k
夏目,outside-10k
チョン,outside-10k
うかがっ,outside-10k
好転,outside-10k
見習い,outside-10k
括弧,outside-10k
アンカー,outside-10k
デイ,outside-10k
乗馬,outside-10k
藁,outside-10k
林道,outside-10k
ガンバ,outside-10k
串,outside-10k
交錯,outside-10k
ハプニング,outside-10k
激突,outside-10k
あるか,outside-10k
猪,outside-10k
下校,outside-10k
コースター,outside-10k
ハマ,outside-10k
年率,outside-10k
版画,outside-10k
津田,outside-10k
持ち物,outside-10k
創意,outside-10k
ボクサー,outside-10k
径,outside-10k
鋭意,outside-10k
叶え,outside-10k
刻み,outside-10k
義経,outside-10k
苦し,outside-10k
何れ,outside-10k
清浄,outside-10k
喚問,outside-10k
宝庫,outside-10k
パジャマ,outside-10k
坊さん,outside-10k
だらし,outside-10k
懲罰,outside-10k
メタデータ,outside-10k
地表,outside-10k
トップクラス,outside-10k
横たわっ,outside-10k
税額,outside-10k
転機,outside-10k
直っ,outside-10k
掌,outside-10k
掌握,outside-10k
込ま,outside-10k
博し,outside-10k
移送,outside-10k
ペル,outside-10k
殺傷,outside-10k
タ,outside-10k
崇,outside-10k
琵琶湖,outside-10k
悔い,outside-10k
即刻,outside-10k
高血圧,outside-10k
大名,outside-10k
実体験,outside-10k
タマネギ,outside-10k
河村,outside-10k
岡村,outside-10k
亭主,outside-10k
小さ,outside-10k
眼差し,outside-10k
食え,outside-10k
讃,outside-10k
京子,outside-10k
発車,outside-10k
主眼,outside-10k
読み解く,outside-10k
プリンス,outside-10k
扇風機,outside-10k
特技,outside-10k
キャスティング,outside-10k
貴文,outside-10k
ほったらかし,outside-10k
つが,outside-10k
光ファイバー,outside-10k
ふまえ,outside-10k
熟語,outside-10k
勤,outside-10k
レーガン,outside-10k
蛍,outside-10k
譲る,outside-10k
幸雄,outside-10k
待,outside-10k
がく,outside-10k
当っ,outside-10k
タックル,outside-10k
左派,outside-10k
サイレント,outside-10k
過労,outside-10k
映し,outside-10k
佛,outside-10k
トランク,outside-10k
にわかに,outside-10k
握ら,outside-10k
エイト,outside-10k
何だ,outside-10k
成し,outside-10k
にっこり,outside-10k
壺,outside-10k
たべ,outside-10k
おさめ,outside-10k
安かっ,outside-10k
ブラザー,outside-10k
キュウリ,outside-10k
あっし,outside-10k
牡蠣,outside-10k
外注,outside-10k
酒場,outside-10k
割り切っ,outside-10k
送還,outside-10k
遺骨,outside-10k
サプリ,outside-10k
千代,outside-10k
さらし,outside-10k
名乗り,outside-10k
フィラデルフィア,outside-10k
お手数,outside-10k
気がつけ,outside-10k
ジミー,outside-10k
股,outside-10k
キシ,outside-10k
呼べ,outside-10k
総論,outside-10k
両社,outside-10k
電撃,outside-10k
興味津々,outside-10k
のる,outside-10k
滞納,outside-10k
アムステルダム,outside-10k
告示,outside-10k
小田,outside-10k
術後,outside-10k
鎌田,outside-10k
封,outside-10k
差し支え,outside-10k
盗み,outside-10k
極楽,outside-10k
観衆,outside-10k
ゴキブリ,outside-10k
同伴,outside-10k
裏切っ,outside-10k
ピッ,outside-10k
第一線,outside-10k
大江,outside-10k
横綱,outside-10k
鵝,outside-10k
弱気,outside-10k
タテ,outside-10k
包,outside-10k
予,outside-10k
就く,outside-10k
ウイング,outside-10k
コミンテルン,outside-10k
ネイチャー,outside-10k
収束,outside-10k
ともなう,outside-10k
積算,outside-10k
キャリー,outside-10k
カタルーニャ,outside-10k
果たせ,outside-10k
風呂敷,outside-10k
大卒,outside-10k
最高峰,outside-10k
割い,outside-10k
新庄,outside-10k
損ね,outside-10k
テナント,outside-10k
監,outside-10k
演目,outside-10k
気さく,outside-10k
浪人,outside-10k
ウエイト,outside-10k
くず,outside-10k
杭,outside-10k
途,outside-10k
アイロン,outside-10k
オジサン,outside-10k
ふふふ,outside-10k
しだいに,outside-10k
農水省,outside-10k
本校,outside-10k
常駐,outside-10k
ハンディ,outside-10k
交信,outside-10k
士官,outside-10k
川越,outside-10k
茅,outside-10k
公明,outside-10k
あらわす,outside-10k
上がれ,outside-10k
すすめる,outside-10k
とうもろこし,outside-10k
市議,outside-10k
むだ,outside-10k
美容師,outside-10k
旅先,outside-10k
バーン,outside-10k
雇う,outside-10k
建つ,outside-10k
瀬戸,outside-10k
中流,outside-10k
公費,outside-10k
価額,outside-10k
机上,outside-10k
採る,outside-10k
いろ,outside-10k
持論,outside-10k
グリル,outside-10k
駆逐,outside-10k
富田,outside-10k
逆説,outside-10k
笹,outside-10k
君臨,outside-10k
定評,outside-10k
肴,outside-10k
商工会,outside-10k
還流,outside-10k
打倒,outside-10k
散る,outside-10k
突発,outside-10k
退任,outside-10k
無くなり,outside-10k
床下,outside-10k
支局,outside-10k
えさ,outside-10k
叶,outside-10k
敗者,outside-10k
むかっ,outside-10k
さんま,outside-10k
それなら,outside-10k
低かっ,outside-10k
政務,outside-10k
裾,outside-10k
歯科医,outside-10k
本郷,outside-10k
うっすら,outside-10k
へっ,outside-10k
短絡,outside-10k
前世,outside-10k
ジョギング,outside-10k
陽性,outside-10k
ディープインパクト,outside-10k
コメンテーター,outside-10k
法王,outside-10k
納める,outside-10k
ポッター,outside-10k
スゴ,outside-10k
開校,outside-10k
ガソリンスタンド,outside-10k
固体,outside-10k
夜行,outside-10k
官能,outside-10k
スパイラル,outside-10k
難問,outside-10k
座ら,outside-10k
コイツ,outside-10k
課す,outside-10k
ピカソ,outside-10k
卓越,outside-10k
天野,outside-10k
楽しも,outside-10k
白髪,outside-10k
研究者,outside-10k
形容,outside-10k
伏線,outside-10k
凡人,outside-10k
譚,outside-10k
人目,outside-10k
収,outside-10k
装い,outside-10k
降伏,outside-10k
便器,outside-10k
介在,outside-10k
フラフラ,outside-10k
がき,outside-10k
老朽,outside-10k
励まさ,outside-10k
ごま,outside-10k
ちょくちょく,outside-10k
ばい,outside-10k
きらい,outside-10k
始めて,outside-10k
メンツ,outside-10k
追い出さ,outside-10k
注が,outside-10k
載る,outside-10k
食費,outside-10k
申し述べ,outside-10k
熟知,outside-10k
カバ,outside-10k
荒らし,outside-10k
ホモ,outside-10k
飛鳥,outside-10k
警鐘,outside-10k
適法,outside-10k
コーポレート,outside-10k
マニフェスト,outside-10k
長田,outside-10k
換,outside-10k
ウニ,outside-10k
カンパ,outside-10k
脱税,outside-10k
刻,outside-10k
立たさ,outside-10k
茶碗,outside-10k
演歌,outside-10k
イングリッシュ,outside-10k
榮,outside-10k
直訳,outside-10k
千尋,outside-10k
に当たりまして,outside-10k
先に,outside-10k
内在,outside-10k
しに,outside-10k
釣れ,outside-10k
暮らせる,outside-10k
広州,outside-10k
カンガルー,outside-10k
北川,outside-10k
浙江,outside-10k
脱臼,outside-10k
モデリング,outside-10k
精油,outside-10k
髭,outside-10k
製作所,outside-10k
ホームセンター,outside-10k
堅実,outside-10k
天空,outside-10k
国体,outside-10k
林檎,outside-10k
短調,outside-10k
エプロン,outside-10k
ルータ,outside-10k
クラスメート,outside-10k
夢見る,outside-10k
臣,outside-10k
トク,outside-10k
遠山,outside-10k
巻頭,outside-10k
盛り込む,outside-10k
注視,outside-10k
刻印,outside-10k
骨子,outside-10k
ネル,outside-10k
惜しみ,outside-10k
麗,outside-10k
車庫,outside-10k
訴,outside-10k
洋書,outside-10k
会津,outside-10k
篠原,outside-10k
ビーフ,outside-10k
受刑,outside-10k
空爆,outside-10k
おととい,outside-10k
心拍,outside-10k
マッチング,outside-10k
治り,outside-10k
景品,outside-10k
剥奪,outside-10k
構える,outside-10k
近かっ,outside-10k
ボンド,outside-10k
キラー,outside-10k
シューティング,outside-10k
知ろ,outside-10k
遭難,outside-10k
点在,outside-10k
ユーザビリティ,outside-10k
恒,outside-10k
亡き,outside-10k
女将,outside-10k
ずばり,outside-10k
大昔,outside-10k
他界,outside-10k
某所,outside-10k
夕焼け,outside-10k
織物,outside-10k
与野党,outside-10k
装っ,outside-10k
コストパフォーマンス,outside-10k
レビューア,outside-10k
まるごと,outside-10k
お手本,outside-10k
居眠り,outside-10k
ごちそう,outside-10k
労働党,outside-10k
お年,outside-10k
童,outside-10k
リンカーン,outside-10k
甘み,outside-10k
工学科,outside-10k
グリッド,outside-10k
撫で,outside-10k
師範,outside-10k
つば,outside-10k
シェイクスピア,outside-10k
国宝,outside-10k
にんにく,outside-10k
ェ,outside-10k
大黒,outside-10k
スーザン,outside-10k
大西洋,outside-10k
シールド,outside-10k
にく,outside-10k
削ら,outside-10k
イモ,outside-10k
藤村,outside-10k
まっか,outside-10k
すく,outside-10k
噴水,outside-10k
親御,outside-10k
ロバ,outside-10k
受話器,outside-10k
コミットメント,outside-10k
作風,outside-10k
いちど,outside-10k
聖母,outside-10k
戸惑っ,outside-10k
チャイ,outside-10k
目覚める,outside-10k
申さ,outside-10k
合え,outside-10k
入港,outside-10k
杉村,outside-10k
多面,outside-10k
強者,outside-10k
生きよ,outside-10k
叫び声,outside-10k
惨敗,outside-10k
置き去り,outside-10k
ゆけ,outside-10k
ポテンシャル,outside-10k
常設,outside-10k
ガッカリ,outside-10k
やさし,outside-10k
家系,outside-10k
表向き,outside-10k
ヤフオク,outside-10k
ドタバタ,outside-10k
初年度,outside-10k
はか,outside-10k
発効,outside-10k
取り引き,outside-10k
くるみ,outside-10k
クリアー,outside-10k
頭文字,outside-10k
心強い,outside-10k
ばったり,outside-10k
に従い,outside-10k
納,outside-10k
ぎょ,outside-10k
野坂,outside-10k
毛皮,outside-10k
新居,outside-10k
取り直し,outside-10k
高圧,outside-10k
メイ,outside-10k
くい,outside-10k
農耕,outside-10k
はまる,outside-10k
序文,outside-10k
屈折,outside-10k
ヤクルト,outside-10k
玲子,outside-10k
ステートメント,outside-10k
コーティング,outside-10k
しから,outside-10k
翠,outside-10k
曇っ,outside-10k
悗,outside-10k
トランペット,outside-10k
スリル,outside-10k
ライナー,outside-10k
キッカケ,outside-10k
細田,outside-10k
校庭,outside-10k
がまん,outside-10k
触媒,outside-10k
止む,outside-10k
置き換える,outside-10k
お買い得,outside-10k
ブラームス,outside-10k
下山,outside-10k
おもに,outside-10k
コレステロール,outside-10k
印刷物,outside-10k
無秩序,outside-10k
公職,outside-10k
当てはめ,outside-10k
堅,outside-10k
置け,outside-10k
コピペ,outside-10k
細々,outside-10k
改名,outside-10k
立国,outside-10k
わいせつ,outside-10k
至極,outside-10k
慈悲,outside-10k
迎撃,outside-10k
見せかけ,outside-10k
死傷,outside-10k
息抜き,outside-10k
チャリ,outside-10k
入団,outside-10k
探り,outside-10k
アポロ,outside-10k
ピーマン,outside-10k
に際し,outside-10k
しかっ,outside-10k
観賞,outside-10k
彷彿,outside-10k
ゼネコン,outside-10k
チェス,outside-10k
徘徊,outside-10k
産婦人科,outside-10k
公布,outside-10k
泣か,outside-10k
ハイキング,outside-10k
ペンキ,outside-10k
座標,outside-10k
スナップ,outside-10k
うんこ,outside-10k
寄附,outside-10k
倉敷,outside-10k
すっと,outside-10k
シナ,outside-10k
シャロン,outside-10k
ちょこちょこ,outside-10k
簡易裁判所,outside-10k
深まる,outside-10k
オブジェ,outside-10k
肥大,outside-10k
退会,outside-10k
身動き,outside-10k
乗り入れ,outside-10k
増産,outside-10k
ジェーン,outside-10k
でっ,outside-10k
新生児,outside-10k
論考,outside-10k
組み込み,outside-10k
まちまち,outside-10k
頂,outside-10k
ストライク,outside-10k
薀,outside-10k
草の根,outside-10k
ワルツ,outside-10k
ロハス,outside-10k
かわら,outside-10k
寝よ,outside-10k
いとも,outside-10k
転向,outside-10k
ドナー,outside-10k
鈍い,outside-10k
鶴岡,outside-10k
諏訪,outside-10k
寛大,outside-10k
遠足,outside-10k
ニッチ,outside-10k
アイアン,outside-10k
鞭,outside-10k
わるい,outside-10k
何時も,outside-10k
際立っ,outside-10k
折りたたみ,outside-10k
見守り,outside-10k
快速,outside-10k
荒井,outside-10k
簡略,outside-10k
自費,outside-10k
州立,outside-10k
コント,outside-10k
潜む,outside-10k
北野,outside-10k
泥沼,outside-10k
日高,outside-10k
具現,outside-10k
ナンバーワン,outside-10k
物凄く,outside-10k
牛尾,outside-10k
離さ,outside-10k
ステロイド,outside-10k
日本航空,outside-10k
のけ,outside-10k
イーグル,outside-10k
絶,outside-10k
いたん,outside-10k
輩出,outside-10k
シャンパン,outside-10k
フットサル,outside-10k
福山,outside-10k
あげれ,outside-10k
弾丸,outside-10k
マシーン,outside-10k
過ごさ,outside-10k
うける,outside-10k
便所,outside-10k
もめ,outside-10k
蜂起,outside-10k
猛暑,outside-10k
マヨネーズ,outside-10k
ヤギ,outside-10k
じつに,outside-10k
内包,outside-10k
感嘆,outside-10k
泡盛,outside-10k
チャンピオンズ,outside-10k
撃つ,outside-10k
手作業,outside-10k
容積,outside-10k
広瀬,outside-10k
平衡,outside-10k
トヨタ自動車,outside-10k
きら,outside-10k
アリーナ,outside-10k
へえ,outside-10k
交わさ,outside-10k
相乗,outside-10k
まぎれ,outside-10k
ふっと,outside-10k
区民,outside-10k
運気,outside-10k
十郎,outside-10k
待合室,outside-10k
酸性,outside-10k
見どころ,outside-10k
シンクタンク,outside-10k
選曲,outside-10k
漂流,outside-10k
やけ,outside-10k
アクリル,outside-10k
受領,outside-10k
うっとり,outside-10k
分り,outside-10k
取締り,outside-10k
顔ぶれ,outside-10k
最年少,outside-10k
こぎ,outside-10k
至急,outside-10k
癒す,outside-10k
鉄筋,outside-10k
オケ,outside-10k
喝采,outside-10k
むやみ,outside-10k
品番,outside-10k
中尾,outside-10k
住職,outside-10k
待ち受け,outside-10k
払,outside-10k
首席,outside-10k
おこっ,outside-10k
ありふれ,outside-10k
伝染,outside-10k
牡丹,outside-10k
イラストレーター,outside-10k
下級,outside-10k
フルタイム,outside-10k
眠ら,outside-10k
マウンテン,outside-10k
引き継が,outside-10k
済ませる,outside-10k
棺,outside-10k
チョウ,outside-10k
沈み,outside-10k
フロンティア,outside-10k
スタミナ,outside-10k
ニール,outside-10k
撮,outside-10k
鱗,outside-10k
高分子,outside-10k
イナ,outside-10k
終日,outside-10k
央,outside-10k
リップ,outside-10k
ソックス,outside-10k
飛ばさ,outside-10k
それ程,outside-10k
部首,outside-10k
張り切っ,outside-10k
踏ま,outside-10k
フィン,outside-10k
台帳,outside-10k
蝋,outside-10k
メッシュ,outside-10k
輸出入,outside-10k
所以,outside-10k
くるくる,outside-10k
アトム,outside-10k
軍用,outside-10k
じゃう,outside-10k
下見,outside-10k
小豆,outside-10k
どら,outside-10k
登用,outside-10k
顛末,outside-10k
召喚,outside-10k
お決まり,outside-10k
ていねい,outside-10k
シンデレラ,outside-10k
参与,outside-10k
晒し,outside-10k
雇い,outside-10k
移管,outside-10k
エライ,outside-10k
ソフィア,outside-10k
同化,outside-10k
肉食,outside-10k
見栄え,outside-10k
聖子,outside-10k
かばん,outside-10k
対極,outside-10k
怯え,outside-10k
不本意,outside-10k
攻,outside-10k
しかるに,outside-10k
特訓,outside-10k
うて,outside-10k
サバイバル,outside-10k
ことさら,outside-10k
不妊,outside-10k
賢者,outside-10k
各部,outside-10k
箇条,outside-10k
とりまとめ,outside-10k
なべ,outside-10k
釜山,outside-10k
産出,outside-10k
受け手,outside-10k
寝台,outside-10k
いまどき,outside-10k
臆病,outside-10k
小早川,outside-10k
キャラメル,outside-10k
セレモニー,outside-10k
送,outside-10k
おろそか,outside-10k
通行人,outside-10k
クルド,outside-10k
替わり,outside-10k
ドバイ,outside-10k
仲間入り,outside-10k
ドミノ,outside-10k
呑み,outside-10k
こさ,outside-10k
破片,outside-10k
戒め,outside-10k
茜,outside-10k
お札,outside-10k
サリー,outside-10k
航,outside-10k
胃腸,outside-10k
セレクション,outside-10k
軍曹,outside-10k
キース,outside-10k
タンゴ,outside-10k
幼,outside-10k
書記官,outside-10k
車道,outside-10k
ワンポイント,outside-10k
うかがい,outside-10k
チームワーク,outside-10k
べつに,outside-10k
略し,outside-10k
アジアン,outside-10k
ソクラテス,outside-10k
ジャマイカ,outside-10k
似合っ,outside-10k
鵜呑み,outside-10k
飽きる,outside-10k
独禁法,outside-10k
微細,outside-10k
美奈子,outside-10k
参観,outside-10k
オシ,outside-10k
上等,outside-10k
不明確,outside-10k
有り得,outside-10k
両氏,outside-10k
淡々と,outside-10k
激し,outside-10k
祈祷,outside-10k
膨れ,outside-10k
所収,outside-10k
長け,outside-10k
不規則,outside-10k
ユニセフ,outside-10k
広める,outside-10k
彷徨,outside-10k
降ろし,outside-10k
惨事,outside-10k
プラネタリウム,outside-10k
森本,outside-10k
貧富,outside-10k
キロメートル,outside-10k
貞子,outside-10k
尺,outside-10k
触ら,outside-10k
羅列,outside-10k
とっとと,outside-10k
江原,outside-10k
公国,outside-10k
サクサク,outside-10k
喘息,outside-10k
めし,outside-10k
踏襲,outside-10k
抱負,outside-10k
カウ,outside-10k
バッチ,outside-10k
剰余,outside-10k
足取り,outside-10k
ミッキー,outside-10k
ぐち,outside-10k
ム,outside-10k
修業,outside-10k
邦題,outside-10k
咲かせ,outside-10k
来い,outside-10k
温存,outside-10k
露天風呂,outside-10k
グラビア,outside-10k
てこ,outside-10k
ガンモ,outside-10k
絨毯,outside-10k
井口,outside-10k
向かわ,outside-10k
イースト,outside-10k
ブ,outside-10k
仰天,outside-10k
撤収,outside-10k
エコロジー,outside-10k
急務,outside-10k
マサ,outside-10k
マージン,outside-10k
サイクリング,outside-10k
省エネルギー,outside-10k
夢想,outside-10k
終われ,outside-10k
あたたかい,outside-10k
体勢,outside-10k
立て続け,outside-10k
送受信,outside-10k
ラベンダー,outside-10k
インタラクティブ,outside-10k
１番,outside-10k
飛び出す,outside-10k
一直線,outside-10k
通り越し,outside-10k
いえいえ,outside-10k
頑丈,outside-10k
億万,outside-10k
撃ち,outside-10k
同名,outside-10k
区内,outside-10k
松竹,outside-10k
売り出し,outside-10k
没,outside-10k
気配り,outside-10k
夏期,outside-10k
丸太,outside-10k
亀裂,outside-10k
ウィリアムズ,outside-10k
ピッチャー,outside-10k
調査官,outside-10k
リム,outside-10k
はっと,outside-10k
葡萄,outside-10k
アコースティック,outside-10k
コミケ,outside-10k
ぼろぼろ,outside-10k
ネックレス,outside-10k
クック,outside-10k
栄養素,outside-10k
惑わさ,outside-10k
例示,outside-10k
充て,outside-10k
飼う,outside-10k
ちいさな,outside-10k
夕刻,outside-10k
バイヤー,outside-10k
遠ざかっ,outside-10k
高島,outside-10k
覚せい,outside-10k
ベア,outside-10k
シマ,outside-10k
親しま,outside-10k
アルト,outside-10k
宮内庁,outside-10k
アシスト,outside-10k
眼科,outside-10k
ダーウィン,outside-10k
脇役,outside-10k
公民,outside-10k
さめ,outside-10k
ありがたく,outside-10k
不謹慎,outside-10k
鞍,outside-10k
熱烈,outside-10k
コンドーム,outside-10k
須藤,outside-10k
たいそう,outside-10k
宅急便,outside-10k
転換期,outside-10k
たった今,outside-10k
ユリ,outside-10k
絶た,outside-10k
凝らし,outside-10k
ユー,outside-10k
蟻,outside-10k
一戸建て,outside-10k
死神,outside-10k
シルクロード,outside-10k
囲い,outside-10k
似通っ,outside-10k
年越し,outside-10k
貸借,outside-10k
秒間,outside-10k
ゼット,outside-10k
小西,outside-10k
透,outside-10k
踏み入れ,outside-10k
アヤ,outside-10k
引き揚げ,outside-10k
サリン,outside-10k
心地よく,outside-10k
云え,outside-10k
邦,outside-10k
船橋,outside-10k
施主,outside-10k
杏,outside-10k
最上,outside-10k
追いつい,outside-10k
打診,outside-10k
車掌,outside-10k
仮眠,outside-10k
廻っ,outside-10k
変異,outside-10k
転覆,outside-10k
加速度,outside-10k
苗字,outside-10k
ハラハラ,outside-10k
オアシス,outside-10k
分娩,outside-10k
嗚呼,outside-10k
ボーイング,outside-10k
踏み切っ,outside-10k
整形外科,outside-10k
買い付け,outside-10k
論外,outside-10k
詰将棋,outside-10k
賃,outside-10k
さらさら,outside-10k
大麻,outside-10k
搬入,outside-10k
府中,outside-10k
刷,outside-10k
堪え,outside-10k
宮澤,outside-10k
憤慨,outside-10k
ノルマ,outside-10k
貫通,outside-10k
かなう,outside-10k
ふわふわ,outside-10k
一筋,outside-10k
ピストル,outside-10k
ナカ,outside-10k
買い替え,outside-10k
臨界,outside-10k
偶像,outside-10k
歌唱,outside-10k
変人,outside-10k
炎上,outside-10k
催促,outside-10k
鼻水,outside-10k
年度末,outside-10k
日向,outside-10k
合コン,outside-10k
下層,outside-10k
散,outside-10k
大出,outside-10k
文房具,outside-10k
要り,outside-10k
ケイト,outside-10k
パルス,outside-10k
ジョイント,outside-10k
鉄板,outside-10k
煮物,outside-10k
謝る,outside-10k
測っ,outside-10k
たたく,outside-10k
浮か,outside-10k
ゴシック,outside-10k
花園,outside-10k
お上,outside-10k
駆,outside-10k
もしや,outside-10k
ナニ,outside-10k
撒き,outside-10k
切り出し,outside-10k
レパートリー,outside-10k
ハンドブック,outside-10k
着地,outside-10k
ひま,outside-10k
震える,outside-10k
於け,outside-10k
貪欲,outside-10k
太陽系,outside-10k
太り,outside-10k
左脳,outside-10k
落,outside-10k
玲,outside-10k
培養,outside-10k
政教,outside-10k
シビア,outside-10k
うなずい,outside-10k
海岸線,outside-10k
旧式,outside-10k
友の会,outside-10k
入管,outside-10k
空虚,outside-10k
古賀,outside-10k
オナニー,outside-10k
錯誤,outside-10k
采配,outside-10k
ウロウロ,outside-10k
お母様,outside-10k
たまえ,outside-10k
夏季,outside-10k
真っ最中,outside-10k
松村,outside-10k
酔っ払っ,outside-10k
前文,outside-10k
探訪,outside-10k
きびしい,outside-10k
つかえ,outside-10k
トミー,outside-10k
シード,outside-10k
無実,outside-10k
物凄い,outside-10k
固める,outside-10k
無防備,outside-10k
有償,outside-10k
はいり,outside-10k
ドク,outside-10k
善良,outside-10k
土器,outside-10k
洗わ,outside-10k
寄り道,outside-10k
霞,outside-10k
たたい,outside-10k
紋,outside-10k
邦楽,outside-10k
取り敢えず,outside-10k
里山,outside-10k
デュオ,outside-10k
ヒロシ,outside-10k
サビ,outside-10k
ヘレン,outside-10k
割当,outside-10k
季,outside-10k
余る,outside-10k
柳田,outside-10k
ながめ,outside-10k
ばあさん,outside-10k
積ま,outside-10k
塩分,outside-10k
隅々,outside-10k
局員,outside-10k
取調べ,outside-10k
一世,outside-10k
過熱,outside-10k
火薬,outside-10k
一新,outside-10k
リベンジ,outside-10k
思い浮かべる,outside-10k
包む,outside-10k
命中,outside-10k
既知,outside-10k
親分,outside-10k
ダントツ,outside-10k
こたえる,outside-10k
両足,outside-10k
ようするに,outside-10k
サンタクロース,outside-10k
後味,outside-10k
上半期,outside-10k
ごい,outside-10k
関口,outside-10k
おしっこ,outside-10k
探そ,outside-10k
王宮,outside-10k
合せ,outside-10k
船員,outside-10k
授賞,outside-10k
釈明,outside-10k
焼きそば,outside-10k
間に合っ,outside-10k
土手,outside-10k
システムズ,outside-10k
擇,outside-10k
駿,outside-10k
時限,outside-10k
サーフ,outside-10k
黒澤,outside-10k
ふら,outside-10k
愛嬌,outside-10k
サウジ,outside-10k
油田,outside-10k
コロッケ,outside-10k
マーラー,outside-10k
祝っ,outside-10k
弱体,outside-10k
猪木,outside-10k
うまかっ,outside-10k
ごちゃごちゃ,outside-10k
半径,outside-10k
生産物,outside-10k
降下,outside-10k
死因,outside-10k
オゾン,outside-10k
キャッチフレーズ,outside-10k
乞う,outside-10k
ダビデ,outside-10k
美的,outside-10k
国防総省,outside-10k
太く,outside-10k
きゅうり,outside-10k
航行,outside-10k
フォワード,outside-10k
新旧,outside-10k
電柱,outside-10k
ザック,outside-10k
折っ,outside-10k
障,outside-10k
佐渡,outside-10k
回さ,outside-10k
実際は,outside-10k
伝染病,outside-10k
サンケイ,outside-10k
スニーカー,outside-10k
タイト,outside-10k
ノース,outside-10k
元本,outside-10k
覆す,outside-10k
渡邊,outside-10k
決行,outside-10k
現世,outside-10k
明かし,outside-10k
バッティング,outside-10k
統,outside-10k
やわ,outside-10k
見逃せ,outside-10k
浴びせ,outside-10k
地球人,outside-10k
牧野,outside-10k
商事,outside-10k
見せつけ,outside-10k
縮減,outside-10k
蛇足,outside-10k
未完成,outside-10k
チェルシー,outside-10k
ヤコブ,outside-10k
サッシ,outside-10k
戦隊,outside-10k
一寸,outside-10k
太宰,outside-10k
逆襲,outside-10k
脱落,outside-10k
悪し,outside-10k
リール,outside-10k
遠慮なく,outside-10k
偏向,outside-10k
自家,outside-10k
たてる,outside-10k
天神,outside-10k
ピント,outside-10k
三振,outside-10k
リーク,outside-10k
よーく,outside-10k
施す,outside-10k
見失っ,outside-10k
混じり,outside-10k
吸着,outside-10k
天皇陛下,outside-10k
字体,outside-10k
除雪,outside-10k
お嬢様,outside-10k
近づける,outside-10k
ゲール,outside-10k
揚,outside-10k
引っ張ら,outside-10k
教示,outside-10k
ふやす,outside-10k
グレート,outside-10k
マツ,outside-10k
至難,outside-10k
サウス,outside-10k
バッタ,outside-10k
光り,outside-10k
停め,outside-10k
チュニジア,outside-10k
書き直し,outside-10k
期生,outside-10k
貸し付け,outside-10k
腰掛け,outside-10k
アンパン,outside-10k
水色,outside-10k
触発,outside-10k
取り付ける,outside-10k
サイボウズ,outside-10k
芦屋,outside-10k
やむなく,outside-10k
専ら,outside-10k
ライトアップ,outside-10k
藤岡,outside-10k
住環境,outside-10k
弦楽,outside-10k
慶応,outside-10k
大尉,outside-10k
舞い,outside-10k
蝓,outside-10k
キティ,outside-10k
子守,outside-10k
楽団,outside-10k
肩こり,outside-10k
八つ,outside-10k
学業,outside-10k
足る,outside-10k
学ぼ,outside-10k
而,outside-10k
遭う,outside-10k
ダシ,outside-10k
ミー,outside-10k
総統,outside-10k
カーボン,outside-10k
ポジ,outside-10k
鈍感,outside-10k
唐辛子,outside-10k
一式,outside-10k
銃弾,outside-10k
技量,outside-10k
裁き,outside-10k
無くし,outside-10k
壷,outside-10k
公文書,outside-10k
ねじ,outside-10k
収拾,outside-10k
光文社,outside-10k
メリー,outside-10k
ユートピア,outside-10k
ロッキー,outside-10k
ケ月,outside-10k
例える,outside-10k
アーケード,outside-10k
前掲,outside-10k
挿絵,outside-10k
組み立てる,outside-10k
コレクター,outside-10k
魔王,outside-10k
データー,outside-10k
怪奇,outside-10k
プロファイル,outside-10k
ゲーテ,outside-10k
からん,outside-10k
しも,outside-10k
漢文,outside-10k
如実,outside-10k
通帳,outside-10k
車いす,outside-10k
乗り場,outside-10k
施術,outside-10k
ひっくり返し,outside-10k
いたって,outside-10k
かねてから,outside-10k
採り,outside-10k
しなやか,outside-10k
真正面,outside-10k
潰す,outside-10k
不平,outside-10k
ヴァン,outside-10k
同書,outside-10k
ちらっと,outside-10k
力説,outside-10k
史実,outside-10k
ウロコ,outside-10k
一軒,outside-10k
差し止め,outside-10k
秀樹,outside-10k
ミント,outside-10k
身勝手,outside-10k
吹き替え,outside-10k
イム,outside-10k
ピカピカ,outside-10k
迷子,outside-10k
市況,outside-10k
違わ,outside-10k
総督,outside-10k
学士,outside-10k
中高,outside-10k
ぶれ,outside-10k
日にち,outside-10k
バラエティー,outside-10k
アロハ,outside-10k
アクシデント,outside-10k
プリンセス,outside-10k
非合法,outside-10k
肝炎,outside-10k
かねて,outside-10k
を通じまして,outside-10k
委ねる,outside-10k
かない,outside-10k
吹雪,outside-10k
男前,outside-10k
号証,outside-10k
実費,outside-10k
かっこよく,outside-10k
ケルト,outside-10k
サハリン,outside-10k
訪米,outside-10k
初詣,outside-10k
わが子,outside-10k
半月,outside-10k
ウイ,outside-10k
リハ,outside-10k
働ける,outside-10k
無敵,outside-10k
鷲,outside-10k
白熱,outside-10k
のぞみ,outside-10k
従前,outside-10k
朝鮮日報,outside-10k
専従,outside-10k
飛ば,outside-10k
きが,outside-10k
高麗,outside-10k
でたらめ,outside-10k
田辺,outside-10k
営ん,outside-10k
サプライ,outside-10k
流星,outside-10k
異色,outside-10k
充満,outside-10k
久しい,outside-10k
わりに,outside-10k
理学部,outside-10k
デビッド,outside-10k
ストリング,outside-10k
ソク,outside-10k
前列,outside-10k
パイプライン,outside-10k
役立た,outside-10k
ぬき,outside-10k
サンバ,outside-10k
紀伊国屋,outside-10k
招聘,outside-10k
はさみ,outside-10k
釣っ,outside-10k
フリーズ,outside-10k
留まる,outside-10k
珪,outside-10k
暴言,outside-10k
ウェディング,outside-10k
らっしゃい,outside-10k
持ち株,outside-10k
複,outside-10k
裏切る,outside-10k
マンセー,outside-10k
透過,outside-10k
垣根,outside-10k
行き届い,outside-10k
すこぶる,outside-10k
謀略,outside-10k
トイ,outside-10k
全社,outside-10k
無き,outside-10k
比し,outside-10k
かぶ,outside-10k
トリビア,outside-10k
現われる,outside-10k
おとなしい,outside-10k
メリハリ,outside-10k
差し入れ,outside-10k
下水,outside-10k
突,outside-10k
拝,outside-10k
ゴースト,outside-10k
デマンド,outside-10k
やあ,outside-10k
繋ぐ,outside-10k
慎太郎,outside-10k
温か,outside-10k
アシ,outside-10k
論拠,outside-10k
引き取っ,outside-10k
エスカレーター,outside-10k
正気,outside-10k
致死,outside-10k
アーチ,outside-10k
往来,outside-10k
引き下げる,outside-10k
利得,outside-10k
市中,outside-10k
思想家,outside-10k
ボビー,outside-10k
おしえ,outside-10k
コモ,outside-10k
線形,outside-10k
おち,outside-10k
密集,outside-10k
細心,outside-10k
かぜ,outside-10k
見立て,outside-10k
町中,outside-10k
言い過ぎ,outside-10k
溶かし,outside-10k
熱海,outside-10k
御用,outside-10k
絶頂,outside-10k
余暇,outside-10k
回分,outside-10k
動き出す,outside-10k
席上,outside-10k
微笑,outside-10k
悪者,outside-10k
のぼっ,outside-10k
車中,outside-10k
疎外,outside-10k
顔写真,outside-10k
デモンストレーション,outside-10k
ライティング,outside-10k
発芽,outside-10k
動植物,outside-10k
岡部,outside-10k
ブックス,outside-10k
寝かせ,outside-10k
もとづく,outside-10k
キッズ,outside-10k
塩川,outside-10k
聾,outside-10k
決し,outside-10k
焼か,outside-10k
持ち歩い,outside-10k
新譜,outside-10k
バロック,outside-10k
破裂,outside-10k
エコー,outside-10k
ゆだね,outside-10k
波乱,outside-10k
塵,outside-10k
つゆ,outside-10k
呼応,outside-10k
見分ける,outside-10k
バイパス,outside-10k
惨め,outside-10k
絞る,outside-10k
マヤ,outside-10k
競走,outside-10k
のどか,outside-10k
浮き,outside-10k
しのぎ,outside-10k
鉄筋コンクリート,outside-10k
スマトラ,outside-10k
絵描き,outside-10k
襲い,outside-10k
斉唱,outside-10k
無害,outside-10k
追っかけ,outside-10k
昇る,outside-10k
音痴,outside-10k
片付ける,outside-10k
サリ,outside-10k
児玉,outside-10k
デルタ,outside-10k
トレー,outside-10k
段差,outside-10k
リアリズム,outside-10k
用件,outside-10k
和彦,outside-10k
ぶつぶつ,outside-10k
排斥,outside-10k
彼岸,outside-10k
クローズ,outside-10k
優作,outside-10k
縫っ,outside-10k
辛抱,outside-10k
生鮮,outside-10k
食中毒,outside-10k
装丁,outside-10k
繋がら,outside-10k
なけりゃ,outside-10k
送れる,outside-10k
本間,outside-10k
ホビー,outside-10k
抗体,outside-10k
テキ,outside-10k
脱帽,outside-10k
三男,outside-10k
愚,outside-10k
灯り,outside-10k
大原,outside-10k
戴き,outside-10k
勾留,outside-10k
たき,outside-10k
され,outside-10k
テロリズム,outside-10k
覚,outside-10k
賜物,outside-10k
手先,outside-10k
ジュエリー,outside-10k
カフカ,outside-10k
無休,outside-10k
ドラム缶,outside-10k
私用,outside-10k
引き継ぐ,outside-10k
つまっ,outside-10k
美化,outside-10k
カルマ,outside-10k
突っ込ま,outside-10k
賑わい,outside-10k
脱し,outside-10k
考え直し,outside-10k
戦没,outside-10k
ごろごろ,outside-10k
通信員,outside-10k
前倒し,outside-10k
さらい,outside-10k
やわらかい,outside-10k
相殺,outside-10k
背骨,outside-10k
絶縁,outside-10k
あく,outside-10k
襟,outside-10k
農法,outside-10k
単発,outside-10k
雑用,outside-10k
か所,outside-10k
科学技術庁,outside-10k
さぞかし,outside-10k
萌,outside-10k
のぞく,outside-10k
道義,outside-10k
初等,outside-10k
口元,outside-10k
山上,outside-10k
減価,outside-10k
父兄,outside-10k
足下,outside-10k
ショッキング,outside-10k
声高,outside-10k
ばらつき,outside-10k
概説,outside-10k
灘,outside-10k
三国志,outside-10k
軽やか,outside-10k
大リーグ,outside-10k
オーソドックス,outside-10k
ハンマー,outside-10k
きたり,outside-10k
鳴く,outside-10k
差し引い,outside-10k
バイキング,outside-10k
署長,outside-10k
入れれ,outside-10k
三鷹,outside-10k
だの,outside-10k
ツル,outside-10k
跳ね,outside-10k
和泉,outside-10k
細木,outside-10k
開発途上国,outside-10k
やむ,outside-10k
おのずと,outside-10k
丸出し,outside-10k
デス,outside-10k
フィレンツェ,outside-10k
中澤,outside-10k
ボーダー,outside-10k
時事通信,outside-10k
リーフ,outside-10k
製鉄,outside-10k
県外,outside-10k
プ,outside-10k
めでたく,outside-10k
ビュー,outside-10k
小田急,outside-10k
瑤,outside-10k
異物,outside-10k
マイカー,outside-10k
備品,outside-10k
音階,outside-10k
姐,outside-10k
歩き回っ,outside-10k
づらく,outside-10k
透け,outside-10k
局所,outside-10k
国税庁,outside-10k
盛り上げる,outside-10k
トール,outside-10k
鮮度,outside-10k
歩ける,outside-10k
雄大,outside-10k
櫃,outside-10k
施,outside-10k
加担,outside-10k
車窓,outside-10k
退学,outside-10k
日本経済新聞社,outside-10k
がわり,outside-10k
螢,outside-10k
英男,outside-10k
見積り,outside-10k
肺炎,outside-10k
うねり,outside-10k
プロトタイプ,outside-10k
後ろ向き,outside-10k
創世,outside-10k
そり,outside-10k
摘出,outside-10k
民意,outside-10k
横領,outside-10k
一人,outside-10k
ゲラ,outside-10k
領事館,outside-10k
危害,outside-10k
基板,outside-10k
開閉,outside-10k
江田,outside-10k
研修生,outside-10k
枠内,outside-10k
朝鮮総連,outside-10k
要所,outside-10k
ダーリン,outside-10k
値下がり,outside-10k
寺田,outside-10k
スターウォーズ,outside-10k
補っ,outside-10k
子女,outside-10k
ぼーっと,outside-10k
幾多,outside-10k
使いこなす,outside-10k
ウンコ,outside-10k
萩原,outside-10k
中尉,outside-10k
長め,outside-10k
ダート,outside-10k
カーニバル,outside-10k
与,outside-10k
エッ,outside-10k
吊り,outside-10k
岩井,outside-10k
食い違い,outside-10k
抹殺,outside-10k
のん,outside-10k
プロット,outside-10k
いらいら,outside-10k
激戦,outside-10k
ぬれ,outside-10k
汝,outside-10k
あてはまる,outside-10k
新聞紙,outside-10k
むちゃくちゃ,outside-10k
洗面,outside-10k
一等,outside-10k
忘れ物,outside-10k
フェニックス,outside-10k
デイトレード,outside-10k
玉田,outside-10k
儒教,outside-10k
なつかしい,outside-10k
踏み出す,outside-10k
異に,outside-10k
鄭,outside-10k
卑劣,outside-10k
部材,outside-10k
聴こえ,outside-10k
報い,outside-10k
圏内,outside-10k
譜面,outside-10k
鍛冶,outside-10k
安物,outside-10k
屈指,outside-10k
誠一,outside-10k
欠損,outside-10k
だまし,outside-10k
臨場,outside-10k
よかろ,outside-10k
ユビキタス,outside-10k
直観,outside-10k
天災,outside-10k
増刊,outside-10k
スイーツ,outside-10k
三枝,outside-10k
メイル,outside-10k
不均衡,outside-10k
烏,outside-10k
高音,outside-10k
まとまら,outside-10k
言い換える,outside-10k
かわいらしい,outside-10k
防音,outside-10k
照らす,outside-10k
困窮,outside-10k
逸話,outside-10k
アセスメント,outside-10k
ゲージ,outside-10k
バレンタインデー,outside-10k
クリエーター,outside-10k
ナルニア,outside-10k
蜂蜜,outside-10k
気が付か,outside-10k
殺菌,outside-10k
極上,outside-10k
素質,outside-10k
くくり,outside-10k
仰っ,outside-10k
呟き,outside-10k
赤ワイン,outside-10k
公訴,outside-10k
づける,outside-10k
しょせん,outside-10k
決,outside-10k
尊い,outside-10k
変調,outside-10k
禄,outside-10k
上げよ,outside-10k
吸引,outside-10k
りゅう,outside-10k
替える,outside-10k
弾ける,outside-10k
モナコ,outside-10k
栗原,outside-10k
トマス,outside-10k
幻覚,outside-10k
仕え,outside-10k
近ごろ,outside-10k
北極,outside-10k
トップニュース,outside-10k
リサイタル,outside-10k
大川,outside-10k
被写体,outside-10k
ボラ,outside-10k
撃退,outside-10k
対馬,outside-10k
電卓,outside-10k
弛緩,outside-10k
バ,outside-10k
アンドリュー,outside-10k
角田,outside-10k
スピリット,outside-10k
休職,outside-10k
ぎみ,outside-10k
バルト,outside-10k
無期,outside-10k
倭,outside-10k
ハズレ,outside-10k
挙がっ,outside-10k
苑,outside-10k
ひぐらし,outside-10k
キャノン,outside-10k
フェデラー,outside-10k
旅立ち,outside-10k
舞台裏,outside-10k
辺野古,outside-10k
司書,outside-10k
老婆,outside-10k
拝聴,outside-10k
霊感,outside-10k
ばっか,outside-10k
政局,outside-10k
サタン,outside-10k
教区,outside-10k
母音,outside-10k
羽生,outside-10k
パシフィック,outside-10k
約款,outside-10k
隆盛,outside-10k
アイデンティティー,outside-10k
浜辺,outside-10k
甘かっ,outside-10k
めげ,outside-10k
組み込む,outside-10k
できよ,outside-10k
狙撃,outside-10k
くくっ,outside-10k
全裸,outside-10k
人並み,outside-10k
朗報,outside-10k
田畑,outside-10k
ナポリ,outside-10k
老若男女,outside-10k
摂理,outside-10k
渋,outside-10k
教習所,outside-10k
ジャージ,outside-10k
ずらし,outside-10k
アナン,outside-10k
物的,outside-10k
アクセサリ,outside-10k
つかまえ,outside-10k
地平線,outside-10k
出くわし,outside-10k
次号,outside-10k
ライアン,outside-10k
ちまう,outside-10k
チョー,outside-10k
交わり,outside-10k
バレンシア,outside-10k
クリストファー,outside-10k
呪縛,outside-10k
グル,outside-10k
凛,outside-10k
前菜,outside-10k
築き上げ,outside-10k
脱皮,outside-10k
板橋,outside-10k
抵当,outside-10k
海賊版,outside-10k
へそ,outside-10k
ボリビア,outside-10k
はき,outside-10k
クレア,outside-10k
リンダ,outside-10k
各界,outside-10k
魅惑,outside-10k
傍観,outside-10k
イージス,outside-10k
聞,outside-10k
かめ,outside-10k
おもむろに,outside-10k
課さ,outside-10k
大相撲,outside-10k
菜の花,outside-10k
止ま,outside-10k
戻さ,outside-10k
ウィルソン,outside-10k
ローラー,outside-10k
受かっ,outside-10k
有楽町,outside-10k
門真,outside-10k
度胸,outside-10k
含,outside-10k
ワニ,outside-10k
防い,outside-10k
育た,outside-10k
積み立て,outside-10k
入り込む,outside-10k
読み取る,outside-10k
盲目,outside-10k
ひろし,outside-10k
ますよ,outside-10k
三谷,outside-10k
蒼,outside-10k
あやしい,outside-10k
電信,outside-10k
狩,outside-10k
丙,outside-10k
潰さ,outside-10k
重き,outside-10k
ほのか,outside-10k
暖,outside-10k
丹念,outside-10k
オーク,outside-10k
迂回,outside-10k
鉉,outside-10k
約定,outside-10k
ぶら,outside-10k
初心,outside-10k
継ぐ,outside-10k
島国,outside-10k
タミ,outside-10k
朝方,outside-10k
爺さん,outside-10k
鳴い,outside-10k
訃報,outside-10k
咲,outside-10k
バリ島,outside-10k
二次会,outside-10k
晒さ,outside-10k
小人,outside-10k
はずす,outside-10k
書き下ろし,outside-10k
全曲,outside-10k
依拠,outside-10k
貧し,outside-10k
内地,outside-10k
リストアップ,outside-10k
ルックス,outside-10k
オスカー,outside-10k
根ざし,outside-10k
商会,outside-10k
上村,outside-10k
個人向け,outside-10k
大文字,outside-10k
参る,outside-10k
次い,outside-10k
淋しい,outside-10k
シオン,outside-10k
魔物,outside-10k
めまい,outside-10k
典範,outside-10k
見回し,outside-10k
奥山,outside-10k
コンソール,outside-10k
存,outside-10k
ベーグル,outside-10k
失恋,outside-10k
ウーマン,outside-10k
ちか,outside-10k
四重奏,outside-10k
平凡社,outside-10k
綴る,outside-10k
折り合い,outside-10k
掛,outside-10k
右折,outside-10k
チューニング,outside-10k
美徳,outside-10k
おさえ,outside-10k
河上,outside-10k
手がける,outside-10k
逢い,outside-10k
ファル,outside-10k
ダブリン,outside-10k
紫陽花,outside-10k
アーク,outside-10k
まがい,outside-10k
トラップ,outside-10k
拘置,outside-10k
操,outside-10k
康夫,outside-10k
打席,outside-10k
リバウンド,outside-10k
水域,outside-10k
吸い込ま,outside-10k
競輪,outside-10k
廃案,outside-10k
ぐったり,outside-10k
日課,outside-10k
優美,outside-10k
議事堂,outside-10k
ディスコ,outside-10k
スタメン,outside-10k
ニオイ,outside-10k
管制,outside-10k
手掛け,outside-10k
チューナー,outside-10k
冬休み,outside-10k
陸自,outside-10k
ウィスキー,outside-10k
ゴッホ,outside-10k
チルドレン,outside-10k
何もの,outside-10k
染み,outside-10k
凍っ,outside-10k
種別,outside-10k
灯台,outside-10k
骨太,outside-10k
こらえ,outside-10k
信奉,outside-10k
チューリップ,outside-10k
酵母,outside-10k
早口,outside-10k
ガッツ,outside-10k
たいがい,outside-10k
芥川,outside-10k
楽々,outside-10k
にわか,outside-10k
キャサリン,outside-10k
母性,outside-10k
買い換え,outside-10k
パレス,outside-10k
下巻,outside-10k
二宮,outside-10k
本州,outside-10k
カヌー,outside-10k
慣例,outside-10k
そい,outside-10k
まとっ,outside-10k
霊魂,outside-10k
アカデミック,outside-10k
開運,outside-10k
すえ,outside-10k
照れ,outside-10k
銀色,outside-10k
ストローク,outside-10k
マルク,outside-10k
打ち込む,outside-10k
内野,outside-10k
ゆるやか,outside-10k
ドレッシング,outside-10k
パトリック,outside-10k
感傷,outside-10k
（財）,outside-10k
ショコラ,outside-10k
避妊,outside-10k
正彦,outside-10k
コロン,outside-10k
ガイダンス,outside-10k
いじり,outside-10k
アサヒ,outside-10k
売り込み,outside-10k
仕手,outside-10k
ミカン,outside-10k
すず,outside-10k
仕掛ける,outside-10k
消火,outside-10k
表層,outside-10k
シルエット,outside-10k
副題,outside-10k
這い,outside-10k
軒並み,outside-10k
従順,outside-10k
飽,outside-10k
昇給,outside-10k
病床,outside-10k
枯渇,outside-10k
良品,outside-10k
金田,outside-10k
稲本,outside-10k
山手線,outside-10k
給水,outside-10k
習性,outside-10k
探さ,outside-10k
あわせる,outside-10k
凄かっ,outside-10k
平原,outside-10k
暴,outside-10k
飽和,outside-10k
ピンク色,outside-10k
年表,outside-10k
エス,outside-10k
突っ込む,outside-10k
擬似,outside-10k
走り出し,outside-10k
バルコニー,outside-10k
裏面,outside-10k
ずさん,outside-10k
一服,outside-10k
変えれ,outside-10k
高貴,outside-10k
刈り,outside-10k
ニュータウン,outside-10k
とどまり,outside-10k
留置,outside-10k
制圧,outside-10k
あめ,outside-10k
ぶる,outside-10k
師団,outside-10k
お世辞,outside-10k
あたえ,outside-10k
遺物,outside-10k
各論,outside-10k
サドル,outside-10k
終る,outside-10k
顧み,outside-10k
磯,outside-10k
どん底,outside-10k
イニシアチブ,outside-10k
煽る,outside-10k
受取,outside-10k
整頓,outside-10k
カーナビ,outside-10k
一手,outside-10k
スタンフォード大,outside-10k
国名,outside-10k
弌,outside-10k
青く,outside-10k
田舎町,outside-10k
城壁,outside-10k
ビルマ,outside-10k
帰化,outside-10k
またも,outside-10k
送別,outside-10k
人影,outside-10k
ポップアップ,outside-10k
兼ね備え,outside-10k
すすん,outside-10k
即決,outside-10k
純一,outside-10k
冬場,outside-10k
アワ,outside-10k
バッジ,outside-10k
四角い,outside-10k
氷河,outside-10k
光源,outside-10k
たまらなく,outside-10k
順応,outside-10k
行お,outside-10k
発泡,outside-10k
昇華,outside-10k
がかっ,outside-10k
如き,outside-10k
デリケート,outside-10k
あかん,outside-10k
ためらい,outside-10k
編纂,outside-10k
たこ焼き,outside-10k
取り除い,outside-10k
強まる,outside-10k
画廊,outside-10k
書道,outside-10k
追従,outside-10k
祭祀,outside-10k
餡,outside-10k
前兆,outside-10k
揃える,outside-10k
コンパイラ,outside-10k
黒髪,outside-10k
西郷,outside-10k
通り抜け,outside-10k
スタック,outside-10k
由美,outside-10k
左下,outside-10k
怪人,outside-10k
病ん,outside-10k
標榜,outside-10k
茅ヶ崎,outside-10k
極まりない,outside-10k
苺,outside-10k
接合,outside-10k
ベネズエラ,outside-10k
ぼろ,outside-10k
持ち味,outside-10k
和訳,outside-10k
退,outside-10k
サヨナラ,outside-10k
坂田,outside-10k
厚木,outside-10k
敷き,outside-10k
ミーハー,outside-10k
あだ名,outside-10k
膳,outside-10k
腹部,outside-10k
軽自動車,outside-10k
程遠い,outside-10k
中高生,outside-10k
預ける,outside-10k
最大手,outside-10k
馬鹿げ,outside-10k
築か,outside-10k
逃す,outside-10k
恥じ,outside-10k
和也,outside-10k
廃業,outside-10k
劣悪,outside-10k
背負う,outside-10k
ジョブズ,outside-10k
レポーター,outside-10k
潜,outside-10k
くわしく,outside-10k
カーター,outside-10k
放電,outside-10k
語り口,outside-10k
やしない,outside-10k
熊野,outside-10k
真田,outside-10k
タナ,outside-10k
合奏,outside-10k
小澤,outside-10k
緑化,outside-10k
滑る,outside-10k
きらきら,outside-10k
夫君,outside-10k
常用,outside-10k
ケージ,outside-10k
ファインダー,outside-10k
アジサイ,outside-10k
即位,outside-10k
乞食,outside-10k
フォックス,outside-10k
同業,outside-10k
肝要,outside-10k
押せ,outside-10k
迷,outside-10k
切り取っ,outside-10k
サーモン,outside-10k
鳥獣,outside-10k
メモリアル,outside-10k
寝たきり,outside-10k
手本,outside-10k
低め,outside-10k
内務省,outside-10k
虚,outside-10k
平坦,outside-10k
ナイジェリア,outside-10k
まるっきり,outside-10k
減免,outside-10k
絶え間,outside-10k
西岡,outside-10k
ニット,outside-10k
概論,outside-10k
地場,outside-10k
料率,outside-10k
モーション,outside-10k
幣,outside-10k
新版,outside-10k
豪雪,outside-10k
緩め,outside-10k
出撃,outside-10k
勝率,outside-10k
前途,outside-10k
手伝う,outside-10k
フジサンケイビジネスアイ,outside-10k
引越,outside-10k
菜園,outside-10k
持ち歩く,outside-10k
住専,outside-10k
めがね,outside-10k
プリーズ,outside-10k
手遅れ,outside-10k
源流,outside-10k
ぞっと,outside-10k
各県,outside-10k
バレル,outside-10k
恭子,outside-10k
山菜,outside-10k
強いる,outside-10k
マイレージ,outside-10k
痙攣,outside-10k
有意,outside-10k
可否,outside-10k
ひとみ,outside-10k
からくり,outside-10k
ペンネーム,outside-10k
嘔吐,outside-10k
かもめ,outside-10k
汚し,outside-10k
ルピー,outside-10k
度数,outside-10k
江崎,outside-10k
威厳,outside-10k
態様,outside-10k
得票,outside-10k
ウエート,outside-10k
詰め込ん,outside-10k
ひとたび,outside-10k
宇野,outside-10k
乳製品,outside-10k
かぶる,outside-10k
対局,outside-10k
久留米,outside-10k
自助,outside-10k
随筆,outside-10k
ありえ,outside-10k
デタラメ,outside-10k
悪党,outside-10k
後発,outside-10k
見切り,outside-10k
ハサミ,outside-10k
御社,outside-10k
設,outside-10k
つぶやく,outside-10k
粉末,outside-10k
谷間,outside-10k
励む,outside-10k
特番,outside-10k
変ら,outside-10k
そりゃあ,outside-10k
西山,outside-10k
バンザイ,outside-10k
きまり,outside-10k
云い,outside-10k
昨,outside-10k
じゃがいも,outside-10k
教頭,outside-10k
づき,outside-10k
さして,outside-10k
どうのこうの,outside-10k
役務,outside-10k
會,outside-10k
願い事,outside-10k
青葉,outside-10k
引き取り,outside-10k
情念,outside-10k
感ずる,outside-10k
製法,outside-10k
群衆,outside-10k
働きかける,outside-10k
蒸発,outside-10k
輝か,outside-10k
パネリスト,outside-10k
本島,outside-10k
押え,outside-10k
子猫,outside-10k
芳香,outside-10k
牽制,outside-10k
全日空,outside-10k
賭ける,outside-10k
苦笑い,outside-10k
発着,outside-10k
遊べ,outside-10k
永田町,outside-10k
杉田,outside-10k
老齢,outside-10k
海戦,outside-10k
広義,outside-10k
シェリー,outside-10k
ビクター,outside-10k
迷信,outside-10k
害する,outside-10k
遣っ,outside-10k
テーマパーク,outside-10k
酔っ払い,outside-10k
炊飯,outside-10k
こぞって,outside-10k
燈,outside-10k
引っかかる,outside-10k
災難,outside-10k
一躍,outside-10k
菅原,outside-10k
俵,outside-10k
間に合い,outside-10k
ハウル,outside-10k
インスピレーション,outside-10k
太る,outside-10k
マズイ,outside-10k
互角,outside-10k
愛す,outside-10k
ほた,outside-10k
だいじょうぶ,outside-10k
押し付ける,outside-10k
偉人,outside-10k
余力,outside-10k
借地,outside-10k
辿る,outside-10k
おやすみ,outside-10k
哀愁,outside-10k
ソプラノ,outside-10k
集成,outside-10k
私有,outside-10k
手すり,outside-10k
積分,outside-10k
聖歌,outside-10k
座敷,outside-10k
恩給,outside-10k
ルポ,outside-10k
付託,outside-10k
エクササイズ,outside-10k
スミマセン,outside-10k
余程,outside-10k
洋一,outside-10k
豊島,outside-10k
志村,outside-10k
面識,outside-10k
ディーン,outside-10k
兼業,outside-10k
部内,outside-10k
川原,outside-10k
映り,outside-10k
画策,outside-10k
減らさ,outside-10k
ひねり,outside-10k
玉子,outside-10k
兵役,outside-10k
精算,outside-10k
ルル,outside-10k
噛ん,outside-10k
釘付け,outside-10k
ソーラー,outside-10k
ジェンダーフリー,outside-10k
バカンス,outside-10k
コットン,outside-10k
ローテーション,outside-10k
消防署,outside-10k
湿っ,outside-10k
フィジカル,outside-10k
敵意,outside-10k
前段,outside-10k
推し進め,outside-10k
一丸,outside-10k
阪神タイガース,outside-10k
中性,outside-10k
情け,outside-10k
細やか,outside-10k
一室,outside-10k
あたら,outside-10k
根絶,outside-10k
アルメニア,outside-10k
あたらしい,outside-10k
増えれ,outside-10k
清原,outside-10k
満了,outside-10k
憂い,outside-10k
づく,outside-10k
いまひとつ,outside-10k
クラッチ,outside-10k
区役所,outside-10k
近接,outside-10k
献立,outside-10k
賑わっ,outside-10k
ハンス,outside-10k
受け皿,outside-10k
られよ,outside-10k
僕達,outside-10k
のっとっ,outside-10k
広々,outside-10k
合掌,outside-10k
パンフ,outside-10k
昇っ,outside-10k
アクセシビリティ,outside-10k
ヨドバシカメラ,outside-10k
ザル,outside-10k
池上,outside-10k
ポケモン,outside-10k
水蒸気,outside-10k
マルタ,outside-10k
心掛け,outside-10k
施政,outside-10k
プラトン,outside-10k
クオリア,outside-10k
士気,outside-10k
貧血,outside-10k
スキップ,outside-10k
道楽,outside-10k
人差し指,outside-10k
余命,outside-10k
おの,outside-10k
戻ろ,outside-10k
確証,outside-10k
焦る,outside-10k
外形,outside-10k
ファミコン,outside-10k
群集,outside-10k
乳房,outside-10k
流暢,outside-10k
ロジャー,outside-10k
地中,outside-10k
ホーン,outside-10k
続けれ,outside-10k
つけれ,outside-10k
茄子,outside-10k
自販機,outside-10k
未納,outside-10k
製本,outside-10k
ラーニング,outside-10k
メディカル,outside-10k
迷宮,outside-10k
抹消,outside-10k
計っ,outside-10k
なさら,outside-10k
退け,outside-10k
育む,outside-10k
ミニチュア,outside-10k
置換,outside-10k
刺す,outside-10k
右腕,outside-10k
組立,outside-10k
かみさん,outside-10k
レザー,outside-10k
乗組,outside-10k
アテ,outside-10k
見逃す,outside-10k
交番,outside-10k
周波,outside-10k
激変,outside-10k
続けよ,outside-10k
コケ,outside-10k
スキャナ,outside-10k
一報,outside-10k
ハンサム,outside-10k
東宝,outside-10k
ねぎ,outside-10k
川本,outside-10k
生身,outside-10k
恩返し,outside-10k
別段,outside-10k
同年代,outside-10k
ウキウキ,outside-10k
協約,outside-10k
戰,outside-10k
土砂,outside-10k
寄生,outside-10k
日替わり,outside-10k
言葉遣い,outside-10k
奏でる,outside-10k
半袖,outside-10k
技巧,outside-10k
呼ばわり,outside-10k
沈下,outside-10k
チャーハン,outside-10k
詰める,outside-10k
どことなく,outside-10k
狭間,outside-10k
おこる,outside-10k
なんにも,outside-10k
ニコチン,outside-10k
チェックポイント,outside-10k
渓谷,outside-10k
ユング,outside-10k
ウィークリー,outside-10k
双眼鏡,outside-10k
有人,outside-10k
四日市,outside-10k
ハス,outside-10k
語尾,outside-10k
ショールーム,outside-10k
ナイロビ,outside-10k
借款,outside-10k
冷や汗,outside-10k
ひと時,outside-10k
東海岸,outside-10k
茵,outside-10k
係り,outside-10k
ウィーク,outside-10k
奪取,outside-10k
コイ,outside-10k
有難い,outside-10k
バツ,outside-10k
かよ,outside-10k
防火,outside-10k
繭,outside-10k
シャラ,outside-10k
直轄,outside-10k
あえ,outside-10k
立脚,outside-10k
密教,outside-10k
オカルト,outside-10k
叱り,outside-10k
家主,outside-10k
しょうゆ,outside-10k
入れ替わり,outside-10k
空き地,outside-10k
人選,outside-10k
飛び降り,outside-10k
奔走,outside-10k
馬力,outside-10k
窓際,outside-10k
試験場,outside-10k
バニラ,outside-10k
ホノルル,outside-10k
乾,outside-10k
博之,outside-10k
周回,outside-10k
着色,outside-10k
数え切れ,outside-10k
巫女,outside-10k
骨髄,outside-10k
見越し,outside-10k
オールスター,outside-10k
過密,outside-10k
単品,outside-10k
鈴鹿,outside-10k
サントリー,outside-10k
無性に,outside-10k
大河,outside-10k
茂木,outside-10k
砂利,outside-10k
概して,outside-10k
文教,outside-10k
一夫,outside-10k
下敷き,outside-10k
恐怖症,outside-10k
脚光,outside-10k
クリティカル,outside-10k
高架,outside-10k
智子,outside-10k
試飲,outside-10k
苔,outside-10k
ヲタ,outside-10k
すれ違う,outside-10k
振れ,outside-10k
レディース,outside-10k
岩石,outside-10k
沙汰,outside-10k
秀夫,outside-10k
年俸,outside-10k
伯父,outside-10k
投書,outside-10k
歯車,outside-10k
追い出し,outside-10k
治験,outside-10k
桶,outside-10k
全盛期,outside-10k
口癖,outside-10k
議院,outside-10k
ヘルシー,outside-10k
おんなじ,outside-10k
葛,outside-10k
名残,outside-10k
出走,outside-10k
すばらし,outside-10k
ハイウェイ,outside-10k
馳せ,outside-10k
検問,outside-10k
解ける,outside-10k
配色,outside-10k
スリッパ,outside-10k
浸水,outside-10k
フェミニスト,outside-10k
動議,outside-10k
可動,outside-10k
病名,outside-10k
一団,outside-10k
ミート,outside-10k
椎,outside-10k
しそ,outside-10k
北口,outside-10k
徴候,outside-10k
けさ,outside-10k
相まって,outside-10k
ナメ,outside-10k
殿堂,outside-10k
リンチ,outside-10k
効,outside-10k
各党,outside-10k
生業,outside-10k
角栄,outside-10k
岳,outside-10k
インナー,outside-10k
リリー,outside-10k
真っ向,outside-10k
イジメ,outside-10k
迷走,outside-10k
静けさ,outside-10k
アスファルト,outside-10k
鰻,outside-10k
ぎっしり,outside-10k
募っ,outside-10k
ディテール,outside-10k
七つ,outside-10k
テレビ東京,outside-10k
資金繰り,outside-10k
電通,outside-10k
戸惑う,outside-10k
ケインズ,outside-10k
美香,outside-10k
縛り,outside-10k
ムカ,outside-10k
風貌,outside-10k
側近,outside-10k
藪,outside-10k
怪談,outside-10k
府警,outside-10k
カーネル,outside-10k
継い,outside-10k
めんどう,outside-10k
カント,outside-10k
思慮,outside-10k
繰り出し,outside-10k
テコ,outside-10k
病原,outside-10k
ともだち,outside-10k
ベター,outside-10k
シー,outside-10k
歌え,outside-10k
定式,outside-10k
ニキビ,outside-10k
出土,outside-10k
発令,outside-10k
ビクトリア,outside-10k
全会,outside-10k
見え隠れ,outside-10k
浅井,outside-10k
塩野,outside-10k
アドベンチャー,outside-10k
絞ら,outside-10k
歯ブラシ,outside-10k
鶴見,outside-10k
こまかい,outside-10k
バランスシート,outside-10k
大村,outside-10k
エキサイトブログ,outside-10k
エスカレート,outside-10k
平易,outside-10k
ジャイアンツ,outside-10k
亀山,outside-10k
酪農,outside-10k
熟,outside-10k
伝票,outside-10k
消しゴム,outside-10k
栄誉,outside-10k
ぐっすり,outside-10k
石器,outside-10k
引上げ,outside-10k
鳳,outside-10k
支配人,outside-10k
横ばい,outside-10k
ヒルトン,outside-10k
争わ,outside-10k
づか,outside-10k
エレガント,outside-10k
優等生,outside-10k
ニワトリ,outside-10k
厳禁,outside-10k
ハーレム,outside-10k
王位,outside-10k
ヘブライ,outside-10k
コミ,outside-10k
共犯,outside-10k
成瀬,outside-10k
安売り,outside-10k
途絶え,outside-10k
ハンナ,outside-10k
財投,outside-10k
ニンジン,outside-10k
深まっ,outside-10k
謝,outside-10k
生放送,outside-10k
乗り継ぎ,outside-10k
撃破,outside-10k
色素,outside-10k
ブーイング,outside-10k
外装,outside-10k
ゴルファー,outside-10k
エイリアン,outside-10k
記帳,outside-10k
あかね,outside-10k
線引き,outside-10k
何気ない,outside-10k
値動き,outside-10k
キヤノン,outside-10k
オリジナリティ,outside-10k
すそ,outside-10k
たぐい,outside-10k
鞘,outside-10k
国力,outside-10k
野茂,outside-10k
苦境,outside-10k
やむを得ず,outside-10k
寺山,outside-10k
東映,outside-10k
酒屋,outside-10k
躍動,outside-10k
質素,outside-10k
誤字,outside-10k
先立ち,outside-10k
国務省,outside-10k
邸宅,outside-10k
傷つき,outside-10k
トークショー,outside-10k
溺れ,outside-10k
煽っ,outside-10k
のむ,outside-10k
恥ずかしながら,outside-10k
作画,outside-10k
夜勤,outside-10k
身辺,outside-10k
平家,outside-10k
かぎ,outside-10k
治虫,outside-10k
血縁,outside-10k
警部,outside-10k
和紙,outside-10k
出だし,outside-10k
魚介類,outside-10k
カルテル,outside-10k
複写,outside-10k
つぶす,outside-10k
試用,outside-10k
贈呈,outside-10k
可憐,outside-10k
扶桑社,outside-10k
サイコロ,outside-10k
雑多,outside-10k
ペラペラ,outside-10k
亜紀,outside-10k
傷つく,outside-10k
通念,outside-10k
危惧し,outside-10k
まわす,outside-10k
出来上がる,outside-10k
総局,outside-10k
輸血,outside-10k
拭き,outside-10k
フレッツ,outside-10k
ガット,outside-10k
コスモ,outside-10k
コスモス,outside-10k
敬愛,outside-10k
則っ,outside-10k
喰い,outside-10k
和室,outside-10k
先立っ,outside-10k
旅客機,outside-10k
発案,outside-10k
飛び込む,outside-10k
コスタリカ,outside-10k
一回り,outside-10k
ろくな,outside-10k
モロ,outside-10k
秋葉,outside-10k
こじんまり,outside-10k
かっこう,outside-10k
高地,outside-10k
キャッチボール,outside-10k
ラテンアメリカ,outside-10k
検疫,outside-10k
損得,outside-10k
いずみ,outside-10k
植林,outside-10k
ニヤニヤ,outside-10k
アヒル,outside-10k
スピーカ,outside-10k
平地,outside-10k
ガマン,outside-10k
争奪,outside-10k
利く,outside-10k
事変,outside-10k
起し,outside-10k
キックオフ,outside-10k
凌駕,outside-10k
かぶせ,outside-10k
オペレーター,outside-10k
仰せ,outside-10k
打てる,outside-10k
網膜,outside-10k
固,outside-10k
フェルナンド,outside-10k
蜘蛛,outside-10k
中沢,outside-10k
帰れる,outside-10k
川村,outside-10k
熟睡,outside-10k
片側,outside-10k
スポークスマン,outside-10k
菊地,outside-10k
海中,outside-10k
諸氏,outside-10k
調剤,outside-10k
細長い,outside-10k
容,outside-10k
減退,outside-10k
小作,outside-10k
全貌,outside-10k
固有名詞,outside-10k
阿呆,outside-10k
くっつけ,outside-10k
カマ,outside-10k
使節,outside-10k
下ろす,outside-10k
敷設,outside-10k
ニャン,outside-10k
談義,outside-10k
再犯,outside-10k
さかん,outside-10k
薄暗い,outside-10k
あける,outside-10k
小さかっ,outside-10k
自尊心,outside-10k
通り過ぎる,outside-10k
見抜く,outside-10k
多数決,outside-10k
英字,outside-10k
恒常,outside-10k
喝,outside-10k
腎,outside-10k
鷯,outside-10k
かう,outside-10k
鯉,outside-10k
原資,outside-10k
無形,outside-10k
洋食,outside-10k
ミラクル,outside-10k
中味,outside-10k
仰る,outside-10k
のびのび,outside-10k
臨み,outside-10k
プーチン,outside-10k
イルミネーション,outside-10k
趨勢,outside-10k
にこにこ,outside-10k
ソープ,outside-10k
させよ,outside-10k
徐,outside-10k
蝉,outside-10k
バイエルン,outside-10k
ライブハウス,outside-10k
植生,outside-10k
図版,outside-10k
天秤,outside-10k
小指,outside-10k
物欲,outside-10k
俯瞰,outside-10k
平蔵,outside-10k
おこない,outside-10k
難題,outside-10k
スグ,outside-10k
ボリシェヴィキ,outside-10k
チャングム,outside-10k
長嶋,outside-10k
いとう,outside-10k
気概,outside-10k
ビ,outside-10k
寄席,outside-10k
ひとえに,outside-10k
根付い,outside-10k
下駄,outside-10k
扮,outside-10k
玉ねぎ,outside-10k
トシ,outside-10k
士郎,outside-10k
空席,outside-10k
コラボ,outside-10k
描ける,outside-10k
いが,outside-10k
推,outside-10k
読み直し,outside-10k
一心,outside-10k
越す,outside-10k
詰め込み,outside-10k
不定,outside-10k
乱入,outside-10k
暇つぶし,outside-10k
取り立て,outside-10k
話そ,outside-10k
要人,outside-10k
スラブ,outside-10k
堆積,outside-10k
基い,outside-10k
準じ,outside-10k
親日,outside-10k
死語,outside-10k
母ちゃん,outside-10k
談笑,outside-10k
ジョージア,outside-10k
親睦,outside-10k
真っ青,outside-10k
丹波,outside-10k
重油,outside-10k
ストリーミング,outside-10k
千里,outside-10k
につけ,outside-10k
採血,outside-10k
撃,outside-10k
屈し,outside-10k
征,outside-10k
広辞苑,outside-10k
フラグ,outside-10k
さかのぼっ,outside-10k
如何なる,outside-10k
オット,outside-10k
おとり,outside-10k
空っぽ,outside-10k
不買,outside-10k
日航,outside-10k
無茶苦茶,outside-10k
産卵,outside-10k
久美子,outside-10k
同紙,outside-10k
受難,outside-10k
筐,outside-10k
遺書,outside-10k
言い渡し,outside-10k
奥底,outside-10k
ローマ法王,outside-10k
しゃべら,outside-10k
バチカン,outside-10k
献,outside-10k
平川,outside-10k
少佐,outside-10k
パーカー,outside-10k
勇者,outside-10k
競っ,outside-10k
滝沢,outside-10k
邦画,outside-10k
チビ,outside-10k
収まり,outside-10k
でよ,outside-10k
硫黄,outside-10k
見下ろす,outside-10k
差益,outside-10k
料亭,outside-10k
念仏,outside-10k
つけ加え,outside-10k
まるまる,outside-10k
ろうそく,outside-10k
入園,outside-10k
ミニマム,outside-10k
コンソーシアム,outside-10k
敵国,outside-10k
守秘,outside-10k
有色,outside-10k
扱える,outside-10k
値打ち,outside-10k
再選,outside-10k
たんに,outside-10k
月々,outside-10k
照らさ,outside-10k
党派,outside-10k
本法,outside-10k
連隊,outside-10k
節子,outside-10k
位相,outside-10k
さやか,outside-10k
踏切,outside-10k
見入っ,outside-10k
叶う,outside-10k
街路,outside-10k
見聞き,outside-10k
吐き出し,outside-10k
涼子,outside-10k
鉄則,outside-10k
ルノー,outside-10k
葛飾,outside-10k
ゴシップ,outside-10k
内輪,outside-10k
銅像,outside-10k
規,outside-10k
関空,outside-10k
中退,outside-10k
タンス,outside-10k
待ち遠しい,outside-10k
小柴,outside-10k
思いのほか,outside-10k
うめ,outside-10k
単元,outside-10k
ガタガタ,outside-10k
やっとこ,outside-10k
白血病,outside-10k
リンパ,outside-10k
少なめ,outside-10k
出前,outside-10k
同封,outside-10k
片っ端,outside-10k
志賀,outside-10k
反逆,outside-10k
国際線,outside-10k
シチュー,outside-10k
小声,outside-10k
寒天,outside-10k
もうける,outside-10k
薄め,outside-10k
ターボ,outside-10k
流体,outside-10k
空海,outside-10k
バーナー,outside-10k
齊藤,outside-10k
決めつけ,outside-10k
原本,outside-10k
ふき,outside-10k
邁進,outside-10k
申し込む,outside-10k
保養,outside-10k
お稽古,outside-10k
非対称,outside-10k
おのずから,outside-10k
転化,outside-10k
先ごろ,outside-10k
エンタテイメント,outside-10k
切り離さ,outside-10k
むき出し,outside-10k
原著,outside-10k
近親,outside-10k
スリリング,outside-10k
ぶた,outside-10k
ナック,outside-10k
精査,outside-10k
引き継ぎ,outside-10k
戦中,outside-10k
優子,outside-10k
造語,outside-10k
サント,outside-10k
厘,outside-10k
借用,outside-10k
公私,outside-10k
コストダウン,outside-10k
岸田,outside-10k
退散,outside-10k
腹痛,outside-10k
ナビゲーション,outside-10k
レヴィナス,outside-10k
窮地,outside-10k
仇,outside-10k
高崎,outside-10k
オトコ,outside-10k
ジャッキー,outside-10k
ずらりと,outside-10k
緒方,outside-10k
用例,outside-10k
たたえ,outside-10k
公道,outside-10k
波形,outside-10k
混ぜる,outside-10k
返上,outside-10k
差し出す,outside-10k
領主,outside-10k
お披露目,outside-10k
見送る,outside-10k
生まれ変わっ,outside-10k
アーセナル,outside-10k
鉄砲,outside-10k
性器,outside-10k
ビデオテープ,outside-10k
急騰,outside-10k
物々交換,outside-10k
摂,outside-10k
噛む,outside-10k
私事,outside-10k
気がかり,outside-10k
美しかっ,outside-10k
進めよ,outside-10k
苫小牧,outside-10k
田代,outside-10k
粘着,outside-10k
メヒコ,outside-10k
東山,outside-10k
つど,outside-10k
クウェート,outside-10k
じっさい,outside-10k
ポーカー,outside-10k
ペセタ,outside-10k
かおり,outside-10k
改ざん,outside-10k
同好,outside-10k
研磨,outside-10k
僻地,outside-10k
頼,outside-10k
膣,outside-10k
貧しく,outside-10k
ユキ,outside-10k
ルーシー,outside-10k
衰弱,outside-10k
名著,outside-10k
鎖国,outside-10k
セグメント,outside-10k
諸般,outside-10k
ならん,outside-10k
ドラクエ,outside-10k
国内線,outside-10k
さだ,outside-10k
整然と,outside-10k
大局,outside-10k
コロコロ,outside-10k
蒸し暑い,outside-10k
自ずと,outside-10k
行革,outside-10k
紋章,outside-10k
目途,outside-10k
刷新,outside-10k
こね,outside-10k
休刊,outside-10k
安井,outside-10k
絢爛,outside-10k
登壇,outside-10k
盗む,outside-10k
皺,outside-10k
部外,outside-10k
ラストシーン,outside-10k
江口,outside-10k
病的,outside-10k
がんばら,outside-10k
マスターズ,outside-10k
斬る,outside-10k
バルブ,outside-10k
ファンクラブ,outside-10k
名護,outside-10k
わたり,outside-10k
デマ,outside-10k
丹,outside-10k
焦ら,outside-10k
食肉,outside-10k
徳永,outside-10k
輪廻,outside-10k
株券,outside-10k
マツダ,outside-10k
アーム,outside-10k
風速,outside-10k
くどい,outside-10k
ひっかかっ,outside-10k
キルト,outside-10k
深海,outside-10k
チタン,outside-10k
フィニッシュ,outside-10k
童貞,outside-10k
頼もしい,outside-10k
食い物,outside-10k
サブタイトル,outside-10k
尾根,outside-10k
豺,outside-10k
関根,outside-10k
走れる,outside-10k
多かれ,outside-10k
井出,outside-10k
引き寄せ,outside-10k
小国,outside-10k
結び付け,outside-10k
引渡し,outside-10k
日陰,outside-10k
つん,outside-10k
レオナルド,outside-10k
紫色,outside-10k
乗船,outside-10k
お中元,outside-10k
家族連れ,outside-10k
新党,outside-10k
デッサン,outside-10k
手ごろ,outside-10k
怒涛,outside-10k
新緑,outside-10k
めでたし,outside-10k
むこ,outside-10k
ジモン,outside-10k
募る,outside-10k
可変,outside-10k
おやすみなさい,outside-10k
暖炉,outside-10k
滴,outside-10k
脅かさ,outside-10k
ライフワーク,outside-10k
微塵,outside-10k
山奥,outside-10k
心がける,outside-10k
クラスメイト,outside-10k
多けれ,outside-10k
真下,outside-10k
大海,outside-10k
三宮,outside-10k
ルーズ,outside-10k
面子,outside-10k
露店,outside-10k
オムツ,outside-10k
直せ,outside-10k
押し上げ,outside-10k
リフレ,outside-10k
まぜ,outside-10k
一望,outside-10k
財務諸表,outside-10k
コミット,outside-10k
苦心,outside-10k
ともども,outside-10k
共振,outside-10k
痛快,outside-10k
気長,outside-10k
極論,outside-10k
背番号,outside-10k
凱旋,outside-10k
琢磨,outside-10k
饅頭,outside-10k
本末転倒,outside-10k
モニカ,outside-10k
瞭,outside-10k
降格,outside-10k
松平,outside-10k
ワンセグ,outside-10k
ふむ,outside-10k
雨水,outside-10k
恐,outside-10k
書き出し,outside-10k
一気,outside-10k
鎮,outside-10k
レインボー,outside-10k
できあがり,outside-10k
プロポーズ,outside-10k
暮し,outside-10k
新春,outside-10k
むき,outside-10k
繋げ,outside-10k
炊い,outside-10k
ハヤカワ,outside-10k
印紙,outside-10k
ダイアナ,outside-10k
吹き出し,outside-10k
徒,outside-10k
惣菜,outside-10k
所々,outside-10k
釈迦,outside-10k
追い込ん,outside-10k
漆,outside-10k
トゥ,outside-10k
覆面,outside-10k
タイツ,outside-10k
甚だ,outside-10k
綾子,outside-10k
一太郎,outside-10k
国費,outside-10k
三条,outside-10k
なめらか,outside-10k
数回,outside-10k
新法,outside-10k
吉井,outside-10k
史跡,outside-10k
ワックス,outside-10k
魏,outside-10k
漬物,outside-10k
岩本,outside-10k
々々,outside-10k
警備隊,outside-10k
営,outside-10k
復,outside-10k
界面,outside-10k
建立,outside-10k
半田,outside-10k
ぶさ,outside-10k
カオ,outside-10k
マイノリティ,outside-10k
封じ,outside-10k
発振,outside-10k
里帰り,outside-10k
オハイオ,outside-10k
あらた,outside-10k
鮓,outside-10k
栗山,outside-10k
解法,outside-10k
懸,outside-10k
楽勝,outside-10k
行きつけ,outside-10k
入江,outside-10k
苛立ち,outside-10k
ブランチ,outside-10k
コントローラー,outside-10k
壱,outside-10k
祇園,outside-10k
縦横,outside-10k
ホタル,outside-10k
遅ればせながら,outside-10k
アグリ,outside-10k
すりゃ,outside-10k
ドーン,outside-10k
生まれつき,outside-10k
うかがえる,outside-10k
電極,outside-10k
お喋り,outside-10k
とやかく,outside-10k
見いだす,outside-10k
破,outside-10k
立ち寄る,outside-10k
従兄弟,outside-10k
ロース,outside-10k
この上ない,outside-10k
小さめ,outside-10k
クルス,outside-10k
ミシガン,outside-10k
識者,outside-10k
撃沈,outside-10k
売れ筋,outside-10k
へた,outside-10k
西方,outside-10k
そうね,outside-10k
命がけ,outside-10k
垣,outside-10k
委嘱,outside-10k
おのれ,outside-10k
優劣,outside-10k
取り外し,outside-10k
相模原,outside-10k
さなか,outside-10k
ケープ,outside-10k
小嶋,outside-10k
佐原,outside-10k
バッテリ,outside-10k
自滅,outside-10k
形跡,outside-10k
恐る恐る,outside-10k
スペースシャトル,outside-10k
染,outside-10k
由緒,outside-10k
文京,outside-10k
生い立ち,outside-10k
乗り出す,outside-10k
胡椒,outside-10k
輔,outside-10k
梅干,outside-10k
ビリヤード,outside-10k
原画,outside-10k
子連れ,outside-10k
疑義,outside-10k
裏付ける,outside-10k
量子力学,outside-10k
真中,outside-10k
呪術,outside-10k
先代,outside-10k
いかんせん,outside-10k
ツバメ,outside-10k
来賓,outside-10k
奏で,outside-10k
悪しき,outside-10k
縞,outside-10k
習熟,outside-10k
巻く,outside-10k
小論文,outside-10k
色濃く,outside-10k
大理石,outside-10k
とてつもない,outside-10k
もみ,outside-10k
使途,outside-10k
ダスト,outside-10k
粘り,outside-10k
寒気,outside-10k
市政,outside-10k
高熱,outside-10k
プラチナ,outside-10k
打ち込み,outside-10k
ケツ,outside-10k
ひと言,outside-10k
申し分,outside-10k
駐屯,outside-10k
なにかと,outside-10k
ニコン,outside-10k
縮め,outside-10k
少なかれ,outside-10k
峪,outside-10k
奏法,outside-10k
快挙,outside-10k
財閥,outside-10k
隠せ,outside-10k
燃やす,outside-10k
ローソン,outside-10k
降水,outside-10k
絶句,outside-10k
洗車,outside-10k
沢田,outside-10k
ピー,outside-10k
グマ,outside-10k
寝坊,outside-10k
呼び掛け,outside-10k
不正確,outside-10k
ほうれん草,outside-10k
さぞ,outside-10k
つらく,outside-10k
品位,outside-10k
鼓動,outside-10k
堅調,outside-10k
コロニー,outside-10k
ジョナサン,outside-10k
オウム真理教,outside-10k
かなえ,outside-10k
ドラッカー,outside-10k
盲,outside-10k
ゴア,outside-10k
洗顔,outside-10k
示,outside-10k
サダム,outside-10k
グチ,outside-10k
生姜,outside-10k
寒冷,outside-10k
手引き,outside-10k
怠惰,outside-10k
連呼,outside-10k
討ち,outside-10k
声楽,outside-10k
きれる,outside-10k
未確認,outside-10k
思いこん,outside-10k
客員,outside-10k
新報,outside-10k
クローバー,outside-10k
人力,outside-10k
痕,outside-10k
歌人,outside-10k
炭水化物,outside-10k
クールビズ,outside-10k
小田原,outside-10k
閣,outside-10k
集まら,outside-10k
総評,outside-10k
ジャカルタ,outside-10k
しびれ,outside-10k
せりふ,outside-10k
別表,outside-10k
バリア,outside-10k
クイック,outside-10k
笑わせ,outside-10k
ほど遠い,outside-10k
ひどかっ,outside-10k
万事,outside-10k
三越,outside-10k
多少なりとも,outside-10k
壇上,outside-10k
丸め,outside-10k
コマース,outside-10k
押し出し,outside-10k
康弘,outside-10k
評し,outside-10k
仕業,outside-10k
めずらしい,outside-10k
むい,outside-10k
サヨ,outside-10k
取り締まる,outside-10k
楓,outside-10k
携え,outside-10k
つき合い,outside-10k
手洗い,outside-10k
スコープ,outside-10k
草津,outside-10k
補習,outside-10k
殊に,outside-10k
東北大学,outside-10k
泣ける,outside-10k
ドロドロ,outside-10k
バッター,outside-10k
帰り際,outside-10k
きよ,outside-10k
作製,outside-10k
プー,outside-10k
失調,outside-10k
加地,outside-10k
めずらしく,outside-10k
平米,outside-10k
のし,outside-10k
ヨコ,outside-10k
家出,outside-10k
ベースボール,outside-10k
在職,outside-10k
飲も,outside-10k
扇,outside-10k
ライフサイクル,outside-10k
未解決,outside-10k
犯さ,outside-10k
ほんのり,outside-10k
弐,outside-10k
メンズ,outside-10k
頷い,outside-10k
ヤリ,outside-10k
認,outside-10k
放り,outside-10k
窯,outside-10k
東海道,outside-10k
難航,outside-10k
今春,outside-10k
家宅,outside-10k
一滴,outside-10k
節分,outside-10k
授乳,outside-10k
シャレ,outside-10k
ローラ,outside-10k
はおり,outside-10k
出逢い,outside-10k
マイアミ,outside-10k
まく,outside-10k
押しつける,outside-10k
スクランブル,outside-10k
浄水,outside-10k
高島屋,outside-10k
隠れ家,outside-10k
新選,outside-10k
ベルク,outside-10k
年老い,outside-10k
切なく,outside-10k
両端,outside-10k
アスリート,outside-10k
高台,outside-10k
打線,outside-10k
太もも,outside-10k
左折,outside-10k
ナターシャ,outside-10k
短冊,outside-10k
正門,outside-10k
グリーンピース,outside-10k
どんぐり,outside-10k
一豊,outside-10k
書体,outside-10k
目新しい,outside-10k
八百屋,outside-10k
死人,outside-10k
Ａ子,outside-10k
ポッドキャスティング,outside-10k
芸者,outside-10k
チェア,outside-10k
わきまえ,outside-10k
探し出し,outside-10k
父様,outside-10k
使い物,outside-10k
引換,outside-10k
やぁ,outside-10k
懇願,outside-10k
スバ,outside-10k
釣,outside-10k
躾,outside-10k
報道陣,outside-10k
霜,outside-10k
口論,outside-10k
ロースト,outside-10k
姫路,outside-10k
アダプター,outside-10k
坂井,outside-10k
ジャスコ,outside-10k
テイラー,outside-10k
コンビネーション,outside-10k
レシート,outside-10k
ニーチェ,outside-10k
遡る,outside-10k
イー,outside-10k
点滅,outside-10k
辺境,outside-10k
ケル,outside-10k
クズ,outside-10k
東京ドーム,outside-10k
騒がせ,outside-10k
のび太,outside-10k
水力,outside-10k
日照,outside-10k
沈,outside-10k
顔立ち,outside-10k
いっか,outside-10k
加賀,outside-10k
節減,outside-10k
物産,outside-10k
棄権,outside-10k
気密,outside-10k
見なし,outside-10k
名画,outside-10k
買い取っ,outside-10k
通りかかっ,outside-10k
放し,outside-10k
あゆ,outside-10k
ォ,outside-10k
ジュー,outside-10k
型式,outside-10k
蕾,outside-10k
無口,outside-10k
物言い,outside-10k
さくらんぼ,outside-10k
懐中,outside-10k
かけよ,outside-10k
礎,outside-10k
三四郎,outside-10k
フィッシング,outside-10k
別居,outside-10k
ミミ,outside-10k
マジメ,outside-10k
危うい,outside-10k
硬貨,outside-10k
一任,outside-10k
タッグ,outside-10k
漫,outside-10k
脊髄,outside-10k
起る,outside-10k
罪人,outside-10k
日没,outside-10k
前歯,outside-10k
ラット,outside-10k
早川書房,outside-10k
皇居,outside-10k
ユーゴ,outside-10k
大人しく,outside-10k
ワトソン,outside-10k
わる,outside-10k
干,outside-10k
インテリジェント,outside-10k
リヨン,outside-10k
手際,outside-10k
唾,outside-10k
春秋,outside-10k
そぐわない,outside-10k
水温,outside-10k
ビジネスチャンス,outside-10k
ホステス,outside-10k
題する,outside-10k
縫製,outside-10k
不確か,outside-10k
体外,outside-10k
えーっ,outside-10k
宛先,outside-10k
ハッピーエンド,outside-10k
集まれ,outside-10k
大砲,outside-10k
出掛ける,outside-10k
自然体,outside-10k
悪戯,outside-10k
脱ぎ,outside-10k
高等裁判所,outside-10k
未読,outside-10k
謀,outside-10k
日当たり,outside-10k
平年,outside-10k
院内,outside-10k
送り出す,outside-10k
山川,outside-10k
帰し,outside-10k
盆栽,outside-10k
定率,outside-10k
農作業,outside-10k
熱血,outside-10k
珠,outside-10k
不払い,outside-10k
同乗,outside-10k
スギ,outside-10k
亜鉛,outside-10k
トラスト,outside-10k
マッカーシー,outside-10k
ファクス,outside-10k
ケタ,outside-10k
極める,outside-10k
隔週,outside-10k
アットホーム,outside-10k
思ひ,outside-10k
横顔,outside-10k
客層,outside-10k
移設,outside-10k
スンニ,outside-10k
金具,outside-10k
べた,outside-10k
たえ,outside-10k
コネクタ,outside-10k
思い当たる,outside-10k
徴税,outside-10k
組曲,outside-10k
破局,outside-10k
言い出し,outside-10k
半身,outside-10k
釈,outside-10k
性教育,outside-10k
ピクニック,outside-10k
追いつめ,outside-10k
８つ,outside-10k
依,outside-10k
タップ,outside-10k
打ち明け,outside-10k
ブランク,outside-10k
ヤンキース,outside-10k
ともなっ,outside-10k
揃う,outside-10k
代々木,outside-10k
シンドラー,outside-10k
大介,outside-10k
圏外,outside-10k
弱み,outside-10k
ムチ,outside-10k
断行,outside-10k
松戸,outside-10k
稲作,outside-10k
充てる,outside-10k
ヴェルディ,outside-10k
とめる,outside-10k
のぞき,outside-10k
輝かしい,outside-10k
首尾,outside-10k
叶わ,outside-10k
漁港,outside-10k
組成,outside-10k
ブルーベリー,outside-10k
卵子,outside-10k
月光,outside-10k
大竹,outside-10k
殆,outside-10k
刺客,outside-10k
日夜,outside-10k
浅,outside-10k
ナチ,outside-10k
ペルシャ,outside-10k
即答,outside-10k
眠れる,outside-10k
転居,outside-10k
つぐ,outside-10k
草木,outside-10k
別世界,outside-10k
締めくくり,outside-10k
誓う,outside-10k
来期,outside-10k
同省,outside-10k
ソフトボール,outside-10k
遠回り,outside-10k
ブロードウェイ,outside-10k
アドバンス,outside-10k
明子,outside-10k
一辺倒,outside-10k
ツイ,outside-10k
カッパ,outside-10k
散髪,outside-10k
疲弊,outside-10k
加護,outside-10k
脈,outside-10k
早けれ,outside-10k
桑原,outside-10k
多摩川,outside-10k
年会,outside-10k
上回り,outside-10k
萩,outside-10k
維新,outside-10k
ホンモノ,outside-10k
同い年,outside-10k
松野,outside-10k
ほどなく,outside-10k
周到,outside-10k
カーリング,outside-10k
プランナー,outside-10k
訴状,outside-10k
ファイター,outside-10k
日成,outside-10k
蟲,outside-10k
だるい,outside-10k
向上心,outside-10k
ニューロン,outside-10k
満々,outside-10k
照合,outside-10k
ゆず,outside-10k
保坂,outside-10k
身振り,outside-10k
追い越し,outside-10k
共働き,outside-10k
関連付け,outside-10k
ボウリング,outside-10k
あさって,outside-10k
そのうえで,outside-10k
呼び出す,outside-10k
昼夜,outside-10k
飛び交う,outside-10k
スペクトル,outside-10k
称,outside-10k
描画,outside-10k
コンパ,outside-10k
薬事,outside-10k
パラグアイ,outside-10k
客船,outside-10k
ムーブメント,outside-10k
グラフィックス,outside-10k
くだされ,outside-10k
やりくり,outside-10k
引き返し,outside-10k
禁物,outside-10k
エロス,outside-10k
定説,outside-10k
贔屓,outside-10k
紙袋,outside-10k
仙人,outside-10k
雅彦,outside-10k
東京湾,outside-10k
新鋭,outside-10k
浴場,outside-10k
ココア,outside-10k
差す,outside-10k
全う,outside-10k
オマエ,outside-10k
乗り切る,outside-10k
痩せる,outside-10k
パレット,outside-10k
乳首,outside-10k
悲しむ,outside-10k
青島,outside-10k
やめろ,outside-10k
トイレットペーパー,outside-10k
羽田空港,outside-10k
お化け,outside-10k
曇り空,outside-10k
あやふや,outside-10k
ボランチ,outside-10k
潜水,outside-10k
パウエル,outside-10k
繰り広げる,outside-10k
植え付け,outside-10k
シワ,outside-10k
要項,outside-10k
センサ,outside-10k
意気,outside-10k
深呼吸,outside-10k
アルツハイマー,outside-10k
英明,outside-10k
備忘録,outside-10k
じいさん,outside-10k
ばたばた,outside-10k
水彩,outside-10k
黒川,outside-10k
繋ぎ,outside-10k
ボトム,outside-10k
荒い,outside-10k
しぐさ,outside-10k
調律,outside-10k
映,outside-10k
レセプション,outside-10k
チャック,outside-10k
先決,outside-10k
不適当,outside-10k
後続,outside-10k
野沢,outside-10k
駒場,outside-10k
浴槽,outside-10k
裸足,outside-10k
一喜一憂,outside-10k
のばし,outside-10k
ずるずる,outside-10k
自業自得,outside-10k
消息,outside-10k
燕,outside-10k
ジュゴン,outside-10k
まゆ,outside-10k
がれ,outside-10k
ウナギ,outside-10k
ブライダル,outside-10k
決別,outside-10k
幻影,outside-10k
等身,outside-10k
験,outside-10k
定刻,outside-10k
敬虔,outside-10k
足す,outside-10k
前任,outside-10k
姓名,outside-10k
トリプル,outside-10k
ソバ,outside-10k
分かん,outside-10k
功名,outside-10k
若葉,outside-10k
一般に,outside-10k
和男,outside-10k
裏打ち,outside-10k
ホルン,outside-10k
真髄,outside-10k
ねじれ,outside-10k
勝ち取っ,outside-10k
動態,outside-10k
森永,outside-10k
アラーム,outside-10k
市営,outside-10k
盲導犬,outside-10k
たらし,outside-10k
超人,outside-10k
北斗,outside-10k
無所属,outside-10k
カボチャ,outside-10k
ふるい,outside-10k
不向き,outside-10k
ナトリウム,outside-10k
落差,outside-10k
除名,outside-10k
ルーター,outside-10k
三世,outside-10k
ブイ,outside-10k
おおいに,outside-10k
アリゾナ,outside-10k
乗り切っ,outside-10k
家禽,outside-10k
天文台,outside-10k
駅員,outside-10k
ケミスト,outside-10k
榊原,outside-10k
合議,outside-10k
同義,outside-10k
称賛,outside-10k
散らばっ,outside-10k
無礼,outside-10k
パウダー,outside-10k
シュール,outside-10k
ひっ,outside-10k
真性,outside-10k
シェルター,outside-10k
トカゲ,outside-10k
スピルバーグ,outside-10k
ハマス,outside-10k
眺望,outside-10k
びっしり,outside-10k
長袖,outside-10k
あてる,outside-10k
恋する,outside-10k
朝顔,outside-10k
ナンシー,outside-10k
中華人民共和国,outside-10k
白菜,outside-10k
俊一,outside-10k
コンタクトレンズ,outside-10k
近似,outside-10k
胴体,outside-10k
達者,outside-10k
グルグル,outside-10k
狸,outside-10k
ルミ,outside-10k
思う存分,outside-10k
弁解,outside-10k
非線形,outside-10k
音頭,outside-10k
医大,outside-10k
球界,outside-10k
長蛇,outside-10k
万物,outside-10k
際限,outside-10k
まろ,outside-10k
オフライン,outside-10k
エスニック,outside-10k
譲ら,outside-10k
お供,outside-10k
ブレインセラーズ,outside-10k
教務,outside-10k
張り紙,outside-10k
終章,outside-10k
チェリー,outside-10k
こだま,outside-10k
大脳,outside-10k
Ｘ線,outside-10k
孔子,outside-10k
今どき,outside-10k
シスター,outside-10k
ハット,outside-10k
よみ,outside-10k
偏在,outside-10k
復権,outside-10k
井川,outside-10k
併せて,outside-10k
任用,outside-10k
謝り,outside-10k
見逃さ,outside-10k
お気づき,outside-10k
揺ら,outside-10k
ヴィクトリア,outside-10k
聖心,outside-10k
ホッケー,outside-10k
寸,outside-10k
遡っ,outside-10k
煙突,outside-10k
ナッツ,outside-10k
取り込ま,outside-10k
読み込ん,outside-10k
悪性,outside-10k
遭い,outside-10k
恭,outside-10k
トライアングル,outside-10k
垂れ流し,outside-10k
赤道,outside-10k
さや,outside-10k
当る,outside-10k
パラレル,outside-10k
無気力,outside-10k
大当たり,outside-10k
エンジョイ,outside-10k
法然,outside-10k
別府,outside-10k
ぶつける,outside-10k
いたずらに,outside-10k
卓上,outside-10k
遊び心,outside-10k
妨,outside-10k
遡,outside-10k
脱ぐ,outside-10k
斜,outside-10k
京阪,outside-10k
上段,outside-10k
ストロー,outside-10k
次ぎ,outside-10k
メチャクチャ,outside-10k
頑,outside-10k
埋蔵,outside-10k
こよなく,outside-10k
近寄っ,outside-10k
しょっ,outside-10k
信夫,outside-10k
勲,outside-10k
臨海,outside-10k
あがら,outside-10k
ブラブラ,outside-10k
ヨシミ,outside-10k
臭く,outside-10k
高卒,outside-10k
訴追,outside-10k
スラッシュ,outside-10k
掛け声,outside-10k
石けん,outside-10k
岩盤,outside-10k
四角,outside-10k
水俣病,outside-10k
郁,outside-10k
祈念,outside-10k
大筋,outside-10k
絵の具,outside-10k
美貌,outside-10k
薬害,outside-10k
長屋,outside-10k
見出せ,outside-10k
未払い,outside-10k
世相,outside-10k
スキーマ,outside-10k
一路,outside-10k
曙,outside-10k
委譲,outside-10k
宣戦,outside-10k
ホールド,outside-10k
瑠,outside-10k
蘇っ,outside-10k
がま,outside-10k
業法,outside-10k
奏し,outside-10k
アクティビティ,outside-10k
ダニー,outside-10k
安達,outside-10k
モンロー,outside-10k
圭一,outside-10k
腐,outside-10k
くつろい,outside-10k
ヒューストン,outside-10k
昼前,outside-10k
不注意,outside-10k
檻,outside-10k
実生活,outside-10k
火傷,outside-10k
園内,outside-10k
一説,outside-10k
生クリーム,outside-10k
幼虫,outside-10k
軍需,outside-10k
下関,outside-10k
哲夫,outside-10k
欠乏,outside-10k
ピーナッツ,outside-10k
週休,outside-10k
たかし,outside-10k
稚拙,outside-10k
遣い,outside-10k
快調,outside-10k
ぽい,outside-10k
電鉄,outside-10k
入れ歯,outside-10k
月例,outside-10k
ルック,outside-10k
ミイラ,outside-10k
憧れる,outside-10k
晴れる,outside-10k
塗ら,outside-10k
四谷,outside-10k
倒さ,outside-10k
染料,outside-10k
暖め,outside-10k
忘却,outside-10k
総量,outside-10k
曲がり角,outside-10k
同棲,outside-10k
漂わ,outside-10k
白山,outside-10k
米田,outside-10k
害虫,outside-10k
ラブストーリー,outside-10k
御苦労,outside-10k
中央線,outside-10k
美意識,outside-10k
偉業,outside-10k
編み,outside-10k
いらっしゃら,outside-10k
定まっ,outside-10k
とげ,outside-10k
つかの間,outside-10k
ロイ,outside-10k
過小,outside-10k
ブチ,outside-10k
およぶ,outside-10k
援,outside-10k
見覚え,outside-10k
海上保安庁,outside-10k
満期,outside-10k
参政,outside-10k
停戦,outside-10k
左腕,outside-10k
さげ,outside-10k
美輪,outside-10k
水深,outside-10k
前売り,outside-10k
安らか,outside-10k
バングラデシュ,outside-10k
ウィトゲンシュタイン,outside-10k
特大,outside-10k
鳴,outside-10k
頸,outside-10k
マギー,outside-10k
懺悔,outside-10k
ちゃあ,outside-10k
飯島,outside-10k
考え直す,outside-10k
抜擢,outside-10k
誓約,outside-10k
いじる,outside-10k
ルーチン,outside-10k
捻出,outside-10k
持ち上げる,outside-10k
自室,outside-10k
嘘つき,outside-10k
授け,outside-10k
俊彦,outside-10k
生ビール,outside-10k
リーダ,outside-10k
文具,outside-10k
不一致,outside-10k
満面,outside-10k
合える,outside-10k
一対一,outside-10k
タイアップ,outside-10k
来春,outside-10k
誇示,outside-10k
グリム,outside-10k
をもちまして,outside-10k
転々,outside-10k
流産,outside-10k
稜,outside-10k
小包,outside-10k
すれ違っ,outside-10k
聴講,outside-10k
かんがえ,outside-10k
中道,outside-10k
減収,outside-10k
アバウト,outside-10k
手取り,outside-10k
デバッグ,outside-10k
侵食,outside-10k
境目,outside-10k
放た,outside-10k
歩兵,outside-10k
バーコード,outside-10k
おおい,outside-10k
ヒカル,outside-10k
振り分け,outside-10k
カートリッジ,outside-10k
外せ,outside-10k
荘厳,outside-10k
窒息,outside-10k
ぴあ,outside-10k
光沢,outside-10k
るい,outside-10k
駆け込み,outside-10k
ビヤ,outside-10k
家々,outside-10k
キライ,outside-10k
唐沢,outside-10k
邪気,outside-10k
笠,outside-10k
防げ,outside-10k
にんじん,outside-10k
列強,outside-10k
延々,outside-10k
見張り,outside-10k
滋,outside-10k
差し控え,outside-10k
ベートーベン,outside-10k
つかう,outside-10k
帰途,outside-10k
排,outside-10k
ファール,outside-10k
食らっ,outside-10k
置物,outside-10k
ブラウス,outside-10k
三味線,outside-10k
ベージュ,outside-10k
生々しい,outside-10k
飲,outside-10k
春先,outside-10k
浜崎,outside-10k
毒素,outside-10k
折れる,outside-10k
陲,outside-10k
糸口,outside-10k
赴く,outside-10k
都民,outside-10k
フアン,outside-10k
締める,outside-10k
たくましく,outside-10k
仕込ん,outside-10k
理恵,outside-10k
ライフル,outside-10k
ハードボイルド,outside-10k
すう,outside-10k
ずみ,outside-10k
ふらっと,outside-10k
シラー,outside-10k
ブリュッセル,outside-10k
筋書き,outside-10k
打ち出す,outside-10k
うい,outside-10k
過誤,outside-10k
花壇,outside-10k
渡瀬,outside-10k
松島,outside-10k
蹴,outside-10k
あぶない,outside-10k
上書き,outside-10k
頭金,outside-10k
決闘,outside-10k
内山,outside-10k
マラリア,outside-10k
かけれ,outside-10k
牡,outside-10k
みるみる,outside-10k
転校,outside-10k
両院,outside-10k
浸かっ,outside-10k
日比谷,outside-10k
おのおの,outside-10k
隕,outside-10k
体臭,outside-10k
ロボ,outside-10k
コブ,outside-10k
黒木,outside-10k
感じ取っ,outside-10k
神保町,outside-10k
園児,outside-10k
宇治,outside-10k
水原,outside-10k
このあいだ,outside-10k
伊勢丹,outside-10k
私服,outside-10k
底辺,outside-10k
酔,outside-10k
休館,outside-10k
手放す,outside-10k
組み換え,outside-10k
あらわれる,outside-10k
でき上がっ,outside-10k
コープ,outside-10k
姐さん,outside-10k
ワープ,outside-10k
退化,outside-10k
とどめる,outside-10k
ナット,outside-10k
赤信号,outside-10k
ちっちゃい,outside-10k
奥深く,outside-10k
啓示,outside-10k
ワンコ,outside-10k
ポル,outside-10k
官公庁,outside-10k
パラドックス,outside-10k
ラウ,outside-10k
エキストラ,outside-10k
甲府,outside-10k
紙上,outside-10k
小心,outside-10k
割り当てる,outside-10k
表わす,outside-10k
インド洋,outside-10k
大沢,outside-10k
縣,outside-10k
吸血鬼,outside-10k
梅雨入り,outside-10k
ボイコット,outside-10k
リッター,outside-10k
素振り,outside-10k
信心,outside-10k
点火,outside-10k
総連,outside-10k
付さ,outside-10k
眼前,outside-10k
通気,outside-10k
太朗,outside-10k
後場,outside-10k
思い起こさ,outside-10k
安上がり,outside-10k
尾道,outside-10k
割り込み,outside-10k
甚大,outside-10k
与謝野,outside-10k
大中,outside-10k
学区,outside-10k
習,outside-10k
小口,outside-10k
とたんに,outside-10k
命じる,outside-10k
けしからん,outside-10k
わさび,outside-10k
片足,outside-10k
連戦,outside-10k
勝ち負け,outside-10k
拘ら,outside-10k
堀内,outside-10k
パートタイム,outside-10k
遂げる,outside-10k
試案,outside-10k
はしご,outside-10k
気絶,outside-10k
漁民,outside-10k
遺棄,outside-10k
楕円,outside-10k
オモチャ,outside-10k
華氏,outside-10k
店名,outside-10k
ポーチ,outside-10k
行政府,outside-10k
島々,outside-10k
そのほか,outside-10k
二世,outside-10k
しまいに,outside-10k
招致,outside-10k
カトリーナ,outside-10k
したたか,outside-10k
住宅金融公庫,outside-10k
駅舎,outside-10k
慎,outside-10k
馨,outside-10k
サッパリ,outside-10k
寝込ん,outside-10k
ジャスト,outside-10k
ほり,outside-10k
筒井,outside-10k
おわび,outside-10k
戴い,outside-10k
気が付き,outside-10k
コーポレーション,outside-10k
文字どおり,outside-10k
サテライト,outside-10k
パンパン,outside-10k
キタ,outside-10k
アトランタ,outside-10k
帳票,outside-10k
入館,outside-10k
打球,outside-10k
そうとう,outside-10k
一過,outside-10k
直送,outside-10k
合金,outside-10k
のばす,outside-10k
訊ね,outside-10k
ままならない,outside-10k
年賀,outside-10k
激痛,outside-10k
ホーチミン,outside-10k
もみじ,outside-10k
川淵,outside-10k
堅く,outside-10k
非情,outside-10k
語録,outside-10k
ラブラブ,outside-10k
フレンド,outside-10k
セガ,outside-10k
遒,outside-10k
美肌,outside-10k
手打ち,outside-10k
パノラマ,outside-10k
スムース,outside-10k
抜け出す,outside-10k
取り扱わ,outside-10k
スモール,outside-10k
賄賂,outside-10k
なぜだか,outside-10k
全盛,outside-10k
通年,outside-10k
監察,outside-10k
しがらみ,outside-10k
コミカル,outside-10k
訳語,outside-10k
戸塚,outside-10k
ぬる,outside-10k
冗長,outside-10k
侶,outside-10k
奏,outside-10k
奇蹟,outside-10k
引当,outside-10k
くす,outside-10k
日に日に,outside-10k
折々,outside-10k
にこやか,outside-10k
入選,outside-10k
東野,outside-10k
絵日記,outside-10k
一句,outside-10k
マネックス,outside-10k
茶道,outside-10k
行く末,outside-10k
替,outside-10k
黙認,outside-10k
語ろ,outside-10k
こすり,outside-10k
デヴィッド,outside-10k
真冬,outside-10k
弦楽器,outside-10k
本多,outside-10k
コメディー,outside-10k
源氏物語,outside-10k
節度,outside-10k
様子見,outside-10k
山羊,outside-10k
岩城,outside-10k
三次元,outside-10k
驚嘆,outside-10k
ジプシー,outside-10k
サイモン,outside-10k
メルボルン,outside-10k
破ら,outside-10k
遊ぼ,outside-10k
ドラマチック,outside-10k
まけ,outside-10k
袴,outside-10k
てつ,outside-10k
あくび,outside-10k
銘,outside-10k
トモ,outside-10k
ぜんぶ,outside-10k
詰まり,outside-10k
承継,outside-10k
ルワンダ,outside-10k
色とりどり,outside-10k
チャリティー,outside-10k
里親,outside-10k
古事記,outside-10k
気体,outside-10k
いつの間に,outside-10k
がっちり,outside-10k
作為,outside-10k
止ん,outside-10k
集っ,outside-10k
凧,outside-10k
フォーマル,outside-10k
役立てる,outside-10k
マッカーサー,outside-10k
リュウ,outside-10k
湖畔,outside-10k
大泉,outside-10k
撮ろ,outside-10k
生保,outside-10k
吉野家,outside-10k
ホコリ,outside-10k
防げる,outside-10k
ないがしろ,outside-10k
特選,outside-10k
教わる,outside-10k
切迫,outside-10k
セールスマン,outside-10k
中佐,outside-10k
即効,outside-10k
やわらかく,outside-10k
拘留,outside-10k
スーパースター,outside-10k
ケール,outside-10k
和尚,outside-10k
プロジェクター,outside-10k
体罰,outside-10k
泳,outside-10k
りか,outside-10k
読本,outside-10k
いたさ,outside-10k
追い込み,outside-10k
ブランコ,outside-10k
濃密,outside-10k
しそう,outside-10k
お呼び,outside-10k
負え,outside-10k
預かる,outside-10k
北山,outside-10k
粗末,outside-10k
太古,outside-10k
学界,outside-10k
持ち越し,outside-10k
ロッド,outside-10k
チャペル,outside-10k
ブロッコリー,outside-10k
販売元,outside-10k
拝借,outside-10k
付記,outside-10k
漸く,outside-10k
外科医,outside-10k
キャンディ,outside-10k
来季,outside-10k
下がら,outside-10k
まぶし,outside-10k
衣裳,outside-10k
忠雄,outside-10k
却って,outside-10k
悪事,outside-10k
武将,outside-10k
かをり,outside-10k
企て,outside-10k
條,outside-10k
軽度,outside-10k
叱る,outside-10k
めくる,outside-10k
修飾,outside-10k
テレ朝,outside-10k
チワワ,outside-10k
センテンス,outside-10k
幾らか,outside-10k
こけ,outside-10k
ジェイムズ,outside-10k
横暴,outside-10k
屍,outside-10k
三省堂,outside-10k
讃岐,outside-10k
がっくり,outside-10k
こつこつ,outside-10k
ヒグマ,outside-10k
不吉,outside-10k
花田,outside-10k
英治,outside-10k
留まら,outside-10k
後ろ姿,outside-10k
赤軍,outside-10k
古屋,outside-10k
あったかい,outside-10k
トッピング,outside-10k
しがみつい,outside-10k
線香,outside-10k
丘陵,outside-10k
藝,outside-10k
衛門,outside-10k
壕,outside-10k
レーサー,outside-10k
すばらしく,outside-10k
裁く,outside-10k
刹那,outside-10k
入隊,outside-10k
植える,outside-10k
曲名,outside-10k
タリバン,outside-10k
やらさ,outside-10k
九州大学,outside-10k
シーボルト,outside-10k
拝読,outside-10k
顔見知り,outside-10k
うき,outside-10k
インスリン,outside-10k
使いこなし,outside-10k
捕手,outside-10k
物語る,outside-10k
親身,outside-10k
灰皿,outside-10k
低速,outside-10k
平塚,outside-10k
干拓,outside-10k
原書,outside-10k
述語,outside-10k
フーコー,outside-10k
学派,outside-10k
総務庁,outside-10k
遠出,outside-10k
ハノイ,outside-10k
あみ,outside-10k
汎,outside-10k
吟醸,outside-10k
可愛かっ,outside-10k
儲から,outside-10k
鼻血,outside-10k
我が身,outside-10k
かじっ,outside-10k
長身,outside-10k
雨天,outside-10k
もとめ,outside-10k
コンスタント,outside-10k
サマータイム,outside-10k
歯磨き,outside-10k
万歳,outside-10k
オスロ,outside-10k
チームメイト,outside-10k
かわ,outside-10k
膨らむ,outside-10k
微量,outside-10k
梱,outside-10k
寝起き,outside-10k
ュ,outside-10k
焼き肉,outside-10k
ペソ,outside-10k
本筋,outside-10k
段々と,outside-10k
旧暦,outside-10k
光子,outside-10k
セラピスト,outside-10k
室町,outside-10k
女装,outside-10k
くつ,outside-10k
ゆがみ,outside-10k
さぼっ,outside-10k
オンパレード,outside-10k
百合,outside-10k
風化,outside-10k
真上,outside-10k
ツー,outside-10k
ビッグバン,outside-10k
間柄,outside-10k
睡魔,outside-10k
フィッシャー,outside-10k
人出,outside-10k
斉,outside-10k
高円寺,outside-10k
さびしい,outside-10k
領海,outside-10k
節税,outside-10k
ガラス張り,outside-10k
怒鳴り,outside-10k
役柄,outside-10k
うたわ,outside-10k
初出,outside-10k
ハムレット,outside-10k
収奪,outside-10k
エマ,outside-10k
エキサイティング,outside-10k
わいわい,outside-10k
貯める,outside-10k
亡霊,outside-10k
輝度,outside-10k
水源,outside-10k
拒ん,outside-10k
アガ,outside-10k
白井,outside-10k
振り回し,outside-10k
均質,outside-10k
嫌がっ,outside-10k
蛇口,outside-10k
不眠,outside-10k
多目的,outside-10k
干潟,outside-10k
通夜,outside-10k
飛べ,outside-10k
厳,outside-10k
領有,outside-10k
ハロー,outside-10k
不健康,outside-10k
算入,outside-10k
失速,outside-10k
鼠,outside-10k
序曲,outside-10k
神経症,outside-10k
ゾ,outside-10k
ダヴィンチ,outside-10k
オバサン,outside-10k
つきもの,outside-10k
公取委,outside-10k
無印,outside-10k
筑摩書房,outside-10k
眼球,outside-10k
キリシタン,outside-10k
コンテクスト,outside-10k
ベンダ,outside-10k
正す,outside-10k
斧,outside-10k
預託,outside-10k
退役,outside-10k
枝豆,outside-10k
順子,outside-10k
微か,outside-10k
位置づける,outside-10k
ひさ,outside-10k
座布団,outside-10k
堀田,outside-10k
観樹,outside-10k
切り札,outside-10k
調合,outside-10k
伯母,outside-10k
得策,outside-10k
お姫様,outside-10k
脱毛,outside-10k
普天間,outside-10k
ひろみ,outside-10k
撮れる,outside-10k
生まれ変わり,outside-10k
強弱,outside-10k
ずるい,outside-10k
成否,outside-10k
梨花,outside-10k
トランザクション,outside-10k
即応,outside-10k
嗅覚,outside-10k
まんまと,outside-10k
かたわら,outside-10k
サファリ,outside-10k
淑,outside-10k
哺乳類,outside-10k
たけし,outside-10k
離散,outside-10k
陣痛,outside-10k
イット,outside-10k
瞬く,outside-10k
追究,outside-10k
勾配,outside-10k
ファウル,outside-10k
なんど,outside-10k
吹き抜け,outside-10k
南大沢,outside-10k
先見,outside-10k
飯塚,outside-10k
ほこり,outside-10k
騎,outside-10k
鼎,outside-10k
教職,outside-10k
とつ,outside-10k
ちや,outside-10k
分っ,outside-10k
ひしひし,outside-10k
とすれば,outside-10k
サンディエゴ,outside-10k
おじゃま,outside-10k
逝去,outside-10k
開き直っ,outside-10k
現す,outside-10k
絡み合っ,outside-10k
逸し,outside-10k
はしゃい,outside-10k
営農,outside-10k
素養,outside-10k
宿る,outside-10k
印税,outside-10k
白川,outside-10k
語りかける,outside-10k
ロウ,outside-10k
亙,outside-10k
脚色,outside-10k
功労,outside-10k
バルク,outside-10k
脅かし,outside-10k
熱き,outside-10k
神崎,outside-10k
べつ,outside-10k
なかれ,outside-10k
鮗,outside-10k
じまい,outside-10k
閣下,outside-10k
亨,outside-10k
借入,outside-10k
はぐ,outside-10k
総理府,outside-10k
わーい,outside-10k
めでたい,outside-10k
考え込ん,outside-10k
（社）,outside-10k
シューマン,outside-10k
股間,outside-10k
くたびれ,outside-10k
カセットテープ,outside-10k
忘れ去ら,outside-10k
今世紀,outside-10k
よろしかっ,outside-10k
たんぱく質,outside-10k
ゆい,outside-10k
稲荷,outside-10k
訊く,outside-10k
なんぼ,outside-10k
胡錦涛,outside-10k
貯まり,outside-10k
号外,outside-10k
蚕,outside-10k
踵,outside-10k
一苦労,outside-10k
中嶋,outside-10k
痛ん,outside-10k
支柱,outside-10k
失墜,outside-10k
木馬,outside-10k
仕える,outside-10k
クレイ,outside-10k
見合わせ,outside-10k
大御所,outside-10k
はるかに,outside-10k
パーキング,outside-10k
乗員,outside-10k
那須,outside-10k
ムハンマド,outside-10k
アロー,outside-10k
サイパン,outside-10k
陥落,outside-10k
ベビーカー,outside-10k
からみ,outside-10k
カク,outside-10k
法政大学,outside-10k
閉める,outside-10k
厳守,outside-10k
割れる,outside-10k
スカイプ,outside-10k
コペンハーゲン,outside-10k
ウルグアイ,outside-10k
あせっ,outside-10k
古都,outside-10k
ウォルター,outside-10k
西岸,outside-10k
拒む,outside-10k
切り開い,outside-10k
膨らみ,outside-10k
看,outside-10k
戦法,outside-10k
目白押し,outside-10k
適量,outside-10k
美穂,outside-10k
大阪大学,outside-10k
辟易,outside-10k
おおらか,outside-10k
序章,outside-10k
策略,outside-10k
明かす,outside-10k
冷酷,outside-10k
正真正銘,outside-10k
感慨深い,outside-10k
文責,outside-10k
天上,outside-10k
称え,outside-10k
大神,outside-10k
ハッスル,outside-10k
座り込み,outside-10k
乗じ,outside-10k
クラリネット,outside-10k
発育,outside-10k
ウィンドウズ,outside-10k
淡路島,outside-10k
イアン,outside-10k
勿体,outside-10k
落し,outside-10k
しわ寄せ,outside-10k
尤も,outside-10k
上向き,outside-10k
敏夫,outside-10k
ルーカス,outside-10k
カツオ,outside-10k
パナマ,outside-10k
俄然,outside-10k
カップリング,outside-10k
いっぽう,outside-10k
デコ,outside-10k
変色,outside-10k
民宿,outside-10k
一派,outside-10k
成す,outside-10k
むし,outside-10k
英一,outside-10k
飛び交っ,outside-10k
フォア,outside-10k
なぎ,outside-10k
静的,outside-10k
解か,outside-10k
ダイバー,outside-10k
ソグヤム,outside-10k
類推,outside-10k
口径,outside-10k
中型,outside-10k
ロッジ,outside-10k
便益,outside-10k
澪,outside-10k
喧騒,outside-10k
ヴァージョン,outside-10k
原住民,outside-10k
逃げよ,outside-10k
掴め,outside-10k
酷く,outside-10k
ポインタ,outside-10k
カシ,outside-10k
プラモデル,outside-10k
バイオテクノロジー,outside-10k
没落,outside-10k
引きずり,outside-10k
願え,outside-10k
費やさ,outside-10k
諫,outside-10k
ハッキング,outside-10k
自習,outside-10k
大腸,outside-10k
経る,outside-10k
叙述,outside-10k
投げつけ,outside-10k
プルトニウム,outside-10k
えと,outside-10k
マテラッツィ,outside-10k
大別,outside-10k
悪臭,outside-10k
音域,outside-10k
美しき,outside-10k
帰郷,outside-10k
ジャガー,outside-10k
男爵,outside-10k
すくなくとも,outside-10k
手応え,outside-10k
号館,outside-10k
埋め込ま,outside-10k
ハーバード大,outside-10k
妻子,outside-10k
萎え,outside-10k
アンチキルケ,outside-10k
見本市,outside-10k
注力,outside-10k
めっきり,outside-10k
大忙し,outside-10k
ジュリア,outside-10k
サンゴ,outside-10k
引っ越す,outside-10k
上訴,outside-10k
晩酌,outside-10k
ノリノリ,outside-10k
バザー,outside-10k
助け合い,outside-10k
クレー,outside-10k
マドンナ,outside-10k
はたらく,outside-10k
筑波大学,outside-10k
宮川,outside-10k
凝視,outside-10k
山積,outside-10k
ひっかかる,outside-10k
ジェスチャー,outside-10k
河川敷,outside-10k
金本,outside-10k
ドラマー,outside-10k
老夫婦,outside-10k
スクラップ,outside-10k
省く,outside-10k
一休み,outside-10k
英知,outside-10k
弾薬,outside-10k
つらつら,outside-10k
法理,outside-10k
見付け,outside-10k
下段,outside-10k
喬,outside-10k
出汁,outside-10k
前代未聞,outside-10k
どんより,outside-10k
右往左往,outside-10k
示せ,outside-10k
軽率,outside-10k
幕開け,outside-10k
サクセス,outside-10k
おおきな,outside-10k
紺,outside-10k
隔たり,outside-10k
のき,outside-10k
野手,outside-10k
よぅ,outside-10k
転じる,outside-10k
煩雑,outside-10k
つきあう,outside-10k
マンモス,outside-10k
フォローアップ,outside-10k
移り変わり,outside-10k
婿,outside-10k
苦言,outside-10k
ロスト,outside-10k
何卒,outside-10k
栄養士,outside-10k
ゆっくりと,outside-10k
なじま,outside-10k
新風,outside-10k
弱小,outside-10k
揺らぎ,outside-10k
ウール,outside-10k
ちっぽけ,outside-10k
背広,outside-10k
愛護,outside-10k
訊か,outside-10k
見張る,outside-10k
宣誓,outside-10k
流山,outside-10k
武富士,outside-10k
せしめ,outside-10k
態,outside-10k
保温,outside-10k
兄妹,outside-10k
還付,outside-10k
野放し,outside-10k
ひよこ,outside-10k
ラオ,outside-10k
小節,outside-10k
中頃,outside-10k
敢行,outside-10k
放ち,outside-10k
エスプレッソ,outside-10k
召し,outside-10k
収監,outside-10k
心意気,outside-10k
調べれ,outside-10k
ブラックホール,outside-10k
階下,outside-10k
悪名,outside-10k
督促,outside-10k
ルーニー,outside-10k
童謡,outside-10k
桟橋,outside-10k
隠居,outside-10k
本町,outside-10k
洗面所,outside-10k
たより,outside-10k
赤旗,outside-10k
見つけ出し,outside-10k
逆戻り,outside-10k
諺,outside-10k
立て直し,outside-10k
舵,outside-10k
矢田,outside-10k
スジ,outside-10k
見積もっ,outside-10k
土産物,outside-10k
平岡,outside-10k
乏しく,outside-10k
調布,outside-10k
紆余曲折,outside-10k
バンダイ,outside-10k
アワー,outside-10k
似合い,outside-10k
はるばる,outside-10k
最たる,outside-10k
下りる,outside-10k
ずら,outside-10k
自炊,outside-10k
ハードカバー,outside-10k
アンダルシア,outside-10k
ニューズ,outside-10k
励ます,outside-10k
殴る,outside-10k
人殺し,outside-10k
笠井,outside-10k
継,outside-10k
あおい,outside-10k
賭博,outside-10k
風格,outside-10k
づい,outside-10k
微笑ましい,outside-10k
順当,outside-10k
自意識,outside-10k
狂言,outside-10k
克,outside-10k
骨盤,outside-10k
楊,outside-10k
もてなし,outside-10k
戦え,outside-10k
牧草,outside-10k
曾,outside-10k
散布,outside-10k
餓死,outside-10k
畜,outside-10k
またがる,outside-10k
パッカー,outside-10k
着弾,outside-10k
コンピューティング,outside-10k
鴨川,outside-10k
アンジェラ,outside-10k
ディジタル,outside-10k
見いだし,outside-10k
セリ,outside-10k
命日,outside-10k
習い事,outside-10k
切れ目,outside-10k
卸売り,outside-10k
捕,outside-10k
返り,outside-10k
解凍,outside-10k
緩ん,outside-10k
緯度,outside-10k
ヴェネツィア,outside-10k
木の葉,outside-10k
アイランド,outside-10k
奥深い,outside-10k
最盛,outside-10k
溶け込ん,outside-10k
自賛,outside-10k
勤続,outside-10k
回廊,outside-10k
同列,outside-10k
マッハ,outside-10k
許認可,outside-10k
浩司,outside-10k
見栄,outside-10k
小町,outside-10k
夢にも,outside-10k
鈍化,outside-10k
安っぽい,outside-10k
横切っ,outside-10k
ストラクチャ,outside-10k
食管,outside-10k
リビア,outside-10k
伺え,outside-10k
国防省,outside-10k
チェン,outside-10k
指南,outside-10k
飛来,outside-10k
脂質,outside-10k
集荷,outside-10k
シュウ,outside-10k
フランシス,outside-10k
下限,outside-10k
雑穀,outside-10k
最上階,outside-10k
弱め,outside-10k
マカオ,outside-10k
震源,outside-10k
動ける,outside-10k
キロワット,outside-10k
元凶,outside-10k
作図,outside-10k
じき,outside-10k
暗証,outside-10k
非道,outside-10k
マチ,outside-10k
クーリングオフ,outside-10k
龍一,outside-10k
威圧,outside-10k
トラクター,outside-10k
譲,outside-10k
未亡人,outside-10k
気持ちよ,outside-10k
バフェット,outside-10k
もどり,outside-10k
附則,outside-10k
氷山,outside-10k
蹴る,outside-10k
建て替え,outside-10k
額面,outside-10k
大金持ち,outside-10k
補填,outside-10k
ルソー,outside-10k
修羅場,outside-10k
鍛錬,outside-10k
末裔,outside-10k
はじけ,outside-10k
穴埋め,outside-10k
往年,outside-10k
長方形,outside-10k
一極,outside-10k
ささげ,outside-10k
スティーヴン,outside-10k
パーソナリティ,outside-10k
大仏,outside-10k
山根,outside-10k
逆手,outside-10k
荷重,outside-10k
誤報,outside-10k
和やか,outside-10k
常勤,outside-10k
許せる,outside-10k
イワシ,outside-10k
ふくめ,outside-10k
無頓着,outside-10k
退団,outside-10k
格好いい,outside-10k
しゃれ,outside-10k
てっぺん,outside-10k
歌える,outside-10k
キャラクタ,outside-10k
掘る,outside-10k
秘話,outside-10k
ドナルド,outside-10k
読破,outside-10k
オッケー,outside-10k
訛り,outside-10k
重ねて,outside-10k
悪霊,outside-10k
バラック,outside-10k
怪しく,outside-10k
号室,outside-10k
自由自在,outside-10k
他所,outside-10k
ルース,outside-10k
乗っかっ,outside-10k
凸,outside-10k
浩一,outside-10k
突進,outside-10k
麟,outside-10k
しむ,outside-10k
ブローカー,outside-10k
性差,outside-10k
螺旋,outside-10k
ささい,outside-10k
叶える,outside-10k
カルメン,outside-10k
性交,outside-10k
邑,outside-10k
ゆえん,outside-10k
肛門,outside-10k
巡査,outside-10k
強いて,outside-10k
モデルチェンジ,outside-10k
法務局,outside-10k
溶解,outside-10k
ぐちゃぐちゃ,outside-10k
進撃,outside-10k
ロビンソン,outside-10k
全学,outside-10k
遭わ,outside-10k
過多,outside-10k
漢和,outside-10k
ゴスペル,outside-10k
説き,outside-10k
酒類,outside-10k
養っ,outside-10k
そそら,outside-10k
挙げ句,outside-10k
絡ま,outside-10k
侵さ,outside-10k
コイズミ,outside-10k
容れ,outside-10k
漢方薬,outside-10k
やぎ,outside-10k
下田,outside-10k
メーデー,outside-10k
アルバニア,outside-10k
ホピ,outside-10k
佐世保,outside-10k
まばら,outside-10k
傍点,outside-10k
凝り,outside-10k
モニュメント,outside-10k
湯船,outside-10k
失せ,outside-10k
旅立つ,outside-10k
必ずや,outside-10k
添,outside-10k
噛ま,outside-10k
掲,outside-10k
詩篇,outside-10k
乗ろ,outside-10k
潤い,outside-10k
大急ぎ,outside-10k
鉱石,outside-10k
貧,outside-10k
黒幕,outside-10k
六甲,outside-10k
アーモンド,outside-10k
トゲ,outside-10k
急進,outside-10k
受諾,outside-10k
はじ,outside-10k
査,outside-10k
磯崎,outside-10k
神仏,outside-10k
知力,outside-10k
着メロ,outside-10k
強まり,outside-10k
民兵,outside-10k
あっけなく,outside-10k
切れ味,outside-10k
巻き起こし,outside-10k
無表情,outside-10k
伺わ,outside-10k
パイナップル,outside-10k
ブラウザー,outside-10k
キブツ,outside-10k
評定,outside-10k
訳文,outside-10k
シュガー,outside-10k
散見,outside-10k
和英,outside-10k
はみ出し,outside-10k
見下ろし,outside-10k
ジェット機,outside-10k
散り,outside-10k
季刊,outside-10k
常備,outside-10k
親孝行,outside-10k
イロイロ,outside-10k
長持ち,outside-10k
きの,outside-10k
旅立っ,outside-10k
促さ,outside-10k
覿,outside-10k
小室,outside-10k
結露,outside-10k
屋根裏,outside-10k
開口,outside-10k
リーマン,outside-10k
とんでもなく,outside-10k
触り,outside-10k
ウォッチング,outside-10k
増やせ,outside-10k
唯物,outside-10k
甘んじ,outside-10k
内海,outside-10k
合板,outside-10k
コンテキスト,outside-10k
プレジデント,outside-10k
背負い,outside-10k
彩り,outside-10k
今宵,outside-10k
ャ,outside-10k
補てん,outside-10k
データ通信,outside-10k
小中学生,outside-10k
レスラー,outside-10k
午,outside-10k
初動,outside-10k
心待ち,outside-10k
さかのぼる,outside-10k
拍,outside-10k
長居,outside-10k
シャーロック,outside-10k
短篇,outside-10k
受け取れ,outside-10k
治水,outside-10k
乗り遅れ,outside-10k
小原,outside-10k
多方面,outside-10k
慣用,outside-10k
しな,outside-10k
肥後,outside-10k
スバル,outside-10k
アンゴラ,outside-10k
漁村,outside-10k
論証,outside-10k
上杉,outside-10k
生き延びる,outside-10k
見なす,outside-10k
表れる,outside-10k
防衛施設庁,outside-10k
相対性理論,outside-10k
いけれ,outside-10k
北方領土,outside-10k
大義,outside-10k
カブト,outside-10k
大河ドラマ,outside-10k
ミキサー,outside-10k
團,outside-10k
しゃべれ,outside-10k
見せ場,outside-10k
扇動,outside-10k
ぬい,outside-10k
縦断,outside-10k
ワークステーション,outside-10k
月頃,outside-10k
手品,outside-10k
玉川,outside-10k
番長,outside-10k
うの,outside-10k
銀行員,outside-10k
ふむふむ,outside-10k
ポリエステル,outside-10k
難聴,outside-10k
カラム,outside-10k
照準,outside-10k
オーウェン,outside-10k
おびえ,outside-10k
ジーパン,outside-10k
綴ら,outside-10k
渦中,outside-10k
吸,outside-10k
バーレーン,outside-10k
持ち帰る,outside-10k
グラスゴー,outside-10k
令状,outside-10k
成形,outside-10k
龍太郎,outside-10k
エタノール,outside-10k
相次ぎ,outside-10k
ぬっ,outside-10k
クレーン,outside-10k
あそび,outside-10k
シラス,outside-10k
激増,outside-10k
図ろ,outside-10k
生まれ変わる,outside-10k
ワンマン,outside-10k
うかがわ,outside-10k
小渕,outside-10k
メッカ,outside-10k
祝賀,outside-10k
霞ヶ関,outside-10k
鑑真,outside-10k
フィナーレ,outside-10k
怨念,outside-10k
練る,outside-10k
ホールディングス,outside-10k
倫,outside-10k
コンロ,outside-10k
スランプ,outside-10k
漕ぎ,outside-10k
健やか,outside-10k
面目,outside-10k
あーあ,outside-10k
殺せ,outside-10k
長州,outside-10k
人一倍,outside-10k
言い渡さ,outside-10k
ストックホルム,outside-10k
断続,outside-10k
ダミー,outside-10k
紀子,outside-10k
買い占め,outside-10k
情感,outside-10k
自制,outside-10k
タモリ,outside-10k
代官山,outside-10k
明るみ,outside-10k
ナギ,outside-10k
逆境,outside-10k
ダグラス,outside-10k
数種類,outside-10k
入部,outside-10k
腕前,outside-10k
考え出し,outside-10k
資生堂,outside-10k
住め,outside-10k
バスト,outside-10k
高学歴,outside-10k
ストッキング,outside-10k
内乱,outside-10k
軍縮,outside-10k
版権,outside-10k
微笑む,outside-10k
棋士,outside-10k
聞かせ,outside-10k
括り,outside-10k
デベロッパー,outside-10k
ゴードン,outside-10k
弾み,outside-10k
瓜,outside-10k
同質,outside-10k
またがっ,outside-10k
スズメ,outside-10k
間違う,outside-10k
サキ,outside-10k
参道,outside-10k
香織,outside-10k
逃げ出す,outside-10k
ともすれば,outside-10k
上々,outside-10k
湯気,outside-10k
ロマンティック,outside-10k
北大,outside-10k
起草,outside-10k
聖域,outside-10k
ネオン,outside-10k
ルーブル,outside-10k
プロセッサー,outside-10k
しのぶ,outside-10k
力強,outside-10k
すっぽり,outside-10k
脳波,outside-10k
公金,outside-10k
三上,outside-10k
あらす,outside-10k
撃墜,outside-10k
見開き,outside-10k
よば,outside-10k
政調,outside-10k
藏,outside-10k
起債,outside-10k
大義名分,outside-10k
湯浅,outside-10k
送り込ん,outside-10k
合作,outside-10k
ディ,outside-10k
現実味,outside-10k
ブナ,outside-10k
切望,outside-10k
ブログペット,outside-10k
原産,outside-10k
採ら,outside-10k
布陣,outside-10k
ウィル,outside-10k
覇者,outside-10k
御用達,outside-10k
極悪,outside-10k
カッター,outside-10k
行き詰まっ,outside-10k
アザラシ,outside-10k
追い風,outside-10k
知らせる,outside-10k
カエ,outside-10k
美月,outside-10k
善人,outside-10k
纏め,outside-10k
刺,outside-10k
心霊,outside-10k
つらかっ,outside-10k
生まれながら,outside-10k
投げ出し,outside-10k
済まさ,outside-10k
アロン,outside-10k
エッグ,outside-10k
楠,outside-10k
望ましく,outside-10k
浮かび上がる,outside-10k
熾烈,outside-10k
銘じ,outside-10k
朝廷,outside-10k
髄,outside-10k
褒める,outside-10k
保守党,outside-10k
不可分,outside-10k
山林,outside-10k
ガリシア,outside-10k
手荷物,outside-10k
リサ,outside-10k
専制,outside-10k
塩味,outside-10k
せき,outside-10k
アウトライン,outside-10k
マザーズ,outside-10k
ウェット,outside-10k
マスコット,outside-10k
魯,outside-10k
識,outside-10k
所轄,outside-10k
暮らせ,outside-10k
四苦八苦,outside-10k
今般,outside-10k
グルジア,outside-10k
アーキテクト,outside-10k
ジョセフ,outside-10k
享年,outside-10k
海鮮,outside-10k
受け身,outside-10k
フェチ,outside-10k
ひと月,outside-10k
碧,outside-10k
ともし,outside-10k
家路,outside-10k
弾劾,outside-10k
園長,outside-10k
ソーダ,outside-10k
上川,outside-10k
プロペラ,outside-10k
スカーフ,outside-10k
深まり,outside-10k
入り込み,outside-10k
ちりばめ,outside-10k
前髪,outside-10k
宮古,outside-10k
汗だく,outside-10k
江東,outside-10k
薄っぺら,outside-10k
差し込ん,outside-10k
レジスタンス,outside-10k
殺意,outside-10k
馴染ん,outside-10k
ウワサ,outside-10k
菩薩,outside-10k
振り向い,outside-10k
イネ,outside-10k
テーゼ,outside-10k
たどり着き,outside-10k
対向,outside-10k
使者,outside-10k
ゴハン,outside-10k
効き目,outside-10k
集金,outside-10k
魚屋,outside-10k
おもてなし,outside-10k
奥村,outside-10k
トコロ,outside-10k
やくざ,outside-10k
社宅,outside-10k
把,outside-10k
柔,outside-10k
申出,outside-10k
時分,outside-10k
残せ,outside-10k
新種,outside-10k
仰向け,outside-10k
座れ,outside-10k
リスペクト,outside-10k
牢,outside-10k
ソムリエ,outside-10k
今岡,outside-10k
智恵,outside-10k
連関,outside-10k
ストーンズ,outside-10k
熟年,outside-10k
手だて,outside-10k
所為,outside-10k
からめ,outside-10k
熟し,outside-10k
皮切り,outside-10k
廃絶,outside-10k
オホーツク,outside-10k
福原,outside-10k
モーテル,outside-10k
ラッパ,outside-10k
梗塞,outside-10k
葬,outside-10k
電器,outside-10k
スタンバイ,outside-10k
総力,outside-10k
暴挙,outside-10k
引ける,outside-10k
くしゃみ,outside-10k
天安門,outside-10k
落着,outside-10k
挙手,outside-10k
ウエディング,outside-10k
フローリング,outside-10k
水位,outside-10k
険しい,outside-10k
謳っ,outside-10k
グリス,outside-10k
土方,outside-10k
半信半疑,outside-10k
ドゥ,outside-10k
光明,outside-10k
ピリオド,outside-10k
没後,outside-10k
豊臣,outside-10k
確執,outside-10k
重んじる,outside-10k
埋没,outside-10k
空売り,outside-10k
指さし,outside-10k
ソフィー,outside-10k
絞め,outside-10k
オンエア,outside-10k
情況,outside-10k
弾か,outside-10k
想っ,outside-10k
万葉集,outside-10k
ハング,outside-10k
ほうが,outside-10k
東郷,outside-10k
裾野,outside-10k
論ずる,outside-10k
不用意,outside-10k
気迫,outside-10k
祭日,outside-10k
どき,outside-10k
吉原,outside-10k
デラックス,outside-10k
王族,outside-10k
エジンバラ,outside-10k
諮り,outside-10k
鎮痛,outside-10k
フォール,outside-10k
ソーシャル,outside-10k
巌,outside-10k
みづほ,outside-10k
読み返す,outside-10k
最早,outside-10k
通関,outside-10k
瑕疵,outside-10k
公取,outside-10k
奔放,outside-10k
摂る,outside-10k
でっち上げ,outside-10k
盗用,outside-10k
飛翔,outside-10k
同額,outside-10k
完敗,outside-10k
都庁,outside-10k
サラサラ,outside-10k
こなせる,outside-10k
童子,outside-10k
ハンガー,outside-10k
阪大,outside-10k
見出さ,outside-10k
ひじ,outside-10k
純子,outside-10k
ゴリラ,outside-10k
水量,outside-10k
王座,outside-10k
ペンション,outside-10k
ほろ,outside-10k
遊離,outside-10k
小津,outside-10k
中将,outside-10k
佐久間,outside-10k
漑,outside-10k
レイチェル,outside-10k
キャッチャー,outside-10k
彩色,outside-10k
直下,outside-10k
取り除き,outside-10k
言いなり,outside-10k
親類,outside-10k
詭弁,outside-10k
登頂,outside-10k
未練,outside-10k
訪朝,outside-10k
躍起,outside-10k
交戦,outside-10k
バール,outside-10k
持と,outside-10k
取り合い,outside-10k
カレン,outside-10k
おさまっ,outside-10k
手探り,outside-10k
重んじ,outside-10k
がんがん,outside-10k
起伏,outside-10k
磨か,outside-10k
真一,outside-10k
脂肪酸,outside-10k
飲み込ん,outside-10k
話し合わ,outside-10k
水没,outside-10k
父子,outside-10k
コーダ,outside-10k
無法,outside-10k
ほとり,outside-10k
自家用車,outside-10k
能登,outside-10k
チャーチル,outside-10k
うんぬん,outside-10k
ブツ,outside-10k
武夫,outside-10k
つぶっ,outside-10k
高周波,outside-10k
蔵元,outside-10k
掛け金,outside-10k
柏木,outside-10k
橋渡し,outside-10k
エディター,outside-10k
むかえ,outside-10k
自転,outside-10k
恐喝,outside-10k
含み損,outside-10k
ブログトップ,outside-10k
断罪,outside-10k
ひときわ,outside-10k
失脚,outside-10k
立ち向かっ,outside-10k
隠れる,outside-10k
予断,outside-10k
タチ,outside-10k
たどり,outside-10k
はっぴ,outside-10k
もやもや,outside-10k
みなとみらい,outside-10k
安泰,outside-10k
溜まり,outside-10k
筑紫,outside-10k
ジャケ,outside-10k
硫,outside-10k
エレメント,outside-10k
保身,outside-10k
与えよ,outside-10k
ひょう,outside-10k
おーい,outside-10k
返送,outside-10k
高見,outside-10k
後楽園,outside-10k
持ちかけ,outside-10k
すまん,outside-10k
神山,outside-10k
不覚,outside-10k
萌える,outside-10k
敷か,outside-10k
直角,outside-10k
とりとめ,outside-10k
義彦,outside-10k
近付い,outside-10k
アルバート,outside-10k
悲願,outside-10k
お年玉,outside-10k
豪勢,outside-10k
ダイナマイト,outside-10k
生かせる,outside-10k
筑波,outside-10k
ニコ,outside-10k
マント,outside-10k
嗣,outside-10k
遅らせ,outside-10k
テレサ,outside-10k
禁断,outside-10k
しぼり,outside-10k
掲揚,outside-10k
書き留め,outside-10k
通例,outside-10k
げっ,outside-10k
ペンダント,outside-10k
斬,outside-10k
恐れ入り,outside-10k
打楽器,outside-10k
打点,outside-10k
ブツブツ,outside-10k
破格,outside-10k
猟奇,outside-10k
今夏,outside-10k
ナイロン,outside-10k
キャバクラ,outside-10k
モータースポーツ,outside-10k
輙,outside-10k
フク,outside-10k
硝子,outside-10k
とりあえ,outside-10k
ゑ,outside-10k
ウォーズ,outside-10k
ハイレベル,outside-10k
宮田,outside-10k
鮃,outside-10k
読み込む,outside-10k
直通,outside-10k
忌避,outside-10k
クリスマスツリー,outside-10k
たのしい,outside-10k
県議,outside-10k
馬車馬,outside-10k
價,outside-10k
つかい,outside-10k
駄菓子,outside-10k
ステンドグラス,outside-10k
豹,outside-10k
一助,outside-10k
作中,outside-10k
しばかり,outside-10k
一雄,outside-10k
酒飲み,outside-10k
特攻,outside-10k
台東,outside-10k
山岸,outside-10k
僚,outside-10k
秘伝,outside-10k
インスタンス,outside-10k
変則,outside-10k
准,outside-10k
北島,outside-10k
嫌味,outside-10k
されど,outside-10k
ニクソン,outside-10k
明晰,outside-10k
リヒャルト,outside-10k
傷口,outside-10k
善処,outside-10k
急変,outside-10k
波乗り,outside-10k
溜息,outside-10k
時評,outside-10k
偏重,outside-10k
悪戦苦闘,outside-10k
多し,outside-10k
さらす,outside-10k
ハッシュ,outside-10k
本舗,outside-10k
デカルト,outside-10k
車輌,outside-10k
スクーター,outside-10k
分派,outside-10k
青龍,outside-10k
一所懸命,outside-10k
供する,outside-10k
インタヴュー,outside-10k
ポイ,outside-10k
ひねっ,outside-10k
ストール,outside-10k
裏方,outside-10k
栽,outside-10k
メーク,outside-10k
高槻,outside-10k
さわっ,outside-10k
切除,outside-10k
川内,outside-10k
大全,outside-10k
サボテン,outside-10k
ウィンブルドン,outside-10k
坪井,outside-10k
送検,outside-10k
ディスカバリー,outside-10k
勉学,outside-10k
分る,outside-10k
追いつく,outside-10k
右端,outside-10k
東京電力,outside-10k
ざら,outside-10k
公邸,outside-10k
ニス,outside-10k
威信,outside-10k
あおり,outside-10k
扱え,outside-10k
火花,outside-10k
刷り,outside-10k
結びつか,outside-10k
収まら,outside-10k
転がし,outside-10k
小惑星,outside-10k
じゅうぶん,outside-10k
成員,outside-10k
馬主,outside-10k
かおる,outside-10k
抗告,outside-10k
思いがけ,outside-10k
キメ,outside-10k
装甲,outside-10k
グノーシス,outside-10k
オークランド,outside-10k
振り出し,outside-10k
不評,outside-10k
松江,outside-10k
謙遜,outside-10k
ウォッチ,outside-10k
囲み,outside-10k
チャリティ,outside-10k
乗り換える,outside-10k
カドミウム,outside-10k
絡,outside-10k
たかだか,outside-10k
にとりまして,outside-10k
甲板,outside-10k
ロベルト,outside-10k
占う,outside-10k
ともない,outside-10k
さみしい,outside-10k
トルク,outside-10k
昼下がり,outside-10k
縫い,outside-10k
降臨,outside-10k
ニヤリ,outside-10k
笑い話,outside-10k
フロアー,outside-10k
物性,outside-10k
閑話休題,outside-10k
放牧,outside-10k
学研,outside-10k
まぶた,outside-10k
ジャンパー,outside-10k
整い,outside-10k
一戦,outside-10k
襲来,outside-10k
若かっ,outside-10k
狂う,outside-10k
肉親,outside-10k
たのしみ,outside-10k
めくり,outside-10k
混迷,outside-10k
裏庭,outside-10k
おとうさん,outside-10k
推敲,outside-10k
責,outside-10k
かわいかっ,outside-10k
物差し,outside-10k
ダイヤモンド社,outside-10k
マスタ,outside-10k
くりかえし,outside-10k
粛清,outside-10k
じゃれ,outside-10k
宜,outside-10k
ハシ,outside-10k
炎天下,outside-10k
真理子,outside-10k
このまま,outside-10k
イージー,outside-10k
ないしは,outside-10k
天津,outside-10k
付帯,outside-10k
言い伝え,outside-10k
怒鳴っ,outside-10k
名高い,outside-10k
しずか,outside-10k
亀岡,outside-10k
去ら,outside-10k
レズビアン,outside-10k
コスチューム,outside-10k
芭蕉,outside-10k
イスタンブール,outside-10k
東ドイツ,outside-10k
サザエさん,outside-10k
信義,outside-10k
傭兵,outside-10k
取り消す,outside-10k
温水,outside-10k
こえる,outside-10k
かたまり,outside-10k
増やさ,outside-10k
西野,outside-10k
最愛,outside-10k
自腹,outside-10k
ひび,outside-10k
さばき,outside-10k
片面,outside-10k
南ア,outside-10k
ジャワ,outside-10k
奉納,outside-10k
職権,outside-10k
帝王,outside-10k
重役,outside-10k
奥歯,outside-10k
ツネ,outside-10k
味見,outside-10k
アドバンテージ,outside-10k
真価,outside-10k
創ら,outside-10k
一個人,outside-10k
アイリッシュ,outside-10k
包含,outside-10k
藤枝,outside-10k
探,outside-10k
びり,outside-10k
ホロコースト,outside-10k
避けよ,outside-10k
ふとした,outside-10k
職能,outside-10k
貫徹,outside-10k
富む,outside-10k
アンドレ,outside-10k
先手,outside-10k
老師,outside-10k
谷垣,outside-10k
マルティ,outside-10k
指値,outside-10k
名産,outside-10k
しば,outside-10k
キャンバス,outside-10k
レッツ,outside-10k
ひど,outside-10k
足利,outside-10k
やっつけ,outside-10k
横並び,outside-10k
償い,outside-10k
応酬,outside-10k
つま先,outside-10k
竹本,outside-10k
結納,outside-10k
地殻,outside-10k
酔う,outside-10k
千万,outside-10k
出入り口,outside-10k
日本ハム,outside-10k
両日,outside-10k
絶する,outside-10k
立会,outside-10k
ハピ,outside-10k
たがる,outside-10k
おぼろ,outside-10k
黒沢,outside-10k
傳,outside-10k
したて,outside-10k
年産,outside-10k
矢口,outside-10k
いっぺんに,outside-10k
傾,outside-10k
洋介,outside-10k
入念,outside-10k
ゆるい,outside-10k
慧,outside-10k
キャッ,outside-10k
待たせ,outside-10k
扁,outside-10k
放り込ん,outside-10k
ナゾ,outside-10k
古紙,outside-10k
不可思議,outside-10k
不得意,outside-10k
区長,outside-10k
表わし,outside-10k
刻む,outside-10k
長浜,outside-10k
十二分,outside-10k
信教,outside-10k
結界,outside-10k
霊園,outside-10k
前科,outside-10k
純情,outside-10k
ナオ,outside-10k
異邦,outside-10k
大社,outside-10k
かかと,outside-10k
ごまかす,outside-10k
連打,outside-10k
気取っ,outside-10k
愛らしい,outside-10k
スワン,outside-10k
スパムメール,outside-10k
読み取れる,outside-10k
崔,outside-10k
パビリオン,outside-10k
ジンギスカン,outside-10k
誇らしげ,outside-10k
売ろ,outside-10k
邦雄,outside-10k
追い求め,outside-10k
紀元,outside-10k
サンウ,outside-10k
降,outside-10k
さゆり,outside-10k
華僑,outside-10k
散歩道,outside-10k
ヘーゲル,outside-10k
クラウン,outside-10k
高水準,outside-10k
専修,outside-10k
ハイジャック,outside-10k
プリオン,outside-10k
気づけ,outside-10k
英軍,outside-10k
長引く,outside-10k
付け根,outside-10k
素早い,outside-10k
年令,outside-10k
東口,outside-10k
半々,outside-10k
ナイキ,outside-10k
厳粛,outside-10k
倶,outside-10k
あざ,outside-10k
マーシャル,outside-10k
郡山,outside-10k
総動員,outside-10k
差し替え,outside-10k
ならっ,outside-10k
使い分ける,outside-10k
必,outside-10k
貴社,outside-10k
概況,outside-10k
かげ,outside-10k
春季,outside-10k
レンタルビデオ,outside-10k
片桐,outside-10k
女流,outside-10k
ふれる,outside-10k
精緻,outside-10k
買出し,outside-10k
フィールドワーク,outside-10k
ハウジング,outside-10k
歩調,outside-10k
束の間,outside-10k
受入れ,outside-10k
兼任,outside-10k
走り回る,outside-10k
名指し,outside-10k
是認,outside-10k
直球,outside-10k
改宗,outside-10k
エヴァンゲリオン,outside-10k
求,outside-10k
空き缶,outside-10k
写る,outside-10k
万年筆,outside-10k
書誌,outside-10k
基底,outside-10k
議場,outside-10k
シーフード,outside-10k
全容,outside-10k
人だかり,outside-10k
夕陽,outside-10k
ダビング,outside-10k
差し込む,outside-10k
マヒ,outside-10k
サルサ,outside-10k
コワイ,outside-10k
コロラド,outside-10k
何でもかんでも,outside-10k
邦彦,outside-10k
ときおり,outside-10k
打ち出さ,outside-10k
もぉ,outside-10k
ピロ,outside-10k
明暗,outside-10k
献上,outside-10k
失態,outside-10k
まえがき,outside-10k
ファウスト,outside-10k
国柄,outside-10k
刻々と,outside-10k
自画,outside-10k
不明瞭,outside-10k
拍子抜け,outside-10k
生還,outside-10k
添える,outside-10k
再来,outside-10k
指図,outside-10k
ガルシア,outside-10k
ロジカル,outside-10k
同定,outside-10k
機長,outside-10k
寝返り,outside-10k
ずれる,outside-10k
強奪,outside-10k
コロンブス,outside-10k
留守電,outside-10k
食パン,outside-10k
てゆーか,outside-10k
アラファト,outside-10k
女医,outside-10k
ゆめ,outside-10k
スポーツカー,outside-10k
ヤシ,outside-10k
筍,outside-10k
キムタク,outside-10k
舞っ,outside-10k
スタイリッシュ,outside-10k
痛烈,outside-10k
ひねくれ,outside-10k
膿,outside-10k
はらん,outside-10k
ありがた,outside-10k
主務,outside-10k
サラウンド,outside-10k
防除,outside-10k
収用,outside-10k
メルセデス,outside-10k
超す,outside-10k
法事,outside-10k
せんべい,outside-10k
高倉,outside-10k
リラ,outside-10k
兼務,outside-10k
アルジェリア,outside-10k
麹,outside-10k
奥義,outside-10k
大崎,outside-10k
サメ,outside-10k
一文字,outside-10k
手づくり,outside-10k
ハエ,outside-10k
着眼,outside-10k
如し,outside-10k
褐色,outside-10k
法要,outside-10k
口先,outside-10k
御免,outside-10k
阿波,outside-10k
ナレッジ,outside-10k
駆け抜け,outside-10k
高次,outside-10k
産科,outside-10k
溜まる,outside-10k
レバレッジ,outside-10k
さわり,outside-10k
平方,outside-10k
出入国,outside-10k
三脚,outside-10k
事務次官,outside-10k
朝晩,outside-10k
ハコ,outside-10k
今野,outside-10k
為さ,outside-10k
独立記念日,outside-10k
つぶさ,outside-10k
ときめき,outside-10k
真央,outside-10k
拘わら,outside-10k
煉瓦,outside-10k
まとまる,outside-10k
横たわる,outside-10k
式場,outside-10k
最寄り駅,outside-10k
惜しん,outside-10k
毅然と,outside-10k
オタ,outside-10k
実存,outside-10k
元首,outside-10k
アップルコンピュータ,outside-10k
ギガ,outside-10k
答えよ,outside-10k
炊き,outside-10k
鎮圧,outside-10k
序説,outside-10k
見とれ,outside-10k
及,outside-10k
寧,outside-10k
暇人,outside-10k
ヤロブアム,outside-10k
葉山,outside-10k
おせ,outside-10k
国保,outside-10k
鼓,outside-10k
代り,outside-10k
増益,outside-10k
ドッグ,outside-10k
エディ,outside-10k
終止符,outside-10k
煩悩,outside-10k
ワルシャワ,outside-10k
根強く,outside-10k
傍受,outside-10k
グー,outside-10k
板倉,outside-10k
立会い,outside-10k
埋立,outside-10k
三沢,outside-10k
モノレール,outside-10k
つづり,outside-10k
県政,outside-10k
南口,outside-10k
期限切れ,outside-10k
不断,outside-10k
ロペス,outside-10k
大勝,outside-10k
呪,outside-10k
涙し,outside-10k
安直,outside-10k
掘り起こし,outside-10k
主事,outside-10k
サウンドトラック,outside-10k
あながち,outside-10k
悩ましい,outside-10k
くぐっ,outside-10k
不詳,outside-10k
トレーラー,outside-10k
クルヤーグ,outside-10k
軽食,outside-10k
きつかっ,outside-10k
モントリオール,outside-10k
掘削,outside-10k
敗因,outside-10k
暗に,outside-10k
高画質,outside-10k
オリエンテーション,outside-10k
智慧,outside-10k
けら,outside-10k
引きずら,outside-10k
滞っ,outside-10k
フリーク,outside-10k
持ち運び,outside-10k
仕打ち,outside-10k
滅,outside-10k
ヴィジョン,outside-10k
ベネフィット,outside-10k
陸地,outside-10k
受精,outside-10k
白衣,outside-10k
えーと,outside-10k
もってこい,outside-10k
落ち葉,outside-10k
捜す,outside-10k
飲み込ま,outside-10k
未開,outside-10k
セラミック,outside-10k
パルプ,outside-10k
背面,outside-10k
高き,outside-10k
気流,outside-10k
取り揃え,outside-10k
和歌,outside-10k
自他,outside-10k
話し掛け,outside-10k
仰い,outside-10k
スイ,outside-10k
腫,outside-10k
受入,outside-10k
ロドリゲス,outside-10k
かぎら,outside-10k
数カ月,outside-10k
チャーシュー,outside-10k
薬価,outside-10k
味気,outside-10k
発火,outside-10k
公権力,outside-10k
不履行,outside-10k
鰹節,outside-10k
分身,outside-10k
鉱,outside-10k
トッティ,outside-10k
得体,outside-10k
融,outside-10k
ライカ,outside-10k
レフト,outside-10k
年功序列,outside-10k
戸数,outside-10k
渡り鳥,outside-10k
藻,outside-10k
活かさ,outside-10k
思い描い,outside-10k
蒙,outside-10k
ソケット,outside-10k
流動的,outside-10k
組み入れ,outside-10k
ややこしく,outside-10k
六つ,outside-10k
放流,outside-10k
山荘,outside-10k
黄昏,outside-10k
まする,outside-10k
機運,outside-10k
出家,outside-10k
送電,outside-10k
ググ,outside-10k
超絶,outside-10k
どど,outside-10k
謳歌,outside-10k
私物,outside-10k
門戸,outside-10k
ミリオン,outside-10k
私信,outside-10k
大林,outside-10k
投函,outside-10k
敢,outside-10k
騎乗,outside-10k
気持ちよかっ,outside-10k
失明,outside-10k
倉田,outside-10k
二分,outside-10k
刺さっ,outside-10k
沿道,outside-10k
攻守,outside-10k
おもわ,outside-10k
老年,outside-10k
一堂,outside-10k
前場,outside-10k
一声,outside-10k
真っ当,outside-10k
含意,outside-10k
述,outside-10k
茶屋,outside-10k
落雷,outside-10k
凶器,outside-10k
語り合っ,outside-10k
篭もり,outside-10k
恫喝,outside-10k
生ま,outside-10k
中公新書,outside-10k
さつま,outside-10k
インフレーション,outside-10k
師走,outside-10k
いっつも,outside-10k
島民,outside-10k
マダガスカル,outside-10k
墓石,outside-10k
入れ替わっ,outside-10k
ダーツ,outside-10k
鑑み,outside-10k
もしもし,outside-10k
名字,outside-10k
半面,outside-10k
冷凍庫,outside-10k
致し方,outside-10k
必携,outside-10k
核家族,outside-10k
挟む,outside-10k
奇抜,outside-10k
替わっ,outside-10k
高金利,outside-10k
真珠湾,outside-10k
小中,outside-10k
成ら,outside-10k
胃袋,outside-10k
曽我,outside-10k
塩漬け,outside-10k
上巻,outside-10k
手帖,outside-10k
肉眼,outside-10k
映え,outside-10k
力作,outside-10k
當,outside-10k
永年,outside-10k
落ち着け,outside-10k
デモクラシー,outside-10k
放,outside-10k
宮島,outside-10k
御前,outside-10k
不二,outside-10k
じゃま,outside-10k
遊び場,outside-10k
どっ,outside-10k
封じ込め,outside-10k
いぶ,outside-10k
ディスプレー,outside-10k
幼なじみ,outside-10k
鼓舞,outside-10k
末日,outside-10k
悪天候,outside-10k
災,outside-10k
怠け者,outside-10k
コンパス,outside-10k
そろえる,outside-10k
ひび割れ,outside-10k
オルゴール,outside-10k
ぜいたく,outside-10k
見比べ,outside-10k
はせ,outside-10k
転がり,outside-10k
つとめる,outside-10k
ファシスト,outside-10k
統一教会,outside-10k
疆,outside-10k
砲弾,outside-10k
短期大学,outside-10k
タイタニック,outside-10k
回れ,outside-10k
直属,outside-10k
しぼっ,outside-10k
ハマる,outside-10k
貴様,outside-10k
取消し,outside-10k
精鋭,outside-10k
公告,outside-10k
ロードショー,outside-10k
鋼鉄,outside-10k
平静,outside-10k
ひかる,outside-10k
取り消さ,outside-10k
専,outside-10k
荷造り,outside-10k
みや,outside-10k
逆らう,outside-10k
トレース,outside-10k
吃音,outside-10k
間違わ,outside-10k
つぎ込ん,outside-10k
収蔵,outside-10k
細野,outside-10k
題目,outside-10k
当てはまら,outside-10k
フォース,outside-10k
憎む,outside-10k
公使,outside-10k
打ち立て,outside-10k
ペンタゴン,outside-10k
感じ取る,outside-10k
美樹,outside-10k
会衆,outside-10k
管楽器,outside-10k
安否,outside-10k
肌寒い,outside-10k
映す,outside-10k
色調,outside-10k
見抜い,outside-10k
ウド,outside-10k
グリー,outside-10k
つっこみ,outside-10k
後年,outside-10k
適時,outside-10k
河出書房新社,outside-10k
年初来,outside-10k
だせ,outside-10k
瀕,outside-10k
くう,outside-10k
直販,outside-10k
受け取れる,outside-10k
石垣島,outside-10k
おむつ,outside-10k
自戒,outside-10k
魁,outside-10k
毛利,outside-10k
ラムズフェルド,outside-10k
国軍,outside-10k
融和,outside-10k
自問自答,outside-10k
居合わせ,outside-10k
デトロイト,outside-10k
湯川,outside-10k
うかがう,outside-10k
物騒,outside-10k
パチパチ,outside-10k
済ます,outside-10k
親しん,outside-10k
長島,outside-10k
採,outside-10k
がたく,outside-10k
嘆願,outside-10k
豊中,outside-10k
テナー,outside-10k
広まり,outside-10k
深川,outside-10k
巾,outside-10k
カレ,outside-10k
松坂,outside-10k
ヒンディー,outside-10k
ロコ,outside-10k
ハイム,outside-10k
ローブ,outside-10k
奪還,outside-10k
耕地,outside-10k
アナロジー,outside-10k
忍び,outside-10k
カカオ,outside-10k
ジュリー,outside-10k
直る,outside-10k
マーガレット,outside-10k
本塁打,outside-10k
郷愁,outside-10k
有田,outside-10k
王立,outside-10k
手中,outside-10k
クモ,outside-10k
たえず,outside-10k
フライング,outside-10k
誇れる,outside-10k
ぽく,outside-10k
語り合う,outside-10k
マスト,outside-10k
面白み,outside-10k
沈め,outside-10k
ナイル,outside-10k
ゆみ,outside-10k
提灯,outside-10k
俊介,outside-10k
巻き込む,outside-10k
エルフ,outside-10k
まさかの,outside-10k
全校,outside-10k
オレゴン,outside-10k
粘膜,outside-10k
活かせ,outside-10k
俸給,outside-10k
温床,outside-10k
浮く,outside-10k
ぶら下げ,outside-10k
ローリー,outside-10k
加瀬,outside-10k
停泊,outside-10k
出張所,outside-10k
突き出し,outside-10k
スポットライト,outside-10k
聖徳太子,outside-10k
小文字,outside-10k
ウィニー,outside-10k
御影,outside-10k
第一義,outside-10k
ちょこ,outside-10k
的外れ,outside-10k
亘,outside-10k
奇麗,outside-10k
デニム,outside-10k
丿,outside-10k
北条,outside-10k
ちゃっかり,outside-10k
金物,outside-10k
ウズベキスタン,outside-10k
克明,outside-10k
堆肥,outside-10k
呆れる,outside-10k
心当たり,outside-10k
据え置き,outside-10k
めで,outside-10k
寄港,outside-10k
豊橋,outside-10k
遊歩道,outside-10k
おしゃ,outside-10k
週刊文春,outside-10k
ルーズベルト,outside-10k
浦和レッズ,outside-10k
略歴,outside-10k
ぐんぐん,outside-10k
めぐっ,outside-10k
締め付け,outside-10k
はたらき,outside-10k
諭吉,outside-10k
ひとしきり,outside-10k
しっか,outside-10k
脈絡,outside-10k
金山,outside-10k
ネガ,outside-10k
ロッキード,outside-10k
和服,outside-10k
服飾,outside-10k
シャンソン,outside-10k
たたかい,outside-10k
草野,outside-10k
丸々,outside-10k
変わり目,outside-10k
淹,outside-10k
潜り,outside-10k
盲点,outside-10k
添乗,outside-10k
博打,outside-10k
ケンタッキー,outside-10k
ほお,outside-10k
上級生,outside-10k
だて,outside-10k
不通,outside-10k
不滅,outside-10k
ちかく,outside-10k
アンチエイジング,outside-10k
請け負っ,outside-10k
東武,outside-10k
エミッション,outside-10k
潜っ,outside-10k
散らす,outside-10k
ユーゴスラビア,outside-10k
代数,outside-10k
開港,outside-10k
呑む,outside-10k
喰っ,outside-10k
ヨーク,outside-10k
ロックフェラー,outside-10k
ボツ,outside-10k
安静,outside-10k
ナップ,outside-10k
推し,outside-10k
みっともない,outside-10k
チープ,outside-10k
詩的,outside-10k
協和,outside-10k
麻原,outside-10k
リファレンス,outside-10k
屏風,outside-10k
世話人,outside-10k
酷似,outside-10k
酷使,outside-10k
惜しくも,outside-10k
捕まえる,outside-10k
デリダ,outside-10k
上値,outside-10k
題さ,outside-10k
くわ,outside-10k
挽回,outside-10k
うかがえ,outside-10k
忘,outside-10k
鎌,outside-10k
飲み食い,outside-10k
自問,outside-10k
成約,outside-10k
見習っ,outside-10k
砲撃,outside-10k
軋轢,outside-10k
本職,outside-10k
キョン,outside-10k
高須,outside-10k
シートベルト,outside-10k
省い,outside-10k
大祭,outside-10k
瑞,outside-10k
追いやら,outside-10k
はしゃぎ,outside-10k
瀬戸内海,outside-10k
知床,outside-10k
胡散臭い,outside-10k
突き詰め,outside-10k
ディラン,outside-10k
バドミントン,outside-10k
問いかける,outside-10k
醸し出し,outside-10k
思い返し,outside-10k
お辞儀,outside-10k
仰ぐ,outside-10k
名手,outside-10k
弾性,outside-10k
丁重,outside-10k
休める,outside-10k
疎い,outside-10k
材木,outside-10k
先立つ,outside-10k
体積,outside-10k
悔しく,outside-10k
ナント,outside-10k
言霊,outside-10k
姜,outside-10k
いっせいに,outside-10k
曹,outside-10k
本県,outside-10k
ドビュッシー,outside-10k
ゴッド,outside-10k
高低,outside-10k
太刀,outside-10k
武者,outside-10k
常習,outside-10k
飼わ,outside-10k
ピンポン,outside-10k
端っこ,outside-10k
梅酒,outside-10k
迎合,outside-10k
付き添い,outside-10k
同校,outside-10k
顔合わせ,outside-10k
天職,outside-10k
のっけ,outside-10k
固まる,outside-10k
縮,outside-10k
つっこん,outside-10k
巳,outside-10k
問い合せ,outside-10k
歓談,outside-10k
ケド,outside-10k
乾き,outside-10k
功利,outside-10k
ひらめき,outside-10k
降り出し,outside-10k
裁か,outside-10k
対訳,outside-10k
履く,outside-10k
焼却炉,outside-10k
寝床,outside-10k
どぉ,outside-10k
遠心,outside-10k
そっちのけ,outside-10k
求刑,outside-10k
カサ,outside-10k
浸る,outside-10k
ビスケット,outside-10k
仰ぎ,outside-10k
果てしなく,outside-10k
すて,outside-10k
船井,outside-10k
なせ,outside-10k
香料,outside-10k
汚く,outside-10k
日教組,outside-10k
期する,outside-10k
教わり,outside-10k
レスリング,outside-10k
簡保,outside-10k
受けよ,outside-10k
早大,outside-10k
申せ,outside-10k
とまり,outside-10k
可笑しい,outside-10k
揮発,outside-10k
買い込ん,outside-10k
闘,outside-10k
助役,outside-10k
結実,outside-10k
モ,outside-10k
遷移,outside-10k
目処,outside-10k
戯れ,outside-10k
培わ,outside-10k
みそ汁,outside-10k
安住,outside-10k
育ん,outside-10k
おだやか,outside-10k
解さ,outside-10k
経典,outside-10k
着ける,outside-10k
悲しかっ,outside-10k
叱っ,outside-10k
正雄,outside-10k
浄,outside-10k
小出,outside-10k
はげ,outside-10k
飾,outside-10k
斑,outside-10k
時間割,outside-10k
トワ,outside-10k
インカ,outside-10k
シーケンス,outside-10k
加重,outside-10k
亡国,outside-10k
登板,outside-10k
おかしかっ,outside-10k
月面,outside-10k
ペリー,outside-10k
連作,outside-10k
交ぜ,outside-10k
雄弁,outside-10k
切り開く,outside-10k
フロッピー,outside-10k
気取り,outside-10k
蘇る,outside-10k
關,outside-10k
類する,outside-10k
思いやる,outside-10k
フグ,outside-10k
真紀子,outside-10k
旅券,outside-10k
きゃー,outside-10k
操り,outside-10k
ホンネ,outside-10k
ルナ,outside-10k
有頂天,outside-10k
連なる,outside-10k
残忍,outside-10k
ストリップ,outside-10k
良書,outside-10k
文芸春秋,outside-10k
パラグラフ,outside-10k
風物詩,outside-10k
線上,outside-10k
販,outside-10k
後手,outside-10k
高村,outside-10k
大さじ,outside-10k
損保,outside-10k
養鶏,outside-10k
真治,outside-10k
ダラス,outside-10k
遥,outside-10k
剥がし,outside-10k
笠原,outside-10k
念入り,outside-10k
砕い,outside-10k
つかまっ,outside-10k
ウルフ,outside-10k
もんじゃ,outside-10k
レスキュー,outside-10k
人通り,outside-10k
ぶら下がっ,outside-10k
オメガ,outside-10k
患っ,outside-10k
捕捉,outside-10k
簡,outside-10k
サツマイモ,outside-10k
本堂,outside-10k
トライアスロン,outside-10k
謝礼,outside-10k
熱湯,outside-10k
ゆだねる,outside-10k
そろい,outside-10k
総意,outside-10k
大空,outside-10k
スチュワーデス,outside-10k
子音,outside-10k
賄う,outside-10k
よりによって,outside-10k
過重,outside-10k
フォレスト,outside-10k
もやし,outside-10k
映ら,outside-10k
おかみ,outside-10k
ワイキキ,outside-10k
在任,outside-10k
ううん,outside-10k
難波,outside-10k
まちがっ,outside-10k
県連,outside-10k
力点,outside-10k
長靴,outside-10k
凝固,outside-10k
総計,outside-10k
遠近,outside-10k
史学,outside-10k
オーシャン,outside-10k
域内,outside-10k
榲,outside-10k
論語,outside-10k
小牧,outside-10k
よみがえっ,outside-10k
ビルディング,outside-10k
ゴンドラ,outside-10k
見込める,outside-10k
心遣い,outside-10k
美智子,outside-10k
恥ずかしかっ,outside-10k
曜,outside-10k
市外,outside-10k
公報,outside-10k
みっちり,outside-10k
ノイ,outside-10k
道警,outside-10k
新陳代謝,outside-10k
好機,outside-10k
須田,outside-10k
まっしぐら,outside-10k
座り込ん,outside-10k
密閉,outside-10k
ポジショニング,outside-10k
ウィキペディア,outside-10k
一役,outside-10k
武井,outside-10k
クリーナー,outside-10k
南朝鮮,outside-10k
古着,outside-10k
雪崩,outside-10k
クラッカー,outside-10k
インシデント,outside-10k
画伯,outside-10k
降り立っ,outside-10k
ヘルシンキ,outside-10k
草花,outside-10k
あのー,outside-10k
娼婦,outside-10k
果して,outside-10k
超党派,outside-10k
ユニッタ,outside-10k
勃起,outside-10k
捕食,outside-10k
エジソン,outside-10k
年始,outside-10k
臨機応変,outside-10k
瀬戸内,outside-10k
凹ん,outside-10k
一人称,outside-10k
船団,outside-10k
秀一,outside-10k
チャクラ,outside-10k
貫,outside-10k
轡,outside-10k
作業場,outside-10k
神谷,outside-10k
バースデー,outside-10k
まさし,outside-10k
ヨロシク,outside-10k
ふるっ,outside-10k
拡がっ,outside-10k
張り付い,outside-10k
ハイエンド,outside-10k
惰性,outside-10k
見向き,outside-10k
本論,outside-10k
錯綜,outside-10k
頭取,outside-10k
インディオ,outside-10k
ピック,outside-10k
まくら,outside-10k
新月,outside-10k
江沢民,outside-10k
成し遂げる,outside-10k
ぜったい,outside-10k
黙示録,outside-10k
自認,outside-10k
鎮座,outside-10k
制する,outside-10k
商戦,outside-10k
死闘,outside-10k
玉置,outside-10k
つまるところ,outside-10k
ジャパニーズ,outside-10k
漸次,outside-10k
暮れる,outside-10k
オペレータ,outside-10k
思いこみ,outside-10k
クラック,outside-10k
会お,outside-10k
とんぼ,outside-10k
ヒットラー,outside-10k
見計らっ,outside-10k
整数,outside-10k
漏えい,outside-10k
白身,outside-10k
コールド,outside-10k
随意,outside-10k
ファイバ,outside-10k
村民,outside-10k
撒い,outside-10k
オペレーティング,outside-10k
洋風,outside-10k
貯まっ,outside-10k
美咲,outside-10k
幸一,outside-10k
駄作,outside-10k
オルタナティブ,outside-10k
採れ,outside-10k
磐田,outside-10k
建具,outside-10k
キログラム,outside-10k
しぶしぶ,outside-10k
摩,outside-10k
円筒,outside-10k
子役,outside-10k
漏れる,outside-10k
とむ,outside-10k
バイザー,outside-10k
快勝,outside-10k
ゼミナール,outside-10k
一橋大学,outside-10k
ダリ,outside-10k
信号機,outside-10k
笹山,outside-10k
送ろ,outside-10k
傾倒,outside-10k
ランタン,outside-10k
民話,outside-10k
使いこなせる,outside-10k
ほんで,outside-10k
陶,outside-10k
潤沢,outside-10k
和美,outside-10k
くもり,outside-10k
リバプール,outside-10k
待ち構え,outside-10k
防寒,outside-10k
疫学,outside-10k
数多い,outside-10k
情けなく,outside-10k
ユウ,outside-10k
タイムス,outside-10k
書院,outside-10k
講評,outside-10k
ロウソク,outside-10k
ステアリング,outside-10k
外的,outside-10k
タンカー,outside-10k
高専,outside-10k
魚類,outside-10k
胚,outside-10k
つじつま,outside-10k
取り合っ,outside-10k
佐川急便,outside-10k
にらみ,outside-10k
ギネス,outside-10k
くずれ,outside-10k
玉木,outside-10k
充当,outside-10k
同志社,outside-10k
経た,outside-10k
ヒレ,outside-10k
フカ,outside-10k
歴任,outside-10k
訪中,outside-10k
総領事館,outside-10k
頭皮,outside-10k
有香,outside-10k
設営,outside-10k
本旨,outside-10k
耳元,outside-10k
コーディネータ,outside-10k
ポツダム,outside-10k
唄っ,outside-10k
巴,outside-10k
度重なる,outside-10k
論旨,outside-10k
宗男,outside-10k
ファイバー,outside-10k
接戦,outside-10k
いま一つ,outside-10k
ハチミツ,outside-10k
お墨付き,outside-10k
整列,outside-10k
預貯金,outside-10k
艦船,outside-10k
いきいき,outside-10k
シンフォニー,outside-10k
長尾,outside-10k
神輿,outside-10k
晶子,outside-10k
出自,outside-10k
養生,outside-10k
終演,outside-10k
編者,outside-10k
そびれ,outside-10k
画集,outside-10k
ヵ所,outside-10k
互助,outside-10k
嫌疑,outside-10k
仮装,outside-10k
本省,outside-10k
東シナ海,outside-10k
冷た,outside-10k
宮中,outside-10k
泣く泣く,outside-10k
浮世絵,outside-10k
トリス,outside-10k
神楽,outside-10k
追い込む,outside-10k
家人,outside-10k
踏み切る,outside-10k
園田,outside-10k
かさん,outside-10k
ワースト,outside-10k
グロテスク,outside-10k
死骸,outside-10k
きっぱり,outside-10k
霞が関,outside-10k
ヒマラヤ,outside-10k
苦しかっ,outside-10k
思ふ,outside-10k
枠組,outside-10k
尚更,outside-10k
ハモ,outside-10k
向き合い,outside-10k
湧く,outside-10k
スパゲティ,outside-10k
逗子,outside-10k
星雲,outside-10k
簡便,outside-10k
内務,outside-10k
悔やま,outside-10k
フィーゴ,outside-10k
引率,outside-10k
果汁,outside-10k
転身,outside-10k
投獄,outside-10k
腐食,outside-10k
碁,outside-10k
託児,outside-10k
突き止め,outside-10k
廟,outside-10k
北原,outside-10k
下り坂,outside-10k
独善,outside-10k
善い,outside-10k
素粒子,outside-10k
弱かっ,outside-10k
退出,outside-10k
ワナ,outside-10k
貴殿,outside-10k
乳がん,outside-10k
同類,outside-10k
杞憂,outside-10k
シム,outside-10k
凡庸,outside-10k
紙芝居,outside-10k
戒律,outside-10k
難儀,outside-10k
水辺,outside-10k
世界銀行,outside-10k
表出,outside-10k
揚げ物,outside-10k
唱,outside-10k
見せよ,outside-10k
キツネ,outside-10k
直系,outside-10k
クラスタ,outside-10k
おもろい,outside-10k
条件下,outside-10k
退陣,outside-10k
長谷部,outside-10k
薬草,outside-10k
毒舌,outside-10k
ござる,outside-10k
小便,outside-10k
ボルドー,outside-10k
仕切っ,outside-10k
シュミレーション,outside-10k
スパゲッティ,outside-10k
拙者,outside-10k
金貨,outside-10k
闘牛,outside-10k
弁償,outside-10k
ラビ,outside-10k
物心,outside-10k
ソート,outside-10k
始発,outside-10k
愛しい,outside-10k
大目,outside-10k
包帯,outside-10k
レゲエ,outside-10k
アツ,outside-10k
光速,outside-10k
某社,outside-10k
地平,outside-10k
貝殻,outside-10k
短かっ,outside-10k
即売,outside-10k
ユーラシア,outside-10k
湿地,outside-10k
見やすい,outside-10k
高らか,outside-10k
のんき,outside-10k
レクリエーション,outside-10k
かっこよかっ,outside-10k
駆け込ん,outside-10k
日食,outside-10k
三好,outside-10k
おこり,outside-10k
体得,outside-10k
鮫,outside-10k
瀕死,outside-10k
精巧,outside-10k
干支,outside-10k
レトリック,outside-10k
冷やす,outside-10k
過渡期,outside-10k
エチオピア,outside-10k
ブラウン管,outside-10k
福袋,outside-10k
事故死,outside-10k
醒め,outside-10k
しきり,outside-10k
ハンデ,outside-10k
裕美,outside-10k
排ガス,outside-10k
侵犯,outside-10k
垂らし,outside-10k
戦勝,outside-10k
合わさっ,outside-10k
自演,outside-10k
チンパンジー,outside-10k
錆び,outside-10k
ポーター,outside-10k
兜,outside-10k
メールボックス,outside-10k
挙げれ,outside-10k
マッピング,outside-10k
誉,outside-10k
飛車,outside-10k
表する,outside-10k
千差万別,outside-10k
為す,outside-10k
土建,outside-10k
織り込ん,outside-10k
ルマン,outside-10k
細め,outside-10k
夏至,outside-10k
おごっ,outside-10k
水滴,outside-10k
ふか,outside-10k
石膏,outside-10k
漢語,outside-10k
信一,outside-10k
ヘッジ,outside-10k
当惑,outside-10k
妖,outside-10k
生き抜く,outside-10k
紙切れ,outside-10k
しげ,outside-10k
誤審,outside-10k
クッキ,outside-10k
フランコ,outside-10k
取次,outside-10k
ゲームセンター,outside-10k
天敵,outside-10k
軽微,outside-10k
アガシ,outside-10k
口々,outside-10k
化け物,outside-10k
ウォーカー,outside-10k
ニア,outside-10k
インディ,outside-10k
縄張り,outside-10k
見届け,outside-10k
商い,outside-10k
ノド,outside-10k
シチリア,outside-10k
無造作,outside-10k
ノミ,outside-10k
塩田,outside-10k
厨,outside-10k
探せる,outside-10k
パーセンテージ,outside-10k
脳卒中,outside-10k
障子,outside-10k
場違い,outside-10k
食べれ,outside-10k
元町,outside-10k
ハイジ,outside-10k
出港,outside-10k
河童,outside-10k
諸井,outside-10k
足腰,outside-10k
大司教,outside-10k
戦える,outside-10k
オラ,outside-10k
お開き,outside-10k
弁済,outside-10k
束ね,outside-10k
取り下げ,outside-10k
家中,outside-10k
お産,outside-10k
金井,outside-10k
タキ,outside-10k
まろやか,outside-10k
尼,outside-10k
つまらなく,outside-10k
召さ,outside-10k
絶景,outside-10k
出航,outside-10k
曲げる,outside-10k
射精,outside-10k
マグネ,outside-10k
副詞,outside-10k
アタリ,outside-10k
オカマ,outside-10k
ウシ,outside-10k
カレーライス,outside-10k
坐,outside-10k
進も,outside-10k
順守,outside-10k
嘲笑,outside-10k
アスラン,outside-10k
枕元,outside-10k
共栄,outside-10k
ハープ,outside-10k
欲張り,outside-10k
塾長,outside-10k
創り出す,outside-10k
ヌードル,outside-10k
絵葉書,outside-10k
今秋,outside-10k
タクト,outside-10k
哲郎,outside-10k
弘前,outside-10k
シンポ,outside-10k
法文,outside-10k
オシッコ,outside-10k
少年ジャンプ,outside-10k
覗か,outside-10k
もてはやさ,outside-10k
雫,outside-10k
西原,outside-10k
バイナリ,outside-10k
さしあたり,outside-10k
有形,outside-10k
報知,outside-10k
黎明,outside-10k
ヒューズ,outside-10k
カブトムシ,outside-10k
寺澤,outside-10k
写り,outside-10k
開票,outside-10k
晴れ間,outside-10k
実状,outside-10k
愚か者,outside-10k
貸金,outside-10k
発議,outside-10k
過日,outside-10k
ケチャップ,outside-10k
サイゴン,outside-10k
架,outside-10k
乗り継い,outside-10k
マイコン,outside-10k
やり直す,outside-10k
ツライ,outside-10k
美紀,outside-10k
癒,outside-10k
交じり,outside-10k
漂い,outside-10k
かぶれ,outside-10k
低利,outside-10k
デニス,outside-10k
貴乃花,outside-10k
テロップ,outside-10k
乱立,outside-10k
立ち会っ,outside-10k
肥,outside-10k
個数,outside-10k
不参加,outside-10k
本領,outside-10k
いただきます,outside-10k
見つけ出す,outside-10k
澤田,outside-10k
バクテリア,outside-10k
若し,outside-10k
ぬくもり,outside-10k
こしらえ,outside-10k
印字,outside-10k
叱咤,outside-10k
フェアリー,outside-10k
フェルト,outside-10k
優柔不断,outside-10k
先取,outside-10k
手渡さ,outside-10k
流れ込ん,outside-10k
中指,outside-10k
シュトラウス,outside-10k
無残,outside-10k
クリケット,outside-10k
満杯,outside-10k
牌,outside-10k
暴れる,outside-10k
一石二鳥,outside-10k
たんなる,outside-10k
産油,outside-10k
造詣,outside-10k
寝ぼけ,outside-10k
押しかけ,outside-10k
玄人,outside-10k
グレッグ,outside-10k
荻窪,outside-10k
居室,outside-10k
家政,outside-10k
水島,outside-10k
値し,outside-10k
アルカリ,outside-10k
向かえ,outside-10k
ちい,outside-10k
昇り,outside-10k
喜一,outside-10k
アスナル,outside-10k
欲する,outside-10k
ソリ,outside-10k
ホストファミリー,outside-10k
檜,outside-10k
日向子,outside-10k
フォルム,outside-10k
二次,outside-10k
道程,outside-10k
心地よ,outside-10k
かられ,outside-10k
まぶしい,outside-10k
村落,outside-10k
心筋梗塞,outside-10k
アレゲ,outside-10k
実刑,outside-10k
モカ,outside-10k
話合い,outside-10k
後頭部,outside-10k
メッキ,outside-10k
凛と,outside-10k
キャンピング,outside-10k
大ざっぱ,outside-10k
認めよ,outside-10k
公定歩合,outside-10k
牢獄,outside-10k
白血球,outside-10k
清め,outside-10k
別件,outside-10k
仮題,outside-10k
席巻,outside-10k
サムス,outside-10k
與,outside-10k
パステル,outside-10k
（有）,outside-10k
ビンゴ,outside-10k
ステート,outside-10k
出向く,outside-10k
織姫,outside-10k
載り,outside-10k
小品,outside-10k
意気込ん,outside-10k
熟読,outside-10k
抜け出せ,outside-10k
すすむ,outside-10k
切りかえ,outside-10k
空前,outside-10k
両サイド,outside-10k
公有,outside-10k
ゆれる,outside-10k
好都合,outside-10k
すき焼き,outside-10k
充填,outside-10k
部室,outside-10k
御霊,outside-10k
煮込ん,outside-10k
日本道路公団,outside-10k
学際,outside-10k
人ごみ,outside-10k
著し,outside-10k
ガメラ,outside-10k
レイキ,outside-10k
やらかし,outside-10k
石畳,outside-10k
湧,outside-10k
燃,outside-10k
淡,outside-10k
ソフトクリーム,outside-10k
豊作,outside-10k
識字,outside-10k
極右,outside-10k
読み応え,outside-10k
仏教徒,outside-10k
サポ,outside-10k
ひらく,outside-10k
正一,outside-10k
蔑視,outside-10k
倒錯,outside-10k
泳げ,outside-10k
よぎっ,outside-10k
イントネーション,outside-10k
免れる,outside-10k
ごちそうさま,outside-10k
数子,outside-10k
品々,outside-10k
交友,outside-10k
ロスタイム,outside-10k
一軒家,outside-10k
大内,outside-10k
野崎,outside-10k
毛頭,outside-10k
行き詰まり,outside-10k
立法府,outside-10k
標語,outside-10k
陶酔,outside-10k
せいや,outside-10k
深度,outside-10k
ウクレレ,outside-10k
哀,outside-10k
マリーナ,outside-10k
ひめ,outside-10k
サトウキビ,outside-10k
切り分け,outside-10k
無作為,outside-10k
末永く,outside-10k
秩父,outside-10k
砕け,outside-10k
ぐるり,outside-10k
屁,outside-10k
ストイック,outside-10k
野宿,outside-10k
茶髪,outside-10k
ぼやき,outside-10k
文様,outside-10k
大関,outside-10k
メロ,outside-10k
欠場,outside-10k
正之,outside-10k
マイニング,outside-10k
市区,outside-10k
ゲーセン,outside-10k
ふとん,outside-10k
禁酒,outside-10k
ハロウィン,outside-10k
海里,outside-10k
ビックカメラ,outside-10k
ゲー,outside-10k
変り,outside-10k
クラクション,outside-10k
ハルカ,outside-10k
緩い,outside-10k
ゲド,outside-10k
近海,outside-10k
ゆれ,outside-10k
歌謡,outside-10k
秀次,outside-10k
アユ,outside-10k
今ごろ,outside-10k
泊り,outside-10k
ちさ,outside-10k
濱田,outside-10k
伝来,outside-10k
ウェーバー,outside-10k
屋久島,outside-10k
税調,outside-10k
泊め,outside-10k
中産,outside-10k
自給自足,outside-10k
くも,outside-10k
シド,outside-10k
テヒ,outside-10k
柑,outside-10k
種子島,outside-10k
はけ,outside-10k
かかりつけ,outside-10k
くるん,outside-10k
群像,outside-10k
貌,outside-10k
梶原,outside-10k
ョ,outside-10k
貫か,outside-10k
ブライト,outside-10k
白米,outside-10k
健太,outside-10k
裏切り者,outside-10k
愛せ,outside-10k
作り出さ,outside-10k
振るっ,outside-10k
跳び,outside-10k
応接,outside-10k
ハイデガー,outside-10k
あんこ,outside-10k
つけろ,outside-10k
こんにゃく,outside-10k
ラクダ,outside-10k
ナイーブ,outside-10k
ミクシィ,outside-10k
納車,outside-10k
帆船,outside-10k
大掛かり,outside-10k
物議,outside-10k
四川,outside-10k
読み取れ,outside-10k
雑巾,outside-10k
体長,outside-10k
木の実,outside-10k
恐く,outside-10k
鮟,outside-10k
奇怪,outside-10k
シューベルト,outside-10k
角膜,outside-10k
美食,outside-10k
ヘッダ,outside-10k
主計,outside-10k
うなずき,outside-10k
少年院,outside-10k
ハリソン,outside-10k
保護司,outside-10k
陣地,outside-10k
色紙,outside-10k
アンソロジー,outside-10k
痔,outside-10k
訪日,outside-10k
背伸び,outside-10k
シアン,outside-10k
グラント,outside-10k
眼下,outside-10k
梅干し,outside-10k
大成,outside-10k
利口,outside-10k
競演,outside-10k
尚早,outside-10k
著述,outside-10k
受身,outside-10k
コーエン,outside-10k
船内,outside-10k
天の川,outside-10k
立ち去っ,outside-10k
終局,outside-10k
盲目的,outside-10k
降雨,outside-10k
所用,outside-10k
アッパー,outside-10k
汚,outside-10k
ふっくら,outside-10k
確固,outside-10k
低調,outside-10k
対案,outside-10k
鈍く,outside-10k
更正,outside-10k
絵文字,outside-10k
メド,outside-10k
ツヤ,outside-10k
開業医,outside-10k
カープ,outside-10k
しきたり,outside-10k
小石,outside-10k
伸二,outside-10k
遍路,outside-10k
ひし,outside-10k
ナンバープレート,outside-10k
立件,outside-10k
夏枝,outside-10k
反証,outside-10k
チャイコフスキー,outside-10k
サパテロ,outside-10k
バーゼル,outside-10k
高尚,outside-10k
渡邉,outside-10k
オリバー,outside-10k
極み,outside-10k
伺える,outside-10k
実録,outside-10k
前々回,outside-10k
今一つ,outside-10k
お目にかかっ,outside-10k
志し,outside-10k
ふるまい,outside-10k
出陣,outside-10k
密告,outside-10k
マズ,outside-10k
天皇杯,outside-10k
錫,outside-10k
小道,outside-10k
担,outside-10k
泣かせ,outside-10k
なおさ,outside-10k
店先,outside-10k
雪国,outside-10k
藤山,outside-10k
ほっとい,outside-10k
叢書,outside-10k
親愛,outside-10k
出向き,outside-10k
閉館,outside-10k
すがすがしい,outside-10k
歩道橋,outside-10k
脱水,outside-10k
見過ごし,outside-10k
ウッズ,outside-10k
起爆,outside-10k
不信任,outside-10k
マリノス,outside-10k
創り出し,outside-10k
空振り,outside-10k
のう,outside-10k
呪わ,outside-10k
きたし,outside-10k
逆さ,outside-10k
先鋭,outside-10k
ためらっ,outside-10k
かぐ,outside-10k
ニラ,outside-10k
さかな,outside-10k
写す,outside-10k
アロマテラピー,outside-10k
蘇生,outside-10k
コンベンション,outside-10k
球技,outside-10k
ハネ,outside-10k
秋元,outside-10k
遠野,outside-10k
計数,outside-10k
裏表,outside-10k
サンマ,outside-10k
滞り,outside-10k
爆音,outside-10k
おわっ,outside-10k
かや,outside-10k
聲,outside-10k
触覚,outside-10k
然るべき,outside-10k
竜馬,outside-10k
みなみ,outside-10k
半生,outside-10k
しのぐ,outside-10k
はりきっ,outside-10k
鬱病,outside-10k
取捨選択,outside-10k
庇護,outside-10k
突然変異,outside-10k
託す,outside-10k
ユニホーム,outside-10k
やんちゃ,outside-10k
ハドソン,outside-10k
オブザーバー,outside-10k
だこ,outside-10k
りさ,outside-10k
口腔,outside-10k
閉幕,outside-10k
安置,outside-10k
地酒,outside-10k
毛穴,outside-10k
和製,outside-10k
吸い上げ,outside-10k
巡視,outside-10k
悦,outside-10k
易しい,outside-10k
室温,outside-10k
投薬,outside-10k
コシヒカリ,outside-10k
人見知り,outside-10k
よーし,outside-10k
痛手,outside-10k
惨状,outside-10k
国会図書館,outside-10k
後略,outside-10k
ケベック,outside-10k
浸,outside-10k
逆流,outside-10k
プラ,outside-10k
カウボーイ,outside-10k
どんぶり,outside-10k
悠々,outside-10k
ガイア,outside-10k
を通じ,outside-10k
オーガズム,outside-10k
硫酸,outside-10k
駆け出し,outside-10k
曝露,outside-10k
ジャンケン,outside-10k
コルク,outside-10k
核弾頭,outside-10k
いそ,outside-10k
ガールフレンド,outside-10k
変わろ,outside-10k
三井物産,outside-10k
腹の中,outside-10k
買い方,outside-10k
渾身,outside-10k
ペレ,outside-10k
飛び越え,outside-10k
繰り出す,outside-10k
滑ら,outside-10k
道内,outside-10k
持ち出さ,outside-10k
津軽,outside-10k
憩い,outside-10k
中編,outside-10k
模様替え,outside-10k
見送ら,outside-10k
オックスフォード,outside-10k
室内楽,outside-10k
山陰,outside-10k
ヘルニア,outside-10k
聖者,outside-10k
庸,outside-10k
消え去っ,outside-10k
ばば,outside-10k
喫し,outside-10k
ラブレター,outside-10k
サケ,outside-10k
新し,outside-10k
発話,outside-10k
貫禄,outside-10k
測り,outside-10k
桃色,outside-10k
否や,outside-10k
パルマ,outside-10k
奥野,outside-10k
直ら,outside-10k
煎,outside-10k
執務,outside-10k
時間切れ,outside-10k
余白,outside-10k
手始め,outside-10k
歪,outside-10k
シモン,outside-10k
手放せ,outside-10k
語法,outside-10k
トーキング,outside-10k
マネーサプライ,outside-10k
民団,outside-10k
抗弁,outside-10k
純愛,outside-10k
雄一,outside-10k
翌週,outside-10k
チャラ,outside-10k
けじめ,outside-10k
紘一,outside-10k
太一,outside-10k
クライエント,outside-10k
垣間見る,outside-10k
イノシシ,outside-10k
海藻,outside-10k
減衰,outside-10k
慎吾,outside-10k
引下げ,outside-10k
輪転,outside-10k
中近東,outside-10k
リムジン,outside-10k
大盛り,outside-10k
ジョシュ,outside-10k
寄ら,outside-10k
秘匿,outside-10k
堰,outside-10k
怠ら,outside-10k
ガオグライ,outside-10k
聯,outside-10k
受精卵,outside-10k
耳鳴り,outside-10k
酔っぱらっ,outside-10k
オリエンタル,outside-10k
瑞穂,outside-10k
よみがえる,outside-10k
論壇,outside-10k
屑,outside-10k
文雄,outside-10k
二元論,outside-10k
逐一,outside-10k
ささ,outside-10k
執事,outside-10k
江藤,outside-10k
コイル,outside-10k
ルビ,outside-10k
ひんやり,outside-10k
頼め,outside-10k
論法,outside-10k
賣,outside-10k
さけ,outside-10k
彩る,outside-10k
息吹,outside-10k
三方,outside-10k
クワガタ,outside-10k
ベンチマーク,outside-10k
公選,outside-10k
肺がん,outside-10k
伏,outside-10k
逆らっ,outside-10k
通商産業省,outside-10k
パッション,outside-10k
從,outside-10k
ビー,outside-10k
ひけ,outside-10k
本意,outside-10k
自由が丘,outside-10k
ストライカー,outside-10k
取り除か,outside-10k
拮抗,outside-10k
一宮,outside-10k
風向き,outside-10k
市原,outside-10k
軍服,outside-10k
由美子,outside-10k
パルコ,outside-10k
もの凄い,outside-10k
空き巣,outside-10k
大友,outside-10k
この上なく,outside-10k
たずねる,outside-10k
最寄り,outside-10k
つくれる,outside-10k
帰着,outside-10k
企図,outside-10k
ゾロ,outside-10k
持株,outside-10k
求めよ,outside-10k
初任,outside-10k
浸し,outside-10k
ココナッツ,outside-10k
引っかかり,outside-10k
ナイン,outside-10k
河内,outside-10k
突き進む,outside-10k
頼朝,outside-10k
親交,outside-10k
衣替え,outside-10k
閉口,outside-10k
粘,outside-10k
奇異,outside-10k
スケルトン,outside-10k
ノーツ,outside-10k
ひいき,outside-10k
三日月,outside-10k
東名,outside-10k
ワーキンググループ,outside-10k
尺八,outside-10k
マドリー,outside-10k
底力,outside-10k
敵視,outside-10k
中央公論,outside-10k
村松,outside-10k
朝夕,outside-10k
長き,outside-10k
決起,outside-10k
一人物,outside-10k
びき,outside-10k
原付,outside-10k
語り手,outside-10k
無神経,outside-10k
農夫,outside-10k
維,outside-10k
武家,outside-10k
いっこうに,outside-10k
じゃい,outside-10k
しゃぶしゃぶ,outside-10k
マケドニア,outside-10k
死活,outside-10k
酷評,outside-10k
混,outside-10k
礼賛,outside-10k
一次,outside-10k
不測,outside-10k
江ノ島,outside-10k
痛ましい,outside-10k
空回り,outside-10k
洗,outside-10k
厩舎,outside-10k
離す,outside-10k
先述,outside-10k
こみ上げ,outside-10k
産後,outside-10k
旨み,outside-10k
スノーボード,outside-10k
花子,outside-10k
バンキング,outside-10k
微力,outside-10k
ピ,outside-10k
クリスマスイブ,outside-10k
泪,outside-10k
メッセ,outside-10k
功罪,outside-10k
中隊,outside-10k
マラドーナ,outside-10k
軽薄,outside-10k
かむ,outside-10k
お構い,outside-10k
疎開,outside-10k
習俗,outside-10k
誤訳,outside-10k
渇き,outside-10k
動産,outside-10k
ご時世,outside-10k
新調,outside-10k
告,outside-10k
食える,outside-10k
ねえさん,outside-10k
かわす,outside-10k
くさく,outside-10k
縫,outside-10k
イニシャル,outside-10k
どーも,outside-10k
テレビジョン,outside-10k
ゆがん,outside-10k
出遅れ,outside-10k
すり替え,outside-10k
苦慮,outside-10k
スピーディー,outside-10k
ハーフタイム,outside-10k
若くして,outside-10k
うたう,outside-10k
平沼,outside-10k
素通り,outside-10k
ロリコン,outside-10k
受け渡し,outside-10k
書庫,outside-10k
ランドセル,outside-10k
前座,outside-10k
辛うじて,outside-10k
口笛,outside-10k
区立,outside-10k
走者,outside-10k
ワイワイ,outside-10k
弁証法,outside-10k
透視,outside-10k
タービン,outside-10k
寒波,outside-10k
滅びる,outside-10k
直筆,outside-10k
スイミング,outside-10k
こたつ,outside-10k
錆,outside-10k
和らげる,outside-10k
ソニック,outside-10k
見ろ,outside-10k
フリーライター,outside-10k
拙い,outside-10k
縛る,outside-10k
溶剤,outside-10k
相馬,outside-10k
愀,outside-10k
シャトー,outside-10k
着こなし,outside-10k
素案,outside-10k
パトラッシュ,outside-10k
禁欲,outside-10k
はがし,outside-10k
気に入る,outside-10k
拓也,outside-10k
雨林,outside-10k
ブティック,outside-10k
つかわ,outside-10k
巻か,outside-10k
見苦しい,outside-10k
誤る,outside-10k
屈服,outside-10k
山小屋,outside-10k
希求,outside-10k
一期一会,outside-10k
直営,outside-10k
バタフライ,outside-10k
マッキントッシュ,outside-10k
プレイステーション,outside-10k
デイサービス,outside-10k
為政者,outside-10k
繰り上げ,outside-10k
風通し,outside-10k
退い,outside-10k
さわ,outside-10k
ばかげ,outside-10k
阻ま,outside-10k
庄司,outside-10k
摘ん,outside-10k
マロン,outside-10k
つきまとう,outside-10k
どこぞ,outside-10k
バーバラ,outside-10k
ヨコハマ,outside-10k
潰れる,outside-10k
トランジスタ,outside-10k
気付け,outside-10k
七瀬,outside-10k
抗菌,outside-10k
桃太郎,outside-10k
粟,outside-10k
岐路,outside-10k
ハイランド,outside-10k
場外,outside-10k
提督,outside-10k
頑張れる,outside-10k
母方,outside-10k
狭義,outside-10k
ジンバブエ,outside-10k
序列,outside-10k
悲しん,outside-10k
権能,outside-10k
叡智,outside-10k
ひたむき,outside-10k
テヘラン,outside-10k
謄本,outside-10k
久美,outside-10k
印象深い,outside-10k
子息,outside-10k
迫,outside-10k
フットワーク,outside-10k
インディーズ,outside-10k
健次,outside-10k
ミネソタ,outside-10k
徴,outside-10k
スクリーニング,outside-10k
突か,outside-10k
頭蓋骨,outside-10k
チャイム,outside-10k
人間らしい,outside-10k
シェイク,outside-10k
ダンピング,outside-10k
番付,outside-10k
なかば,outside-10k
覚ます,outside-10k
久米,outside-10k
高速度,outside-10k
目指そ,outside-10k
向井,outside-10k
ビューティー,outside-10k
コドモ,outside-10k
漂着,outside-10k
ジュール,outside-10k
フレキシブル,outside-10k
課外,outside-10k
凶暴,outside-10k
各局,outside-10k
億劫,outside-10k
前払い,outside-10k
ユーモラス,outside-10k
ヒロシマ,outside-10k
キャラバン,outside-10k
小野寺,outside-10k
オズ,outside-10k
神事,outside-10k
もの凄く,outside-10k
区切っ,outside-10k
コーラン,outside-10k
ささやき,outside-10k
フランソワ,outside-10k
戒,outside-10k
済まない,outside-10k
思わさ,outside-10k
チラッ,outside-10k
つなが,outside-10k
理工,outside-10k
たまねぎ,outside-10k
猪口,outside-10k
カナリア,outside-10k
吉永,outside-10k
爆薬,outside-10k
歪め,outside-10k
ドライヤー,outside-10k
闘志,outside-10k
重ね合わ,outside-10k
択,outside-10k
北海道大学,outside-10k
同室,outside-10k
ワーナー,outside-10k
さらば,outside-10k
ミトコンドリア,outside-10k
鳥類,outside-10k
銀杏,outside-10k
遠ざけ,outside-10k
エアライン,outside-10k
保て,outside-10k
地政学,outside-10k
ノット,outside-10k
によります,outside-10k
ウィザード,outside-10k
しいよ,outside-10k
めがけ,outside-10k
倒せ,outside-10k
クエ,outside-10k
清涼,outside-10k
カリブ海,outside-10k
知り合う,outside-10k
家業,outside-10k
モービル,outside-10k
ＪＲ西日本,outside-10k
ウーロン茶,outside-10k
彫り,outside-10k
差し伸べ,outside-10k
痛切,outside-10k
ラバー,outside-10k
フレンズ,outside-10k
泥酔,outside-10k
定規,outside-10k
直進,outside-10k
アゴ,outside-10k
旧友,outside-10k
支払え,outside-10k
積もり,outside-10k
オーディエンス,outside-10k
語れる,outside-10k
福西,outside-10k
宇多田,outside-10k
見あたら,outside-10k
水星,outside-10k
剣士,outside-10k
歌曲,outside-10k
北国,outside-10k
ひよ,outside-10k
漁獲,outside-10k
カイロプラクティック,outside-10k
井村,outside-10k
怠け,outside-10k
インピーダンス,outside-10k
インライン,outside-10k
ローレンス,outside-10k
駄,outside-10k
その時,outside-10k
エネルギッシュ,outside-10k
主管,outside-10k
覚え書き,outside-10k
銀河系,outside-10k
印象派,outside-10k
先例,outside-10k
襯,outside-10k
譲れ,outside-10k
各州,outside-10k
バンカー,outside-10k
説法,outside-10k
回覧,outside-10k
受け答え,outside-10k
売主,outside-10k
大洋,outside-10k
杭州,outside-10k
ローズマリー,outside-10k
松屋,outside-10k
ユーカリ,outside-10k
お釣り,outside-10k
まずかっ,outside-10k
ルーキー,outside-10k
ぎゅっと,outside-10k
焦げ,outside-10k
憎ん,outside-10k
多国,outside-10k
パイン,outside-10k
脳神経,outside-10k
漆黒,outside-10k
サト,outside-10k
ジブリ,outside-10k
赦し,outside-10k
石碑,outside-10k
昇天,outside-10k
柊,outside-10k
衣食住,outside-10k
不穏,outside-10k
挑み,outside-10k
たむろ,outside-10k
にらん,outside-10k
官製,outside-10k
みぞ,outside-10k
平松,outside-10k
返る,outside-10k
開陳,outside-10k
突く,outside-10k
新任,outside-10k
セーフティ,outside-10k
再起,outside-10k
腹立たしい,outside-10k
官吏,outside-10k
子持ち,outside-10k
矛先,outside-10k
大手町,outside-10k
オリコン,outside-10k
対する,outside-10k
腿,outside-10k
済ま,outside-10k
平賀,outside-10k
駄文,outside-10k
高名,outside-10k
だそ,outside-10k
甲野,outside-10k
流儀,outside-10k
赤星,outside-10k
ハーン,outside-10k
根津,outside-10k
シロップ,outside-10k
申しあげ,outside-10k
稲垣,outside-10k
眩しい,outside-10k
カツラ,outside-10k
荒唐無稽,outside-10k
放任,outside-10k
ずい,outside-10k
薦める,outside-10k
減点,outside-10k
水戸黄門,outside-10k
逃さ,outside-10k
十字軍,outside-10k
平林,outside-10k
係わる,outside-10k
語弊,outside-10k
明け暮れ,outside-10k
付けよ,outside-10k
戻れる,outside-10k
瀧,outside-10k
わすれ,outside-10k
揺るがす,outside-10k
詰まる,outside-10k
ダイオード,outside-10k
関学,outside-10k
アメリカ大陸,outside-10k
ホーク,outside-10k
下書き,outside-10k
グダグダ,outside-10k
オセアニア,outside-10k
淀川,outside-10k
山手,outside-10k
スキャナー,outside-10k
大道,outside-10k
狭し,outside-10k
請,outside-10k
地下街,outside-10k
小額,outside-10k
アスパラ,outside-10k
増やそ,outside-10k
間合い,outside-10k
出くわす,outside-10k
スピードアップ,outside-10k
口出し,outside-10k
股関節,outside-10k
滅ぼす,outside-10k
ラグナ,outside-10k
ちひろ,outside-10k
進言,outside-10k
逼迫,outside-10k
キャンディー,outside-10k
棄て,outside-10k
だとすれば,outside-10k
開祖,outside-10k
あれれ,outside-10k
ノズル,outside-10k
失笑,outside-10k
一理,outside-10k
遊具,outside-10k
カド,outside-10k
ゲーマー,outside-10k
やぶ,outside-10k
グレープフルーツ,outside-10k
話し言葉,outside-10k
生ける,outside-10k
豪邸,outside-10k
物置,outside-10k
出方,outside-10k
フィーバー,outside-10k
同族,outside-10k
透析,outside-10k
焦燥,outside-10k
無くす,outside-10k
導き出し,outside-10k
知子,outside-10k
茶の間,outside-10k
搾り,outside-10k
歌集,outside-10k
残骸,outside-10k
佐倉,outside-10k
ワイフ,outside-10k
癩,outside-10k
粘っ,outside-10k
なおも,outside-10k
肥後守,outside-10k
ありあり,outside-10k
本腰,outside-10k
秀明,outside-10k
内覧,outside-10k
つや,outside-10k
東南,outside-10k
間口,outside-10k
延びる,outside-10k
警,outside-10k
吐き出す,outside-10k
つくり上げ,outside-10k
配し,outside-10k
福沢,outside-10k
大日本帝国,outside-10k
ゴールキーパー,outside-10k
北沢,outside-10k
裏金,outside-10k
未完,outside-10k
ペナン,outside-10k
願書,outside-10k
淳一,outside-10k
退廃,outside-10k
多聞,outside-10k
好い,outside-10k
理髪,outside-10k
カヴァー,outside-10k
合言葉,outside-10k
縛っ,outside-10k
倍速,outside-10k
鑑別,outside-10k
宿っ,outside-10k
古び,outside-10k
還暦,outside-10k
ざっくり,outside-10k
親王,outside-10k
御殿,outside-10k
勝ち取る,outside-10k
筋合い,outside-10k
潜伏,outside-10k
後始末,outside-10k
シメ,outside-10k
振り付け,outside-10k
土橋,outside-10k
逸れ,outside-10k
篠田,outside-10k
経て,outside-10k
むかつく,outside-10k
復職,outside-10k
係争,outside-10k
聡明,outside-10k
逆算,outside-10k
外気,outside-10k
ムース,outside-10k
祐一,outside-10k
少い,outside-10k
不誠実,outside-10k
やり遂げ,outside-10k
相澤,outside-10k
市庁舎,outside-10k
戻そ,outside-10k
浸り,outside-10k
うってつけ,outside-10k
茸,outside-10k
泣き寝入り,outside-10k
買春,outside-10k
ふし,outside-10k
モンキー,outside-10k
滅茶苦茶,outside-10k
盛っ,outside-10k
性行為,outside-10k
溶液,outside-10k
ガーディアン,outside-10k
サイコー,outside-10k
着想,outside-10k
しね,outside-10k
ぞろぞろ,outside-10k
羽毛,outside-10k
モンテネグロ,outside-10k
苦味,outside-10k
実像,outside-10k
有機物,outside-10k
増刷,outside-10k
鉾,outside-10k
三十路,outside-10k
草稿,outside-10k
枢機卿,outside-10k
描こ,outside-10k
野獣,outside-10k
原産地,outside-10k
逃がし,outside-10k
見応え,outside-10k
仏語,outside-10k
博文,outside-10k
堅固,outside-10k
小谷,outside-10k
行間,outside-10k
元通り,outside-10k
切磋琢磨,outside-10k
脚注,outside-10k
クォーター,outside-10k
悦子,outside-10k
尚子,outside-10k
叱責,outside-10k
ひつ,outside-10k
哀しみ,outside-10k
殲滅,outside-10k
バザール,outside-10k
叶っ,outside-10k
アスペクト,outside-10k
総集編,outside-10k
立憲,outside-10k
沼田,outside-10k
エネルギ,outside-10k
薬学,outside-10k
そそくさ,outside-10k
ボトルネック,outside-10k
とりまく,outside-10k
お手上げ,outside-10k
ひずみ,outside-10k
志す,outside-10k
物書き,outside-10k
スパーク,outside-10k
習わし,outside-10k
ボレー,outside-10k
ヒステリック,outside-10k
塗,outside-10k
停留所,outside-10k
鴎外,outside-10k
ダダ,outside-10k
発給,outside-10k
消防車,outside-10k
レヴェル,outside-10k
誤算,outside-10k
盡,outside-10k
ケビン,outside-10k
ナタリー,outside-10k
重圧,outside-10k
市会,outside-10k
不慣れ,outside-10k
聖戦,outside-10k
勇気づけ,outside-10k
ゲイリー,outside-10k
食糧庁,outside-10k
もらし,outside-10k
道夫,outside-10k
様変わり,outside-10k
コンボ,outside-10k
ころころ,outside-10k
ミルコ,outside-10k
ワカ,outside-10k
メグ,outside-10k
重々,outside-10k
けち,outside-10k
三原,outside-10k
むく,outside-10k
大韓民国,outside-10k
産品,outside-10k
義務づける,outside-10k
ツーリスト,outside-10k
マトモ,outside-10k
みかけ,outside-10k
開墾,outside-10k
エアロ,outside-10k
ブラックボックス,outside-10k
オフショア,outside-10k
どしどし,outside-10k
赤羽,outside-10k
梅雨明け,outside-10k
黒色,outside-10k
山城,outside-10k
三河,outside-10k
微小,outside-10k
孤高,outside-10k
関連づけ,outside-10k
こなせ,outside-10k
颯爽,outside-10k
汚す,outside-10k
備え付け,outside-10k
ダンプ,outside-10k
傾く,outside-10k
大学卒,outside-10k
麻衣,outside-10k
異名,outside-10k
寝言,outside-10k
寓話,outside-10k
援用,outside-10k
銘打っ,outside-10k
系図,outside-10k
上人,outside-10k
デジ,outside-10k
恰好,outside-10k
歯茎,outside-10k
カザフスタン,outside-10k
傷跡,outside-10k
盆踊り,outside-10k
惜しむ,outside-10k
ゆらぎ,outside-10k
街灯,outside-10k
義人,outside-10k
なじん,outside-10k
正味,outside-10k
暢,outside-10k
熱望,outside-10k
ウェイト,outside-10k
セナ,outside-10k
百合子,outside-10k
やし,outside-10k
ルター,outside-10k
モヤモヤ,outside-10k
損金,outside-10k
おえ,outside-10k
気品,outside-10k
手っ取り早い,outside-10k
ガーゼ,outside-10k
シックス,outside-10k
義援金,outside-10k
カタルシス,outside-10k
オリエント,outside-10k
悔しかっ,outside-10k
ボーイズ,outside-10k
発起人,outside-10k
兵法,outside-10k
毎日新聞社,outside-10k
越境,outside-10k
引き出さ,outside-10k
クレープ,outside-10k
雪印,outside-10k
ソニヤ,outside-10k
武満,outside-10k
仲直り,outside-10k
乱闘,outside-10k
コカコーラ,outside-10k
はら,outside-10k
毒ガス,outside-10k
引き落とし,outside-10k
稼ご,outside-10k
譟,outside-10k
モデルルーム,outside-10k
ブルネイ,outside-10k
共々,outside-10k
雪山,outside-10k
松崎,outside-10k
宛名,outside-10k
サマワ,outside-10k
平たく,outside-10k
カリブ,outside-10k
摘み,outside-10k
苦闘,outside-10k
新一,outside-10k
局地,outside-10k
大敗,outside-10k
オンブズマン,outside-10k
おせっかい,outside-10k
一彦,outside-10k
失言,outside-10k
創発,outside-10k
変る,outside-10k
皆川,outside-10k
ミッシェル,outside-10k
左端,outside-10k
盛ら,outside-10k
再読,outside-10k
フュージョン,outside-10k
すき間,outside-10k
荒く,outside-10k
愚者,outside-10k
神武,outside-10k
ロイズ,outside-10k
つぶ,outside-10k
高けれ,outside-10k
粘り強く,outside-10k
タルト,outside-10k
聞き入れ,outside-10k
夜叉,outside-10k
加奈,outside-10k
投げかける,outside-10k
物販,outside-10k
異種,outside-10k
ヒビ,outside-10k
ハント,outside-10k
抜かし,outside-10k
下値,outside-10k
言い放っ,outside-10k
エイベックス,outside-10k
みか,outside-10k
セオリー,outside-10k
ジュリアン,outside-10k
固形,outside-10k
模造,outside-10k
穏健,outside-10k
ミミズ,outside-10k
空論,outside-10k
原典,outside-10k
企,outside-10k
堕,outside-10k
阪神電鉄,outside-10k
からむ,outside-10k
かえれ,outside-10k
カリカリ,outside-10k
正方形,outside-10k
祝辞,outside-10k
向かい合っ,outside-10k
うふふ,outside-10k
クラゲ,outside-10k
諸説,outside-10k
ハンコ,outside-10k
正念場,outside-10k
見ごたえ,outside-10k
ダブルス,outside-10k
感服,outside-10k
国勢調査,outside-10k
轍,outside-10k
私企業,outside-10k
ちらし,outside-10k
看病,outside-10k
坊や,outside-10k
恒星,outside-10k
メダカ,outside-10k
噴射,outside-10k
全巻,outside-10k
榎本,outside-10k
乱歩,outside-10k
閉ざし,outside-10k
幽,outside-10k
既製,outside-10k
重労働,outside-10k
当期,outside-10k
ドーピング,outside-10k
すばらしかっ,outside-10k
それどころ,outside-10k
痺れ,outside-10k
抜き出し,outside-10k
茶番,outside-10k
羨望,outside-10k
なにもかも,outside-10k
何分,outside-10k
喪,outside-10k
双葉,outside-10k
発狂,outside-10k
実勢,outside-10k
囃子,outside-10k
ジュリエット,outside-10k
併記,outside-10k
割り切れ,outside-10k
脱衣,outside-10k
アラ,outside-10k
差し迫っ,outside-10k
マッチョ,outside-10k
意気投合,outside-10k
死滅,outside-10k
アレキサンダー,outside-10k
浦島,outside-10k
存立,outside-10k
憑かれ,outside-10k
英樹,outside-10k
原生,outside-10k
筋道,outside-10k
モネ,outside-10k
正座,outside-10k
幼年,outside-10k
風変わり,outside-10k
豪語,outside-10k
公文,outside-10k
増築,outside-10k
通ずる,outside-10k
悶々,outside-10k
浄土真宗,outside-10k
あしから,outside-10k
石灰,outside-10k
徳間書店,outside-10k
雄二,outside-10k
ひっきりなしに,outside-10k
に当たり,outside-10k
取り囲む,outside-10k
海兵,outside-10k
思い思い,outside-10k
他愛,outside-10k
守口,outside-10k
踏み切り,outside-10k
陶磁器,outside-10k
幼女,outside-10k
まんじゅう,outside-10k
〆切,outside-10k
翌月,outside-10k
書棚,outside-10k
貸切,outside-10k
制止,outside-10k
浮浪,outside-10k
ばる,outside-10k
美形,outside-10k
直木賞,outside-10k
切り返し,outside-10k
染める,outside-10k
ニコル,outside-10k
御存知,outside-10k
コショウ,outside-10k
親和,outside-10k
邪,outside-10k
ならし,outside-10k
グリーンスパン,outside-10k
振り向く,outside-10k
ラルフ,outside-10k
インタビュアー,outside-10k
物音,outside-10k
教習,outside-10k
司る,outside-10k
大吉,outside-10k
シンセサイザー,outside-10k
助産婦,outside-10k
昭一,outside-10k
卵巣,outside-10k
対空,outside-10k
クラニチャール,outside-10k
絞り込み,outside-10k
確約,outside-10k
スーダン,outside-10k
山の上,outside-10k
煮る,outside-10k
通行止め,outside-10k
生き抜い,outside-10k
太平,outside-10k
素性,outside-10k
存ずる,outside-10k
そうい,outside-10k
ザウルス,outside-10k
移,outside-10k
スタートライン,outside-10k
ツァー,outside-10k
時短,outside-10k
タク,outside-10k
デトックス,outside-10k
ヒモ,outside-10k
みき,outside-10k
エルメス,outside-10k
大株主,outside-10k
伸縮,outside-10k
ムク,outside-10k
使いこなせ,outside-10k
フレッド,outside-10k
往生,outside-10k
リバイバル,outside-10k
しょうもない,outside-10k
ブルックリン,outside-10k
明菜,outside-10k
買い入れ,outside-10k
脊椎,outside-10k
職安,outside-10k
はずさ,outside-10k
養い,outside-10k
動き回っ,outside-10k
だるま,outside-10k
何ぞ,outside-10k
マサチューセッツ,outside-10k
サンシャイン,outside-10k
フロート,outside-10k
烈,outside-10k
散財,outside-10k
シンシア,outside-10k
トレッキング,outside-10k
尽くせ,outside-10k
喜怒哀楽,outside-10k
手芸,outside-10k
ソウルメイト,outside-10k
アイフル,outside-10k
エレクトリック,outside-10k
羨ましく,outside-10k
ぼやけ,outside-10k
省き,outside-10k
始終,outside-10k
ハンティング,outside-10k
挿し,outside-10k
かしげ,outside-10k
カノン,outside-10k
直売,outside-10k
バチ,outside-10k
戦慄,outside-10k
剥い,outside-10k
助演,outside-10k
三菱自動車,outside-10k
絵巻,outside-10k
あらし,outside-10k
軟弱,outside-10k
瘤,outside-10k
ロックバンド,outside-10k
二の次,outside-10k
オマージュ,outside-10k
次代,outside-10k
胸元,outside-10k
イーストウッド,outside-10k
そろ,outside-10k
世に,outside-10k
離乳食,outside-10k
できあがる,outside-10k
ちょん,outside-10k
代官,outside-10k
主教,outside-10k
鑑,outside-10k
はう,outside-10k
暗躍,outside-10k
地層,outside-10k
あいまっ,outside-10k
気が付け,outside-10k
エミリー,outside-10k
せっ,outside-10k
相田,outside-10k
敷,outside-10k
凹み,outside-10k
からかっ,outside-10k
太字,outside-10k
ひそめ,outside-10k
イタ,outside-10k
ランディ,outside-10k
ルームメイト,outside-10k
芥川賞,outside-10k
眉毛,outside-10k
たどりつい,outside-10k
渉,outside-10k
土着,outside-10k
忘れかけ,outside-10k
ダイナミズム,outside-10k
肥え,outside-10k
操っ,outside-10k
アーチャー,outside-10k
渚,outside-10k
埜,outside-10k
タマゴ,outside-10k
ヒストリー,outside-10k
盛り込み,outside-10k
国教,outside-10k
摂っ,outside-10k
サファイア,outside-10k
外面,outside-10k
厳しかっ,outside-10k
テノール,outside-10k
西南,outside-10k
クワ,outside-10k
マシュー,outside-10k
いじめる,outside-10k
当てはめる,outside-10k
サッと,outside-10k
山地,outside-10k
キャッシュカード,outside-10k
オペ,outside-10k
差止め,outside-10k
黄砂,outside-10k
阿修羅,outside-10k
法治国,outside-10k
奥地,outside-10k
丸善,outside-10k
コンシューマ,outside-10k
背丈,outside-10k
桐生,outside-10k
まう,outside-10k
よっしゃ,outside-10k
さと,outside-10k
乱射,outside-10k
ふぐ,outside-10k
手製,outside-10k
持病,outside-10k
腐る,outside-10k
うかつ,outside-10k
触れ合い,outside-10k
発券,outside-10k
痛々しい,outside-10k
前略,outside-10k
潔く,outside-10k
受け付ける,outside-10k
修二,outside-10k
投じる,outside-10k
密入国,outside-10k
うろつい,outside-10k
名古屋大学,outside-10k
再帰,outside-10k
おきる,outside-10k
ナラ,outside-10k
本山,outside-10k
賛歌,outside-10k
明解,outside-10k
変装,outside-10k
しみる,outside-10k
排卵,outside-10k
のま,outside-10k
堅牢,outside-10k
刺青,outside-10k
領地,outside-10k
転写,outside-10k
盗賊,outside-10k
包み込む,outside-10k
立ち話,outside-10k
後戻り,outside-10k
取りあげ,outside-10k
厳罰,outside-10k
グロリア,outside-10k
赴い,outside-10k
吾妻,outside-10k
剥離,outside-10k
醜,outside-10k
立ち去る,outside-10k
コソボ,outside-10k
しろうと,outside-10k
副産物,outside-10k
けつ,outside-10k
りす,outside-10k
許可なく,outside-10k
延ばす,outside-10k
受胎,outside-10k
コタツ,outside-10k
日産自動車,outside-10k
バイバイ,outside-10k
純資産,outside-10k
起こせ,outside-10k
サヤ,outside-10k
ほぐし,outside-10k
宵,outside-10k
どく,outside-10k
医局,outside-10k
苦悶,outside-10k
シャボン,outside-10k
イズム,outside-10k
守れる,outside-10k
御所,outside-10k
けいこ,outside-10k
空く,outside-10k
老け,outside-10k
エリー,outside-10k
サイボーグ,outside-10k
小手先,outside-10k
信濃,outside-10k
二者択一,outside-10k
淡水,outside-10k
はから,outside-10k
エレキ,outside-10k
押,outside-10k
養蚕,outside-10k
ワイシャツ,outside-10k
バウンド,outside-10k
砂丘,outside-10k
水産物,outside-10k
燃え尽き,outside-10k
伴侶,outside-10k
突破口,outside-10k
愚行,outside-10k
喋れ,outside-10k
割り箸,outside-10k
県道,outside-10k
葱,outside-10k
エリク,outside-10k
まかせる,outside-10k
普段着,outside-10k
散りばめ,outside-10k
ハミルトン,outside-10k
駐輪場,outside-10k
銃殺,outside-10k
瞬,outside-10k
清志郎,outside-10k
踏まえる,outside-10k
講話,outside-10k
冬眠,outside-10k
骨組み,outside-10k
イヴ,outside-10k
仕入れる,outside-10k
受かる,outside-10k
狂信,outside-10k
無心,outside-10k
口紅,outside-10k
テキストファイル,outside-10k
害し,outside-10k
州都,outside-10k
スクウェア,outside-10k
予兆,outside-10k
ブロンド,outside-10k
ノンストップ,outside-10k
我家,outside-10k
ヘリオット,outside-10k
心斎橋,outside-10k
サプライヤー,outside-10k
糸井,outside-10k
飛びつい,outside-10k
歯ごたえ,outside-10k
真正,outside-10k
マーサ,outside-10k
神学校,outside-10k
座禅,outside-10k
カミングアウト,outside-10k
架け橋,outside-10k
奉公,outside-10k
恋しく,outside-10k
殺虫,outside-10k
外泊,outside-10k
第三国,outside-10k
清らか,outside-10k
蓄,outside-10k
京王,outside-10k
剥がれ,outside-10k
ニコライ,outside-10k
ズルズル,outside-10k
目隠し,outside-10k
静電気,outside-10k
ランルドルネ,outside-10k
アウェー,outside-10k
不味い,outside-10k
話し手,outside-10k
打率,outside-10k
奨学生,outside-10k
植田,outside-10k
ねェ,outside-10k
イズ,outside-10k
衆参,outside-10k
流血,outside-10k
孤島,outside-10k
ちゃんこ,outside-10k
浄土,outside-10k
ひっくるめ,outside-10k
全農,outside-10k
ナスダック,outside-10k
居候,outside-10k
勅,outside-10k
マインドコントロール,outside-10k
アイツ,outside-10k
アドレナリン,outside-10k
つぶれる,outside-10k
折る,outside-10k
飛散,outside-10k
枡,outside-10k
キチガイ,outside-10k
仁義,outside-10k
一蹴,outside-10k
エー,outside-10k
宮台,outside-10k
奮起,outside-10k
っしょ,outside-10k
比べ物,outside-10k
呟く,outside-10k
嚢,outside-10k
瑠璃,outside-10k
純真,outside-10k
ガセ,outside-10k
陥ら,outside-10k
跳躍,outside-10k
製造元,outside-10k
てよ,outside-10k
軍配,outside-10k
睨ん,outside-10k
スチーム,outside-10k
枚方,outside-10k
ばく,outside-10k
プレイボーイ,outside-10k
似非,outside-10k
クルクル,outside-10k
血友病,outside-10k
讀,outside-10k
奇襲,outside-10k
ドラッグストア,outside-10k
道行く,outside-10k
無機,outside-10k
ニッケル,outside-10k
払い戻し,outside-10k
映し出す,outside-10k
チョムスキー,outside-10k
点け,outside-10k
野暮,outside-10k
相容れない,outside-10k
高み,outside-10k
木内,outside-10k
進呈,outside-10k
世襲,outside-10k
気持ち良く,outside-10k
白雪姫,outside-10k
シンク,outside-10k
背負わ,outside-10k
裏手,outside-10k
親米,outside-10k
大儲け,outside-10k
椀,outside-10k
きたす,outside-10k
湧か,outside-10k
内村,outside-10k
お婆さん,outside-10k
立ち並ぶ,outside-10k
くらっ,outside-10k
香辛料,outside-10k
孫子,outside-10k
根回し,outside-10k
冷ややか,outside-10k
形骸,outside-10k
あっと言う間に,outside-10k
遅らせる,outside-10k
告別,outside-10k
考証,outside-10k
ワラ,outside-10k
プローブ,outside-10k
竜也,outside-10k
そく,outside-10k
見放さ,outside-10k
都議会,outside-10k
県境,outside-10k
工科,outside-10k
探し出す,outside-10k
マネキン,outside-10k
キャプション,outside-10k
情動,outside-10k
イーホームズ,outside-10k
動乱,outside-10k
頭数,outside-10k
川田,outside-10k
土田,outside-10k
殿様,outside-10k
カラン,outside-10k
山里,outside-10k
ブリーフィング,outside-10k
至れ,outside-10k
行き交う,outside-10k
巻き上げ,outside-10k
ポンポン,outside-10k
マーカ,outside-10k
哀悼,outside-10k
期す,outside-10k
里子,outside-10k
森川,outside-10k
寺島,outside-10k
嘱託,outside-10k
コントラバス,outside-10k
大群,outside-10k
片思い,outside-10k
アンダーソン,outside-10k
言い張る,outside-10k
調べよ,outside-10k
塗り替え,outside-10k
ユタ,outside-10k
思い起こし,outside-10k
くじけ,outside-10k
手掛ける,outside-10k
ギレ,outside-10k
救え,outside-10k
八代,outside-10k
ぐるっと,outside-10k
増谷,outside-10k
プーランク,outside-10k
音速,outside-10k
連ねる,outside-10k
バージニア,outside-10k
ナビゲーター,outside-10k
神代,outside-10k
教主,outside-10k
朧,outside-10k
日経ＢＰ,outside-10k
宮下,outside-10k
眉間,outside-10k
退避,outside-10k
控え室,outside-10k
にあたりまして,outside-10k
蒋介石,outside-10k
ターザン,outside-10k
ガチンコ,outside-10k
タロット,outside-10k
補聴器,outside-10k
フレア,outside-10k
一男,outside-10k
よろこび,outside-10k
メイキング,outside-10k
掛金,outside-10k
ヒスパニック,outside-10k
えら,outside-10k
拙,outside-10k
落ちつい,outside-10k
ずく,outside-10k
貴金属,outside-10k
繰り,outside-10k
真紀,outside-10k
秘策,outside-10k
ゆらゆら,outside-10k
大江戸,outside-10k
視聴覚,outside-10k
マリナーズ,outside-10k
スループット,outside-10k
割り込ん,outside-10k
釣ら,outside-10k
耳鼻科,outside-10k
うふ,outside-10k
育てよ,outside-10k
踏み込む,outside-10k
メルヘン,outside-10k
まかなう,outside-10k
キモチ,outside-10k
押し込ん,outside-10k
再審,outside-10k
ヨメ,outside-10k
木綿,outside-10k
サミュエル,outside-10k
憑,outside-10k
ゴルゴ,outside-10k
雁,outside-10k
エロゲー,outside-10k
抜け落ち,outside-10k
やりきれない,outside-10k
ちまちま,outside-10k
おしり,outside-10k
仕分け,outside-10k
りこ,outside-10k
単勝,outside-10k
沈静,outside-10k
広まる,outside-10k
バスターミナル,outside-10k
ヴェーセン,outside-10k
悲哀,outside-10k
待ち望ん,outside-10k
押入れ,outside-10k
まじり,outside-10k
決裂,outside-10k
手掛かり,outside-10k
愛顧,outside-10k
出会わ,outside-10k
几帳面,outside-10k
シナモン,outside-10k
割増,outside-10k
忌,outside-10k
京極,outside-10k
プロローグ,outside-10k
基軸,outside-10k
陽一,outside-10k
ハッチ,outside-10k
動き回る,outside-10k
米山,outside-10k
樂,outside-10k
ばりばり,outside-10k
おつもり,outside-10k
過食,outside-10k
中３,outside-10k
佐川,outside-10k
舞鶴,outside-10k
ハムスター,outside-10k
めった,outside-10k
信ずる,outside-10k
旦,outside-10k
支離滅裂,outside-10k
門前,outside-10k
元金,outside-10k
更年期,outside-10k
特効薬,outside-10k
ワンタッチ,outside-10k
マルセイユ,outside-10k
オアフ,outside-10k
筆跡,outside-10k
ジンクス,outside-10k
獄中,outside-10k
ガンジー,outside-10k
おそろしい,outside-10k
プログ,outside-10k
罹患,outside-10k
監訳,outside-10k
早苗,outside-10k
スロープ,outside-10k
禿,outside-10k
オージー,outside-10k
しる,outside-10k
ゲストハウス,outside-10k
ふろ,outside-10k
とり方,outside-10k
覆し,outside-10k
手立て,outside-10k
合算,outside-10k
服役,outside-10k
へる,outside-10k
低位,outside-10k
就き,outside-10k
譲り受け,outside-10k
凹凸,outside-10k
カルビ,outside-10k
歩こ,outside-10k
気まずい,outside-10k
幸男,outside-10k
駆け足,outside-10k
ラッピング,outside-10k
足し算,outside-10k
戻せ,outside-10k
朝飯,outside-10k
行き場,outside-10k
トロンボーン,outside-10k
頼れる,outside-10k
江川,outside-10k
出回る,outside-10k
弾き語り,outside-10k
重かっ,outside-10k
大乗,outside-10k
受け継ぐ,outside-10k
炊く,outside-10k
担ぎ,outside-10k
微々たる,outside-10k
数個,outside-10k
福知山線,outside-10k
木目,outside-10k
フクロウ,outside-10k
陽射し,outside-10k
塩基,outside-10k
一年中,outside-10k
上機嫌,outside-10k
更迭,outside-10k
着任,outside-10k
小話,outside-10k
統廃合,outside-10k
教壇,outside-10k
急死,outside-10k
休戦,outside-10k
ヒステリー,outside-10k
子弟,outside-10k
寡占,outside-10k
ホタテ,outside-10k
被曝,outside-10k
フレディ,outside-10k
父ちゃん,outside-10k
明文化,outside-10k
突き抜け,outside-10k
エディンバラ,outside-10k
名札,outside-10k
イニシアティブ,outside-10k
有期,outside-10k
手触り,outside-10k
チェチェン,outside-10k
恍惚,outside-10k
一語,outside-10k
寂しかっ,outside-10k
貸さ,outside-10k
初老,outside-10k
萌芽,outside-10k
ルイジアナ,outside-10k
アーリア,outside-10k
つくり出す,outside-10k
山東,outside-10k
散漫,outside-10k
たくましい,outside-10k
純度,outside-10k
同大,outside-10k
詠ん,outside-10k
アーツ,outside-10k
概念的,outside-10k
若松,outside-10k
うらやましく,outside-10k
小ぶり,outside-10k
木の下,outside-10k
掛け合い,outside-10k
東大阪,outside-10k
光一,outside-10k
宮家,outside-10k
イマジネーション,outside-10k
升,outside-10k
かなえる,outside-10k
排し,outside-10k
表裏一体,outside-10k
みつめ,outside-10k
宗像,outside-10k
ハンディキャップ,outside-10k
レイヤ,outside-10k
ブザー,outside-10k
北海道新聞,outside-10k
賃借,outside-10k
差し上げる,outside-10k
むつ,outside-10k
割ら,outside-10k
橋梁,outside-10k
ランチタイム,outside-10k
汚さ,outside-10k
万里,outside-10k
克彦,outside-10k
法師,outside-10k
鋼材,outside-10k
たね,outside-10k
至近,outside-10k
活き,outside-10k
美濃,outside-10k
テリロジー,outside-10k
すずめ,outside-10k
翻案,outside-10k
マリリン,outside-10k
短距離,outside-10k
好況,outside-10k
ブータン,outside-10k
トリートメント,outside-10k
まいら,outside-10k
茂雄,outside-10k
継ぎ,outside-10k
篭,outside-10k
ダイアモンド,outside-10k
三井住友銀行,outside-10k
中西部,outside-10k
廻る,outside-10k
わが身,outside-10k
木陰,outside-10k
畠山,outside-10k
凪,outside-10k
旋風,outside-10k
化身,outside-10k
長井,outside-10k
蘇州,outside-10k
茨木,outside-10k
即席,outside-10k
哲哉,outside-10k
もれなく,outside-10k
悲痛,outside-10k
奥深,outside-10k
船体,outside-10k
留まり,outside-10k
拡げ,outside-10k
チョイ,outside-10k
一抹,outside-10k
確たる,outside-10k
熱し,outside-10k
不眠症,outside-10k
のぶ,outside-10k
バジル,outside-10k
とうに,outside-10k
渇い,outside-10k
較べ,outside-10k
土間,outside-10k
とんと,outside-10k
アーキテクチャー,outside-10k
引きつけ,outside-10k
護憲,outside-10k
まか,outside-10k
おおまか,outside-10k
アバター,outside-10k
コンテ,outside-10k
高杉,outside-10k
万国,outside-10k
敷く,outside-10k
ピタリ,outside-10k
不発,outside-10k
松下電器,outside-10k
架橋,outside-10k
大判,outside-10k
近傍,outside-10k
時報,outside-10k
ターム,outside-10k
騙す,outside-10k
クランク,outside-10k
フィーリング,outside-10k
慣れ親しん,outside-10k
土肥,outside-10k
睫,outside-10k
替え歌,outside-10k
手綱,outside-10k
退却,outside-10k
ベビーシッター,outside-10k
準ずる,outside-10k
元利,outside-10k
トレードオフ,outside-10k
切な,outside-10k
泣き声,outside-10k
読み取っ,outside-10k
裂け,outside-10k
アラー,outside-10k
直そ,outside-10k
木谷,outside-10k
論述,outside-10k
とまら,outside-10k
買い出し,outside-10k
裕之,outside-10k
渇望,outside-10k
文型,outside-10k
就航,outside-10k
パ・リーグ,outside-10k
警護,outside-10k
暴く,outside-10k
つぐみ,outside-10k
出し合っ,outside-10k
新撰,outside-10k
調度,outside-10k
植樹,outside-10k
商務,outside-10k
キャッシングアフィリエイト,outside-10k
すごす,outside-10k
ウォー,outside-10k
唾液,outside-10k
東電,outside-10k
マウンド,outside-10k
睡眠薬,outside-10k
非合理,outside-10k
マンツーマン,outside-10k
にぎわっ,outside-10k
看過,outside-10k
木戸,outside-10k
榊,outside-10k
解し,outside-10k
フィリップス,outside-10k
シマウマ,outside-10k
解毒,outside-10k
ヒラリー,outside-10k
結論づけ,outside-10k
後片付け,outside-10k
ジェトロ,outside-10k
ひっくり返っ,outside-10k
ファイブ,outside-10k
評さ,outside-10k
だま,outside-10k
血筋,outside-10k
殺そ,outside-10k
こんち,outside-10k
むなしく,outside-10k
泣かさ,outside-10k
ライプニッツ,outside-10k
デリバリー,outside-10k
ばらし,outside-10k
でかける,outside-10k
閉まる,outside-10k
グライダー,outside-10k
一人っ子,outside-10k
方便,outside-10k
ブランディング,outside-10k
大宅,outside-10k
誠司,outside-10k
ナオミ,outside-10k
信用金庫,outside-10k
下調べ,outside-10k
アウェイ,outside-10k
申し合わせ,outside-10k
願わ,outside-10k
お陰様,outside-10k
途切れる,outside-10k
所帯,outside-10k
續,outside-10k
荒れる,outside-10k
法外,outside-10k
裏目,outside-10k
林野庁,outside-10k
ジェニファー,outside-10k
巡航,outside-10k
実社会,outside-10k
昨日今日,outside-10k
キャッシング,outside-10k
立ち止まる,outside-10k
無期限,outside-10k
富岡,outside-10k
遠のい,outside-10k
託さ,outside-10k
アーチスト,outside-10k
セロリ,outside-10k
やかん,outside-10k
すんません,outside-10k
八百長,outside-10k
大枠,outside-10k
臨終,outside-10k
農水,outside-10k
強靭,outside-10k
光熱,outside-10k
スイート,outside-10k
鎮静,outside-10k
先回り,outside-10k
岸本,outside-10k
編ん,outside-10k
フサ,outside-10k
水増し,outside-10k
長門,outside-10k
ハーモニカ,outside-10k
兼用,outside-10k
王侯,outside-10k
イタズラ,outside-10k
掻き,outside-10k
久しく,outside-10k
断ち切る,outside-10k
本拠,outside-10k
臨,outside-10k
すらすら,outside-10k
逢え,outside-10k
着か,outside-10k
あじさい,outside-10k
アンマン,outside-10k
略語,outside-10k
家臣,outside-10k
甲状腺,outside-10k
近づか,outside-10k
分子生物学,outside-10k
キチ,outside-10k
応ずる,outside-10k
東條,outside-10k
沸く,outside-10k
切り捨てる,outside-10k
タケノコ,outside-10k
売り込む,outside-10k
一筋縄,outside-10k
親権,outside-10k
赤城,outside-10k
奉行,outside-10k
看守,outside-10k
さつき,outside-10k
海沿い,outside-10k
郷里,outside-10k
当てはまり,outside-10k
狭め,outside-10k
定まら,outside-10k
セダン,outside-10k
無機質,outside-10k
滅ぼし,outside-10k
チェルノブイリ,outside-10k
早寝,outside-10k
香ばしい,outside-10k
蛾,outside-10k
お勤め,outside-10k
取りやめ,outside-10k
コンゴ,outside-10k
入出力,outside-10k
稼業,outside-10k
騎馬,outside-10k
見ず知らず,outside-10k
腐り,outside-10k
混血,outside-10k
荷台,outside-10k
足踏み,outside-10k
ムスメ,outside-10k
ルシア,outside-10k
表彰台,outside-10k
容貌,outside-10k
ファームウェア,outside-10k
安西,outside-10k
差し引き,outside-10k
他県,outside-10k
元手,outside-10k
かたや,outside-10k
枝葉,outside-10k
修一,outside-10k
牝馬,outside-10k
鷭,outside-10k
陽光,outside-10k
風説,outside-10k
本流,outside-10k
落ちこぼれ,outside-10k
役に立て,outside-10k
ヘッダー,outside-10k
意訳,outside-10k
きつ,outside-10k
迷い込ん,outside-10k
形而上学,outside-10k
伺,outside-10k
人称,outside-10k
ボーッ,outside-10k
イリノイ,outside-10k
見せ付け,outside-10k
ホープ,outside-10k
埋め込み,outside-10k
こじつけ,outside-10k
おそろい,outside-10k
竹林,outside-10k
サッチャー,outside-10k
商売人,outside-10k
婆ちゃん,outside-10k
越後,outside-10k
系統的,outside-10k
共闘,outside-10k
かなた,outside-10k
はやら,outside-10k
デザイナーズ,outside-10k
宝島,outside-10k
球体,outside-10k
通説,outside-10k
クリスティ,outside-10k
日雇い,outside-10k
金丸,outside-10k
突起,outside-10k
揺らし,outside-10k
渋り,outside-10k
語り合い,outside-10k
じいちゃん,outside-10k
信任,outside-10k
マト,outside-10k
チャ,outside-10k
別格,outside-10k
成年,outside-10k
遊牧民,outside-10k
藩主,outside-10k
防具,outside-10k
花道,outside-10k
山盛り,outside-10k
プロジェクタ,outside-10k
珠玉,outside-10k
つくり出し,outside-10k
餌食,outside-10k
遅くとも,outside-10k
パフ,outside-10k
戦友,outside-10k
ヘッドライト,outside-10k
幻冬舎,outside-10k
抑,outside-10k
フィルハーモニー,outside-10k
赤裸々,outside-10k
下図,outside-10k
弊,outside-10k
山野,outside-10k
罷免,outside-10k
咎め,outside-10k
洪,outside-10k
助産,outside-10k
擁し,outside-10k
北西部,outside-10k
ツキノワグマ,outside-10k
騒がしい,outside-10k
ブラザーズ,outside-10k
後払い,outside-10k
内実,outside-10k
戦績,outside-10k
リニア,outside-10k
ディナモ,outside-10k
持ち家,outside-10k
閉じこめ,outside-10k
取り急ぎ,outside-10k
汲み,outside-10k
即死,outside-10k
気兼ね,outside-10k
武豊,outside-10k
白状,outside-10k
フランキー,outside-10k
豕,outside-10k
外伝,outside-10k
たらい,outside-10k
井原,outside-10k
仮釈放,outside-10k
関門,outside-10k
畜生,outside-10k
ふんわり,outside-10k
禁忌,outside-10k
幕張,outside-10k
高柳,outside-10k
うろ覚え,outside-10k
軽油,outside-10k
なぐ,outside-10k
瓦礫,outside-10k
異形,outside-10k
ちらりと,outside-10k
プロレスラー,outside-10k
尽く,outside-10k
三宅島,outside-10k
三種,outside-10k
改称,outside-10k
かき集め,outside-10k
さえずり,outside-10k
すがる,outside-10k
面持ち,outside-10k
かっぱ,outside-10k
入り組ん,outside-10k
見習う,outside-10k
脱サラ,outside-10k
軌,outside-10k
エナジー,outside-10k
ガリガリ,outside-10k
墓場,outside-10k
生粋,outside-10k
デビット,outside-10k
つぶさに,outside-10k
かえり,outside-10k
朔,outside-10k
テンプル,outside-10k
保てる,outside-10k
風間,outside-10k
何だかんだ,outside-10k
グ,outside-10k
ウェスト,outside-10k
ぬり,outside-10k
ツナ,outside-10k
払込,outside-10k
はえ,outside-10k
オラクル,outside-10k
溝口,outside-10k
龍之介,outside-10k
セーフティー,outside-10k
ヒナ,outside-10k
身の上,outside-10k
まぐろ,outside-10k
高給,outside-10k
いづれ,outside-10k
多勢,outside-10k
蛸,outside-10k
後段,outside-10k
子分,outside-10k
カラクリ,outside-10k
コミュニケーションズ,outside-10k
デイヴィス,outside-10k
例題,outside-10k
藤川,outside-10k
赤毛,outside-10k
ぱらぱら,outside-10k
ラフマニノフ,outside-10k
田舎者,outside-10k
手厚い,outside-10k
首輪,outside-10k
月次,outside-10k
末っ子,outside-10k
いびき,outside-10k
彩ら,outside-10k
至高,outside-10k
始業,outside-10k
鮮烈,outside-10k
ぐずぐず,outside-10k
ビギナー,outside-10k
兼ね合い,outside-10k
手早く,outside-10k
北アイルランド,outside-10k
紙一重,outside-10k
はやい,outside-10k
桜庭,outside-10k
オイルショック,outside-10k
ろう者,outside-10k
振り込ま,outside-10k
討伐,outside-10k
塩崎,outside-10k
スタ,outside-10k
三流,outside-10k
そごう,outside-10k
両輪,outside-10k
一つひとつ,outside-10k
惨劇,outside-10k
偉く,outside-10k
チャイニーズ,outside-10k
接地,outside-10k
呼,outside-10k
持久,outside-10k
命運,outside-10k
使用人,outside-10k
越前,outside-10k
魴,outside-10k
番人,outside-10k
深化,outside-10k
単数,outside-10k
翻って,outside-10k
解する,outside-10k
臑,outside-10k
引き連れ,outside-10k
山陽,outside-10k
膀胱,outside-10k
徴用,outside-10k
妥結,outside-10k
図柄,outside-10k
小高い,outside-10k
余興,outside-10k
エクスタシー,outside-10k
塩谷,outside-10k
まとい,outside-10k
勇人,outside-10k
バンドル,outside-10k
梓,outside-10k
マンホール,outside-10k
運悪く,outside-10k
しげる,outside-10k
マリファナ,outside-10k
カゼ,outside-10k
幻滅,outside-10k
来院,outside-10k
心温まる,outside-10k
左衛門,outside-10k
狂乱,outside-10k
同誌,outside-10k
尾形,outside-10k
支所,outside-10k
評者,outside-10k
ウェブサービス,outside-10k
万端,outside-10k
助っ人,outside-10k
コンビニエンスストア,outside-10k
リプレイ,outside-10k
興し,outside-10k
オニール,outside-10k
使い果たし,outside-10k
スウィング,outside-10k
くやしい,outside-10k
横切る,outside-10k
花瓶,outside-10k
ベイビー,outside-10k
木島,outside-10k
愿,outside-10k
注記,outside-10k
室外,outside-10k
ヨドバシ,outside-10k
岩場,outside-10k
葛西,outside-10k
仕返し,outside-10k
批判的,outside-10k
引継ぎ,outside-10k
職歴,outside-10k
ルアー,outside-10k
ザール,outside-10k
いたい,outside-10k
食い止める,outside-10k
紡績,outside-10k
つね,outside-10k
三成,outside-10k
進学校,outside-10k
弧,outside-10k
デュエット,outside-10k
激烈,outside-10k
すべり,outside-10k
不屈,outside-10k
班長,outside-10k
追突,outside-10k
ジョーダン,outside-10k
怠る,outside-10k
船乗り,outside-10k
ちらちら,outside-10k
熱唱,outside-10k
ガードマン,outside-10k
詰まら,outside-10k
什,outside-10k
入党,outside-10k
高田馬場,outside-10k
ほめる,outside-10k
シャルル,outside-10k
所感,outside-10k
罵声,outside-10k
鯡,outside-10k
パフェ,outside-10k
無愛想,outside-10k
選書,outside-10k
去,outside-10k
テレコム,outside-10k
公館,outside-10k
血行,outside-10k
姫君,outside-10k
内気,outside-10k
出直し,outside-10k
型番,outside-10k
船上,outside-10k
振る舞う,outside-10k
不破,outside-10k
御子,outside-10k
門司,outside-10k
素手,outside-10k
なだらか,outside-10k
キーン,outside-10k
浮かべる,outside-10k
中居,outside-10k
したっ,outside-10k
演ずる,outside-10k
のせる,outside-10k
着替える,outside-10k
乗り気,outside-10k
当り前,outside-10k
買い取る,outside-10k
糖分,outside-10k
ニューオリンズ,outside-10k
成さ,outside-10k
セーヌ,outside-10k
堯,outside-10k
投げ捨て,outside-10k
謄,outside-10k
吸い込ん,outside-10k
主幹,outside-10k
付箋,outside-10k
ローター,outside-10k
擬態,outside-10k
行者,outside-10k
四宮,outside-10k
野良猫,outside-10k
墨田,outside-10k
全廃,outside-10k
沿革,outside-10k
うとうと,outside-10k
堺屋,outside-10k
モンタナ,outside-10k
北風,outside-10k
駆けつける,outside-10k
フォーメーション,outside-10k
駅弁,outside-10k
ペスト,outside-10k
雑煮,outside-10k
性愛,outside-10k
及ぼさ,outside-10k
アワード,outside-10k
マーチン,outside-10k
師事,outside-10k
邦夫,outside-10k
温める,outside-10k
タカラ,outside-10k
冒涜,outside-10k
ホットドッグ,outside-10k
追え,outside-10k
きっぱりと,outside-10k
チャーミング,outside-10k
嘉手納,outside-10k
耐熱,outside-10k
油絵,outside-10k
スパイダーマン,outside-10k
瞼,outside-10k
脅さ,outside-10k
宮古島,outside-10k
アメフト,outside-10k
おこす,outside-10k
ボンネット,outside-10k
汐留,outside-10k
突き進ん,outside-10k
田島,outside-10k
千秋,outside-10k
徹する,outside-10k
ヴァナ,outside-10k
恋心,outside-10k
新案,outside-10k
くれよ,outside-10k
エントロピー,outside-10k
ホワイトカラー,outside-10k
秀才,outside-10k
基く,outside-10k
すまし,outside-10k
名店,outside-10k
ブレスレット,outside-10k
のれん,outside-10k
分校,outside-10k
この度,outside-10k
ウザ,outside-10k
気持ち良い,outside-10k
ダイアル,outside-10k
載,outside-10k
甘美,outside-10k
非武装,outside-10k
あび,outside-10k
バブ,outside-10k
スヌーピー,outside-10k
抑留,outside-10k
糊,outside-10k
組長,outside-10k
尋,outside-10k
たか子,outside-10k
難なく,outside-10k
クロム,outside-10k
タヒチ,outside-10k
賃上げ,outside-10k
葦,outside-10k
おろす,outside-10k
スカル,outside-10k
呼び寄せ,outside-10k
吉澤,outside-10k
永野,outside-10k
かまっ,outside-10k
問診,outside-10k
徒然草,outside-10k
縮める,outside-10k
リナ,outside-10k
見込め,outside-10k
東条,outside-10k
参上,outside-10k
助詞,outside-10k
ピア,outside-10k
キーホルダー,outside-10k
反共,outside-10k
ジュノ,outside-10k
持ち直し,outside-10k
ラード,outside-10k
バックボーン,outside-10k
鯆,outside-10k
トキ,outside-10k
アウトバーン,outside-10k
横流し,outside-10k
立ち会い,outside-10k
旅路,outside-10k
不潔,outside-10k
縁組,outside-10k
っ放し,outside-10k
セフレ,outside-10k
たわごと,outside-10k
バージン,outside-10k
二男,outside-10k
柚子,outside-10k
ぶちまけ,outside-10k
うまれ,outside-10k
勧奨,outside-10k
スイマセン,outside-10k
決めよ,outside-10k
ごころ,outside-10k
付き合わ,outside-10k
食らう,outside-10k
しおり,outside-10k
見劣り,outside-10k
慣性,outside-10k
振るう,outside-10k
パナソニック,outside-10k
朝礼,outside-10k
並行輸入,outside-10k
あきれる,outside-10k
磁力,outside-10k
好演,outside-10k
借りれ,outside-10k
利他,outside-10k
ジェシカ,outside-10k
江島,outside-10k
トリガー,outside-10k
守護神,outside-10k
更衣,outside-10k
棚上げ,outside-10k
コウモリ,outside-10k
やいなや,outside-10k
触れ合う,outside-10k
聞かし,outside-10k
椎茸,outside-10k
よぎる,outside-10k
修司,outside-10k
気づかい,outside-10k
熱帯魚,outside-10k
誌面,outside-10k
溶ける,outside-10k
ダイアログボックス,outside-10k
春節,outside-10k
収斂,outside-10k
おぼしき,outside-10k
爬虫類,outside-10k
代議員,outside-10k
頓挫,outside-10k
頷く,outside-10k
きびしく,outside-10k
悲嘆,outside-10k
あかり,outside-10k
ヒドイ,outside-10k
特売,outside-10k
せしめる,outside-10k
中央大学,outside-10k
仏陀,outside-10k
入れ物,outside-10k
セルティック,outside-10k
先達,outside-10k
ミドルシュート,outside-10k
誤用,outside-10k
世銀,outside-10k
主軸,outside-10k
歓,outside-10k
昇降,outside-10k
おさまる,outside-10k
ハリーポッター,outside-10k
イベリア,outside-10k
真心,outside-10k
ジャスミン,outside-10k
志郎,outside-10k
海野,outside-10k
睦,outside-10k
ヒッチコック,outside-10k
夕張,outside-10k
とじ,outside-10k
夜食,outside-10k
飛び出,outside-10k
アチェ,outside-10k
混む,outside-10k
ほな,outside-10k
留める,outside-10k
無常,outside-10k
積載,outside-10k
払い下げ,outside-10k
陥れ,outside-10k
可算,outside-10k
オーケー,outside-10k
教科書問題,outside-10k
邪道,outside-10k
クーパー,outside-10k
給湯,outside-10k
天命,outside-10k
番頭,outside-10k
ベタベタ,outside-10k
根っから,outside-10k
自生,outside-10k
アングラ,outside-10k
訴求,outside-10k
別室,outside-10k
果ては,outside-10k
広角,outside-10k
そそる,outside-10k
街宣,outside-10k
直立,outside-10k
物足りな,outside-10k
準用,outside-10k
ソヌ,outside-10k
損なっ,outside-10k
小言,outside-10k
サカ,outside-10k
監事,outside-10k
陰影,outside-10k
冷暖房,outside-10k
時流,outside-10k
パター,outside-10k
エミ,outside-10k
はむ,outside-10k
杉原,outside-10k
医科,outside-10k
電光,outside-10k
遜色,outside-10k
マヌケ,outside-10k
助けよ,outside-10k
虚無,outside-10k
恩人,outside-10k
ラジカセ,outside-10k
クライスラー,outside-10k
各駅,outside-10k
飛騨,outside-10k
きまぐれ,outside-10k
乳酸菌,outside-10k
チェイニー,outside-10k
偶発,outside-10k
牧歌,outside-10k
演題,outside-10k
正教会,outside-10k
驚,outside-10k
逝く,outside-10k
捕まる,outside-10k
とぎ,outside-10k
富士見,outside-10k
埠頭,outside-10k
うなずく,outside-10k
振り返れ,outside-10k
節句,outside-10k
募り,outside-10k
上程,outside-10k
正明,outside-10k
救い主,outside-10k
助力,outside-10k
オムニバス,outside-10k
適任,outside-10k
おおく,outside-10k
いびつ,outside-10k
つこ,outside-10k
かざし,outside-10k
つくりあげ,outside-10k
退官,outside-10k
だっこ,outside-10k
怪訝,outside-10k
憲兵,outside-10k
並大抵,outside-10k
八ヶ岳,outside-10k
たたか,outside-10k
矢吹,outside-10k
農山,outside-10k
振舞っ,outside-10k
開き直り,outside-10k
拡がり,outside-10k
本邦,outside-10k
目論見,outside-10k
拙著,outside-10k
チンピラ,outside-10k
ユ,outside-10k
省み,outside-10k
蹄,outside-10k
チャンピオンシップ,outside-10k
七面鳥,outside-10k
圃,outside-10k
バント,outside-10k
三笠,outside-10k
染まる,outside-10k
つかま,outside-10k
健一郎,outside-10k
タイムラグ,outside-10k
紂,outside-10k
いやらしい,outside-10k
客体,outside-10k
発色,outside-10k
白木,outside-10k
フォスター,outside-10k
降り注ぐ,outside-10k
でかく,outside-10k
松川,outside-10k
稲妻,outside-10k
四肢,outside-10k
はと,outside-10k
ペーパーバック,outside-10k
推し進める,outside-10k
槽,outside-10k
賄,outside-10k
奮,outside-10k
エピローグ,outside-10k
底値,outside-10k
けっきょ,outside-10k
居り,outside-10k
ニューヨーク・タイムズ,outside-10k
後藤田,outside-10k
ロート,outside-10k
見渡せる,outside-10k
リージョン,outside-10k
当直,outside-10k
貳,outside-10k
緩み,outside-10k
はさ,outside-10k
吠える,outside-10k
雑踏,outside-10k
しゅん,outside-10k
敷金,outside-10k
関東大震災,outside-10k
ジョッキ,outside-10k
トレイン,outside-10k
公会,outside-10k
幸夫,outside-10k
レディー,outside-10k
常温,outside-10k
写実,outside-10k
生々しく,outside-10k
太子,outside-10k
はぐれ,outside-10k
打算,outside-10k
セキ,outside-10k
きずな,outside-10k
肋,outside-10k
抱え込ん,outside-10k
ヤル,outside-10k
除草,outside-10k
査証,outside-10k
女帝,outside-10k
疑問符,outside-10k
強権,outside-10k
沙都子,outside-10k
クルーザー,outside-10k
挟み,outside-10k
息切れ,outside-10k
ガイ,outside-10k
ジャミン,outside-10k
なりすまし,outside-10k
ローション,outside-10k
賛辞,outside-10k
振舞う,outside-10k
被り,outside-10k
キャンベル,outside-10k
移り住ん,outside-10k
吸入,outside-10k
熟考,outside-10k
ボコボコ,outside-10k
もどかし,outside-10k
拓く,outside-10k
掃,outside-10k
ロブ,outside-10k
過当,outside-10k
遍歴,outside-10k
身軽,outside-10k
ドジ,outside-10k
栄一,outside-10k
改編,outside-10k
ツタ,outside-10k
詰め込ま,outside-10k
見当たり,outside-10k
速水,outside-10k
アット,outside-10k
赳夫,outside-10k
誤魔化し,outside-10k
ルーティング,outside-10k
祭司,outside-10k
壽,outside-10k
掛から,outside-10k
演芸,outside-10k
供用,outside-10k
失念,outside-10k
某氏,outside-10k
有れ,outside-10k
張本人,outside-10k
生かせ,outside-10k
英夫,outside-10k
量刑,outside-10k
催,outside-10k
苦しめる,outside-10k
吹け,outside-10k
バルーン,outside-10k
タイピング,outside-10k
原審,outside-10k
威勢,outside-10k
立ち止まり,outside-10k
シーネットネットワークスジャパン,outside-10k
コカイン,outside-10k
汚濁,outside-10k
ルーフ,outside-10k
擬,outside-10k
食道,outside-10k
スル,outside-10k
宮司,outside-10k
飛び回っ,outside-10k
コアラ,outside-10k
單,outside-10k
不動明王,outside-10k
フラストレーション,outside-10k
町歩,outside-10k
ウェイター,outside-10k
ホルムアルデヒド,outside-10k
福永,outside-10k
副島,outside-10k
フラッグ,outside-10k
一群,outside-10k
チョーク,outside-10k
ゆたか,outside-10k
指し示す,outside-10k
センセーショナル,outside-10k
日常茶飯,outside-10k
手短,outside-10k
アグレッシブ,outside-10k
中和,outside-10k
汲ん,outside-10k
内規,outside-10k
化す,outside-10k
男らし,outside-10k
ハーグ,outside-10k
ティファニー,outside-10k
度外視,outside-10k
鉢植え,outside-10k
飛び立っ,outside-10k
敷き詰め,outside-10k
ササ,outside-10k
祀ら,outside-10k
菱,outside-10k
最高潮,outside-10k
キモイ,outside-10k
トナカイ,outside-10k
ツク,outside-10k
デップ,outside-10k
コリー,outside-10k
悪玉,outside-10k
たくらみ,outside-10k
音節,outside-10k
ガリレオ,outside-10k
送り込む,outside-10k
濁っ,outside-10k
古風,outside-10k
たがり,outside-10k
枚挙,outside-10k
美由紀,outside-10k
取立て,outside-10k
深遠,outside-10k
遮蔽,outside-10k
特注,outside-10k
浜野,outside-10k
上官,outside-10k
板金,outside-10k
ズル,outside-10k
余波,outside-10k
悠長,outside-10k
上戸,outside-10k
ミシシッピ,outside-10k
恐らくは,outside-10k
東海大学,outside-10k
オムライス,outside-10k
なだめ,outside-10k
合祀,outside-10k
打ち切ら,outside-10k
シリンダー,outside-10k
お力,outside-10k
ばなし,outside-10k
再々,outside-10k
置ける,outside-10k
ミゲル,outside-10k
ロト,outside-10k
サボ,outside-10k
ベネチア,outside-10k
工合,outside-10k
ストライプ,outside-10k
井戸端,outside-10k
身障者,outside-10k
正男,outside-10k
転がる,outside-10k
押しつぶさ,outside-10k
特命,outside-10k
主成分,outside-10k
不細工,outside-10k
ひじょうに,outside-10k
飢饉,outside-10k
首謀,outside-10k
卑屈,outside-10k
道化,outside-10k
つるつる,outside-10k
視座,outside-10k
馴れ,outside-10k
マハティール,outside-10k
悩め,outside-10k
訪,outside-10k
欠員,outside-10k
同数,outside-10k
焙,outside-10k
隆一,outside-10k
エメラルド,outside-10k
奇しくも,outside-10k
有毒,outside-10k
ユン,outside-10k
室井,outside-10k
宰相,outside-10k
配役,outside-10k
福建,outside-10k
紛糾,outside-10k
コノ,outside-10k
絵かき,outside-10k
クラウス,outside-10k
善し悪し,outside-10k
差出人,outside-10k
工期,outside-10k
拭く,outside-10k
職域,outside-10k
喋ら,outside-10k
雷雨,outside-10k
おでこ,outside-10k
ほうっ,outside-10k
病死,outside-10k
聯合,outside-10k
拠り所,outside-10k
東洋経済新報社,outside-10k
てんぷら,outside-10k
チャレンジャー,outside-10k
エグゼクティブ,outside-10k
宜しい,outside-10k
外郭,outside-10k
作り直し,outside-10k
大麦,outside-10k
ウンザリ,outside-10k
山麓,outside-10k
チュートリアル,outside-10k
塗布,outside-10k
ボーイフレンド,outside-10k
切り抜け,outside-10k
引っ掛け,outside-10k
くり返し,outside-10k
説か,outside-10k
相似,outside-10k
スッ,outside-10k
一党,outside-10k
ガーリック,outside-10k
ユースホステル,outside-10k
換気扇,outside-10k
見返し,outside-10k
廃れ,outside-10k
帰す,outside-10k
身なり,outside-10k
みじめ,outside-10k
炭火,outside-10k
熱演,outside-10k
護送,outside-10k
月並み,outside-10k
太刀打ち,outside-10k
焼失,outside-10k
健気,outside-10k
とまる,outside-10k
深谷,outside-10k
鼻歌,outside-10k
向かお,outside-10k
凋落,outside-10k
デイヴ,outside-10k
上体,outside-10k
アセット,outside-10k
ペイン,outside-10k
無人島,outside-10k
損壊,outside-10k
社民,outside-10k
くぐる,outside-10k
裕二,outside-10k
キヨ,outside-10k
からかわ,outside-10k
取付,outside-10k
工数,outside-10k
増補,outside-10k
オリオン,outside-10k
安宿,outside-10k
取上げ,outside-10k
多読,outside-10k
振付,outside-10k
乗っ取り,outside-10k
ビョンホン,outside-10k
サック,outside-10k
読売新聞社,outside-10k
きけ,outside-10k
見回す,outside-10k
效,outside-10k
統率,outside-10k
アザ,outside-10k
見つけよ,outside-10k
オビ,outside-10k
農務,outside-10k
漏,outside-10k
シャア,outside-10k
詐称,outside-10k
バディ,outside-10k
去勢,outside-10k
横丁,outside-10k
捻挫,outside-10k
ベジタリアン,outside-10k
起り,outside-10k
ファッションショー,outside-10k
規準,outside-10k
正道,outside-10k
トリップ,outside-10k
ステーク,outside-10k
ビーグル,outside-10k
雨上がり,outside-10k
議連,outside-10k
新天地,outside-10k
凡,outside-10k
風靡,outside-10k
乱す,outside-10k
ジジイ,outside-10k
冷え込み,outside-10k
ミツ,outside-10k
出納,outside-10k
いろは,outside-10k
草むら,outside-10k
賦課,outside-10k
見張っ,outside-10k
月経,outside-10k
１１０番,outside-10k
ブダペスト,outside-10k
日本刀,outside-10k
神大,outside-10k
きわまり,outside-10k
サントス,outside-10k
ヤメ,outside-10k
精細,outside-10k
書込み,outside-10k
練ら,outside-10k
不作為,outside-10k
抑揚,outside-10k
プラスアルファ,outside-10k
ウンチ,outside-10k
あえる,outside-10k
本庁,outside-10k
もま,outside-10k
しし,outside-10k
みりん,outside-10k
閑散と,outside-10k
呼び止め,outside-10k
さらりと,outside-10k
カネボウ,outside-10k
セキュア,outside-10k
一部始終,outside-10k
楡,outside-10k
バーナンキ,outside-10k
ポップコーン,outside-10k
渡来,outside-10k
喧伝,outside-10k
大粒,outside-10k
無傷,outside-10k
見下し,outside-10k
老廃,outside-10k
城内,outside-10k
辞表,outside-10k
重箱,outside-10k
青梅,outside-10k
ジェホ,outside-10k
辞令,outside-10k
悲壮,outside-10k
ヘルスケア,outside-10k
養わ,outside-10k
マディ,outside-10k
大助,outside-10k
地底,outside-10k
急降下,outside-10k
メアド,outside-10k
もろに,outside-10k
分数,outside-10k
ケヴィン,outside-10k
ウジ,outside-10k
ショーケース,outside-10k
武道館,outside-10k
裡,outside-10k
延滞,outside-10k
見抜け,outside-10k
快諾,outside-10k
危う,outside-10k
たよ,outside-10k
地元民,outside-10k
まて,outside-10k
明朝,outside-10k
ハマり,outside-10k
呈する,outside-10k
トトロ,outside-10k
卍,outside-10k
トンカツ,outside-10k
蒲田,outside-10k
アンデス,outside-10k
マンネリ,outside-10k
区分け,outside-10k
ノイローゼ,outside-10k
性分,outside-10k
ブッダ,outside-10k
拾わ,outside-10k
通俗,outside-10k
ひっかけ,outside-10k
密売,outside-10k
网,outside-10k
うなずける,outside-10k
加納,outside-10k
忌憚,outside-10k
かゆい,outside-10k
省力,outside-10k
慈,outside-10k
ミステリアス,outside-10k
秋季,outside-10k
積み重なっ,outside-10k
織り込ま,outside-10k
下線,outside-10k
綱紀,outside-10k
麦茶,outside-10k
土壇場,outside-10k
引き寄せる,outside-10k
柴犬,outside-10k
うじ,outside-10k
エイジ,outside-10k
真澄,outside-10k
不親切,outside-10k
言語道断,outside-10k
肉屋,outside-10k
まずく,outside-10k
栃,outside-10k
供出,outside-10k
国定,outside-10k
いなか,outside-10k
曇,outside-10k
騎兵,outside-10k
タンザニア,outside-10k
天童,outside-10k
武雄,outside-10k
ロメ,outside-10k
手渡す,outside-10k
優生,outside-10k
遅滞,outside-10k
不用,outside-10k
ハイドン,outside-10k
しいたけ,outside-10k
歌謡曲,outside-10k
剣術,outside-10k
流氷,outside-10k
ダラー,outside-10k
海流,outside-10k
尖っ,outside-10k
専有,outside-10k
不遇,outside-10k
ミュー,outside-10k
切らし,outside-10k
廃材,outside-10k
汚名,outside-10k
紘,outside-10k
テトラ,outside-10k
針金,outside-10k
そらし,outside-10k
レッドカード,outside-10k
フーガ,outside-10k
山登り,outside-10k
ソ連邦,outside-10k
ブレーン,outside-10k
テネシー,outside-10k
描き出し,outside-10k
気鋭,outside-10k
雪かき,outside-10k
廃人,outside-10k
地鎮祭,outside-10k
バルカン,outside-10k
ペナルティー,outside-10k
物乞い,outside-10k
オイ,outside-10k
否応,outside-10k
煮詰め,outside-10k
勿体ない,outside-10k
示談,outside-10k
買い換える,outside-10k
拝啓,outside-10k
ラメ,outside-10k
一片,outside-10k
おめでたい,outside-10k
注意報,outside-10k
じじ,outside-10k
釈然と,outside-10k
大道芸,outside-10k
甚だしい,outside-10k
皆殺し,outside-10k
魍,outside-10k
懇切,outside-10k
公人,outside-10k
洋菓子,outside-10k
早紀,outside-10k
コロ,outside-10k
振り込ん,outside-10k
終わろ,outside-10k
あまっ,outside-10k
漁場,outside-10k
親知らず,outside-10k
安芸,outside-10k
カンニング,outside-10k
年限,outside-10k
怨霊,outside-10k
レミ,outside-10k
メータ,outside-10k
モーツアルト,outside-10k
群がる,outside-10k
モンク,outside-10k
徳山,outside-10k
冠詞,outside-10k
乗っ取ら,outside-10k
ロックンロール,outside-10k
殴打,outside-10k
買取り,outside-10k
芳しく,outside-10k
ツツジ,outside-10k
割く,outside-10k
水不足,outside-10k
フレックス,outside-10k
クラッシック,outside-10k
カフェイン,outside-10k
清子,outside-10k
こもる,outside-10k
吹っ飛ん,outside-10k
レコ,outside-10k
金剛,outside-10k
武勇,outside-10k
ハンドボール,outside-10k
導き出さ,outside-10k
迎えよ,outside-10k
城島,outside-10k
戦地,outside-10k
どっしり,outside-10k
車載,outside-10k
向かい側,outside-10k
きめ細か,outside-10k
入室,outside-10k
ハイクラス,outside-10k
申し上げれ,outside-10k
随一,outside-10k
亞,outside-10k
キビ,outside-10k
がむしゃら,outside-10k
グローバリズム,outside-10k
生田,outside-10k
鋭,outside-10k
隣り合わせ,outside-10k
ウェイトレス,outside-10k
花巻,outside-10k
財宝,outside-10k
山場,outside-10k
倖,outside-10k
しかけ,outside-10k
借,outside-10k
姑息,outside-10k
中性子,outside-10k
枢軸,outside-10k
大井,outside-10k
原子核,outside-10k
蝶々,outside-10k
プレゼンス,outside-10k
瀬戸際,outside-10k
高野山,outside-10k
狂人,outside-10k
お似合い,outside-10k
とらわれる,outside-10k
あに,outside-10k
にわたりまして,outside-10k
画し,outside-10k
南青山,outside-10k
佳作,outside-10k
アルベルト,outside-10k
林野,outside-10k
白地,outside-10k
おびただしい,outside-10k
生える,outside-10k
ハンブルク,outside-10k
楯,outside-10k
スロバキア,outside-10k
縁側,outside-10k
介さ,outside-10k
石臼,outside-10k
気性,outside-10k
元帥,outside-10k
滝川,outside-10k
理容,outside-10k
良夫,outside-10k
やじ,outside-10k
スポニチ,outside-10k
暴騰,outside-10k
切腹,outside-10k
非常時,outside-10k
うきうき,outside-10k
たやすく,outside-10k
北韓,outside-10k
ほれ,outside-10k
祝祭,outside-10k
字形,outside-10k
落ち度,outside-10k
年少,outside-10k
来社,outside-10k
引き裂か,outside-10k
却,outside-10k
あじ,outside-10k
冷え性,outside-10k
小動物,outside-10k
喩え,outside-10k
解脱,outside-10k
立ち直り,outside-10k
べったり,outside-10k
交感神経,outside-10k
瓮,outside-10k
鉄腕,outside-10k
呉服,outside-10k
ケアンズ,outside-10k
憎い,outside-10k
国公立,outside-10k
管財,outside-10k
勁,outside-10k
塩化,outside-10k
しいて,outside-10k
導き出す,outside-10k
前橋,outside-10k
コラムニスト,outside-10k
インクジェット,outside-10k
着付け,outside-10k
般,outside-10k
過ぎれ,outside-10k
だとすると,outside-10k
唸っ,outside-10k
さしかかっ,outside-10k
名実,outside-10k
白河,outside-10k
じかに,outside-10k
締約,outside-10k
取っ手,outside-10k
ジョアン,outside-10k
ラサ,outside-10k
足早,outside-10k
蹂躙,outside-10k
開銀,outside-10k
メイフォア,outside-10k
常套,outside-10k
シニョン,outside-10k
おんぶ,outside-10k
君達,outside-10k
法体,outside-10k
国対,outside-10k
今風,outside-10k
みこ,outside-10k
猥褻,outside-10k
行進曲,outside-10k
つわり,outside-10k
ドストエフスキー,outside-10k
奥行,outside-10k
まかり通っ,outside-10k
デュシャン,outside-10k
シュミット,outside-10k
ジミ,outside-10k
問い合わせる,outside-10k
丸見え,outside-10k
絞り込む,outside-10k
アパ,outside-10k
悪けれ,outside-10k
コロナ,outside-10k
デリバティブ,outside-10k
ナイター,outside-10k
温厚,outside-10k
ゆがめ,outside-10k
お歳暮,outside-10k
連休明け,outside-10k
やすみ,outside-10k
がめ,outside-10k
見世物,outside-10k
たぬき,outside-10k
ドイル,outside-10k
貝塚,outside-10k
くすぐる,outside-10k
ダイ,outside-10k
お次,outside-10k
蜷川,outside-10k
盆地,outside-10k
昨年来,outside-10k
セージ,outside-10k
吹き込ん,outside-10k
左京,outside-10k
イヴェント,outside-10k
隷属,outside-10k
コンス,outside-10k
麻布,outside-10k
誇大,outside-10k
でないと,outside-10k
大詰め,outside-10k
ノキア,outside-10k
前立腺,outside-10k
涵養,outside-10k
一幕,outside-10k
ハルモニ,outside-10k
落とせ,outside-10k
れっきとした,outside-10k
吉弥,outside-10k
沼津,outside-10k
カヤ,outside-10k
オートメーション,outside-10k
利食い,outside-10k
バロン,outside-10k
鶴田,outside-10k
藤野,outside-10k
手ごたえ,outside-10k
アームストロング,outside-10k
てりゃ,outside-10k
枝野,outside-10k
慶応大学,outside-10k
アリー,outside-10k
一条,outside-10k
房総,outside-10k
心象,outside-10k
生みの親,outside-10k
入れ替える,outside-10k
疋,outside-10k
気前,outside-10k
セロ,outside-10k
未曾有,outside-10k
売り買い,outside-10k
有明,outside-10k
オールナイト,outside-10k
造園,outside-10k
近衛,outside-10k
ウォール街,outside-10k
ようは,outside-10k
公設,outside-10k
台車,outside-10k
ネイル,outside-10k
突っ走っ,outside-10k
ひきつけ,outside-10k
ぐいぐい,outside-10k
パスカル,outside-10k
雑務,outside-10k
ウィン,outside-10k
鳴門,outside-10k
かたくな,outside-10k
短め,outside-10k
腹一杯,outside-10k
茂樹,outside-10k
語り継が,outside-10k
たたずまい,outside-10k
猛威,outside-10k
種まき,outside-10k
日吉,outside-10k
胸部,outside-10k
含み益,outside-10k
たとえる,outside-10k
退く,outside-10k
島本,outside-10k
旅団,outside-10k
前節,outside-10k
失神,outside-10k
はさむ,outside-10k
正太郎,outside-10k
茶飯事,outside-10k
シミュレート,outside-10k
おふくろ,outside-10k
過信,outside-10k
配下,outside-10k
平素,outside-10k
葬ら,outside-10k
潜め,outside-10k
稚内,outside-10k
ごぼう,outside-10k
リミット,outside-10k
カタール,outside-10k
中日新聞,outside-10k
くつろぐ,outside-10k
ケラ,outside-10k
畏敬,outside-10k
紀州,outside-10k
干ばつ,outside-10k
挙,outside-10k
阻む,outside-10k
行き着い,outside-10k
珊瑚,outside-10k
逸,outside-10k
低空,outside-10k
父上,outside-10k
殺し合い,outside-10k
急げ,outside-10k
受けれ,outside-10k
一大事,outside-10k
育ま,outside-10k
はばから,outside-10k
北岡,outside-10k
じゅうたん,outside-10k
パイプオルガン,outside-10k
組込み,outside-10k
盛り上がら,outside-10k
変わり者,outside-10k
とばし,outside-10k
方途,outside-10k
考えろ,outside-10k
住吉,outside-10k
留年,outside-10k
ピッツバーグ,outside-10k
もがい,outside-10k
ゆこ,outside-10k
発がん,outside-10k
一翼,outside-10k
硬質,outside-10k
律儀,outside-10k
デキ,outside-10k
こすっ,outside-10k
震わせ,outside-10k
目上,outside-10k
甘える,outside-10k
計器,outside-10k
弁慶,outside-10k
リッピ,outside-10k
饒舌,outside-10k
ランゲージ,outside-10k
ステイタス,outside-10k
ビミョー,outside-10k
内情,outside-10k
持ち前,outside-10k
喰う,outside-10k
シャウト,outside-10k
ルージュ,outside-10k
ためらう,outside-10k
弱肉強食,outside-10k
申し出る,outside-10k
お袋,outside-10k
原初,outside-10k
生来,outside-10k
弱音,outside-10k
持分,outside-10k
決裁,outside-10k
揺らい,outside-10k
古参,outside-10k
バプテスマ,outside-10k
ダジャレ,outside-10k
素晴らしき,outside-10k
勝ち目,outside-10k
スペクタクル,outside-10k
シャッフル,outside-10k
吐露,outside-10k
ニュートラル,outside-10k
頭打ち,outside-10k
歴然と,outside-10k
ホフマン,outside-10k
高めよ,outside-10k
茶室,outside-10k
閃光,outside-10k
ワカメ,outside-10k
残像,outside-10k
キト,outside-10k
こってり,outside-10k
製材,outside-10k
隅田川,outside-10k
ベツレヘム,outside-10k
公法,outside-10k
組め,outside-10k
さむ,outside-10k
搬,outside-10k
痴,outside-10k
ふもと,outside-10k
外周,outside-10k
大挙,outside-10k
その日,outside-10k
ヨーコ,outside-10k
農産,outside-10k
高尾,outside-10k
レヴィ,outside-10k
踏み入れる,outside-10k
しょく,outside-10k
かまぼこ,outside-10k
黒豆,outside-10k
中京,outside-10k
布施,outside-10k
オフセット,outside-10k
歯切れ,outside-10k
形相,outside-10k
穴場,outside-10k
釣果,outside-10k
スイスイ,outside-10k
書き込め,outside-10k
トロフィー,outside-10k
冷え込ん,outside-10k
くぅ,outside-10k
蠍,outside-10k
読み上げる,outside-10k
ヤケ,outside-10k
誌上,outside-10k
洗い出し,outside-10k
済まし,outside-10k
ヒンドゥー,outside-10k
レトルト,outside-10k
黒糖,outside-10k
クロウ,outside-10k
千秋楽,outside-10k
前野,outside-10k
きつね,outside-10k
はおら,outside-10k
剪定,outside-10k
特攻隊,outside-10k
ろか,outside-10k
歩き回る,outside-10k
渥美,outside-10k
モンブラン,outside-10k
抱き合っ,outside-10k
克己,outside-10k
喜多,outside-10k
まみ,outside-10k
歌合戦,outside-10k
念じ,outside-10k
ニュージャージー,outside-10k
フロッピーディスク,outside-10k
細身,outside-10k
領事,outside-10k
外圧,outside-10k
エスペラント,outside-10k
はやし,outside-10k
リアリティー,outside-10k
尾行,outside-10k
演繹,outside-10k
ハシゴ,outside-10k
ソリスト,outside-10k
もつれ,outside-10k
朝比奈,outside-10k
臺,outside-10k
アコ,outside-10k
いっぺん,outside-10k
えみ,outside-10k
国選,outside-10k
閉じこもっ,outside-10k
光秀,outside-10k
見かね,outside-10k
コンデンサ,outside-10k
臼,outside-10k
マンドリン,outside-10k
大師,outside-10k
来館,outside-10k
ヒザ,outside-10k
正会員,outside-10k
奇形,outside-10k
カルテット,outside-10k
窓辺,outside-10k
慰める,outside-10k
ナッシュ,outside-10k
ピクサー,outside-10k
話し相手,outside-10k
心残り,outside-10k
ログハウス,outside-10k
受け持つ,outside-10k
売り渡し,outside-10k
レム,outside-10k
奮発,outside-10k
音感,outside-10k
緩衝,outside-10k
ヘアスタイル,outside-10k
かつら,outside-10k
露天,outside-10k
シンジ,outside-10k
スタイリスト,outside-10k
ほろ酔い,outside-10k
平時,outside-10k
かじり,outside-10k
正樹,outside-10k
競艇,outside-10k
コモンズ,outside-10k
ヴィトン,outside-10k
裂,outside-10k
馳せる,outside-10k
前夜祭,outside-10k
沸き,outside-10k
芦,outside-10k
葉子,outside-10k
屁理屈,outside-10k
雲南,outside-10k
水虫,outside-10k
名鉄,outside-10k
スズ,outside-10k
患,outside-10k
規正,outside-10k
建売,outside-10k
催し物,outside-10k
散在,outside-10k
しゃべれる,outside-10k
冷える,outside-10k
おそるおそる,outside-10k
かたがた,outside-10k
転ぶ,outside-10k
耳障り,outside-10k
玩,outside-10k
西本,outside-10k
歩合,outside-10k
冷淡,outside-10k
アライアンス,outside-10k
寧ろ,outside-10k
ドン・キホーテ,outside-10k
こぶし,outside-10k
分母,outside-10k
切り離す,outside-10k
目指さ,outside-10k
イエローカード,outside-10k
深入り,outside-10k
雪だるま,outside-10k
ジョエル,outside-10k
正装,outside-10k
越冬,outside-10k
及川,outside-10k
にらめっこ,outside-10k
吹田,outside-10k
コナ,outside-10k
内線,outside-10k
開国,outside-10k
しのい,outside-10k
儲かり,outside-10k
稲刈り,outside-10k
やまと,outside-10k
谷中,outside-10k
明彦,outside-10k
夏バテ,outside-10k
器械,outside-10k
進級,outside-10k
ゴリ,outside-10k
実測,outside-10k
温かみ,outside-10k
左肩,outside-10k
ジョイ,outside-10k
賦,outside-10k
星条旗,outside-10k
野草,outside-10k
敬礼,outside-10k
かじ,outside-10k
追い出す,outside-10k
棟梁,outside-10k
移ら,outside-10k
うれ,outside-10k
トップダウン,outside-10k
ヴィンテージ,outside-10k
取り囲ん,outside-10k
神野,outside-10k
放り出さ,outside-10k
食い違っ,outside-10k
引き離し,outside-10k
若々しい,outside-10k
保母,outside-10k
聽,outside-10k
手柄,outside-10k
スーパーマン,outside-10k
同署,outside-10k
河本,outside-10k
ザラ,outside-10k
精液,outside-10k
ソテー,outside-10k
漫然と,outside-10k
傷ん,outside-10k
歌姫,outside-10k
ファンキー,outside-10k
ホームヘルパー,outside-10k
清張,outside-10k
アルミニウム,outside-10k
サンクス,outside-10k
すれすれ,outside-10k
やむをえない,outside-10k
ひっくり返す,outside-10k
疑心暗鬼,outside-10k
存じ上げ,outside-10k
顕彰,outside-10k
血盟,outside-10k
古楽,outside-10k
舞い上がっ,outside-10k
聞きつけ,outside-10k
小柳,outside-10k
メダリスト,outside-10k
アノ,outside-10k
通則,outside-10k
ジョブス,outside-10k
ベネディクト,outside-10k
ぐれ,outside-10k
暴徒,outside-10k
いいわけ,outside-10k
ビキニ,outside-10k
松陰,outside-10k
小夜,outside-10k
写本,outside-10k
湿疹,outside-10k
渓流,outside-10k
焼き物,outside-10k
或は,outside-10k
ガチガチ,outside-10k
継が,outside-10k
西脇,outside-10k
斬っ,outside-10k
戸棚,outside-10k
幼馴染,outside-10k
振り子,outside-10k
釣れる,outside-10k
約束事,outside-10k
プラットホーム,outside-10k
漁協,outside-10k
長髪,outside-10k
持ち上がっ,outside-10k
うろこ,outside-10k
後見,outside-10k
シームレス,outside-10k
食塩,outside-10k
ゼネラル,outside-10k
お茶漬け,outside-10k
松下電器産業,outside-10k
釣る,outside-10k
ヒート,outside-10k
周縁,outside-10k
戦利,outside-10k
区切ら,outside-10k
大垣,outside-10k
プラモ,outside-10k
まゆみ,outside-10k
競り,outside-10k
バケーション,outside-10k
石段,outside-10k
正史,outside-10k
研鑽,outside-10k
うなっ,outside-10k
畔,outside-10k
考査,outside-10k
簡裁,outside-10k
闊歩,outside-10k
野良,outside-10k
国分,outside-10k
さまよっ,outside-10k
かつお,outside-10k
隋,outside-10k
勅語,outside-10k
奇数,outside-10k
断れ,outside-10k
金森,outside-10k
賃貸借,outside-10k
代役,outside-10k
果たせる,outside-10k
我輩,outside-10k
くらぶ,outside-10k
奮戦,outside-10k
スチュアート,outside-10k
額縁,outside-10k
カンナ,outside-10k
帰納,outside-10k
幇助,outside-10k
連なっ,outside-10k
クニ,outside-10k
被せ,outside-10k
中華民国,outside-10k
オムレツ,outside-10k
京セラ,outside-10k
ハレ,outside-10k
独走,outside-10k
花形,outside-10k
あおる,outside-10k
オーバーラップ,outside-10k
狡猾,outside-10k
手料理,outside-10k
寝具,outside-10k
四六判,outside-10k
ポロ,outside-10k
しかめ,outside-10k
秘宝,outside-10k
ウォルマート,outside-10k
はで,outside-10k
襲,outside-10k
耐用,outside-10k
ぽつんと,outside-10k
ヴィオラ,outside-10k
客引き,outside-10k
日本書紀,outside-10k
開廷,outside-10k
未知数,outside-10k
骨抜き,outside-10k
実っ,outside-10k
製紙,outside-10k
追憶,outside-10k
前置詞,outside-10k
出し入れ,outside-10k
溶岩,outside-10k
ありえる,outside-10k
よくなり,outside-10k
晩秋,outside-10k
おんな,outside-10k
流量,outside-10k
ひとくち,outside-10k
谷行,outside-10k
決めれ,outside-10k
夷,outside-10k
シャム,outside-10k
谷村,outside-10k
門外漢,outside-10k
消防庁,outside-10k
吾郎,outside-10k
短パン,outside-10k
陣取っ,outside-10k
アーミッシュ,outside-10k
チラ,outside-10k
ぎこちない,outside-10k
ささえ,outside-10k
走査,outside-10k
暴風,outside-10k
五反田,outside-10k
西澤,outside-10k
微熱,outside-10k
メンタリティ,outside-10k
すみれ,outside-10k
交わる,outside-10k
啄木,outside-10k
護身,outside-10k
手許,outside-10k
校門,outside-10k
咾,outside-10k
廃盤,outside-10k
貧民,outside-10k
占っ,outside-10k
岩山,outside-10k
小幡,outside-10k
史郎,outside-10k
漆喰,outside-10k
見て取れる,outside-10k
ポートランド,outside-10k
感化,outside-10k
いわれ,outside-10k
気遣っ,outside-10k
風上,outside-10k
マグネシウム,outside-10k
装甲車,outside-10k
素地,outside-10k
硬派,outside-10k
採り上げ,outside-10k
レッシグ,outside-10k
多賀,outside-10k
フリーダイヤル,outside-10k
ほっとけ,outside-10k
名ばかり,outside-10k
むずかしく,outside-10k
赴き,outside-10k
９つ,outside-10k
混ざり,outside-10k
棲む,outside-10k
師弟,outside-10k
受け持っ,outside-10k
特記,outside-10k
レンツ,outside-10k
ユベントス,outside-10k
ウレタン,outside-10k
寄り添っ,outside-10k
っし,outside-10k
健三郎,outside-10k
書架,outside-10k
パテント,outside-10k
芳賀,outside-10k
個人技,outside-10k
ぞくぞく,outside-10k
長城,outside-10k
平仮名,outside-10k
前奏,outside-10k
あかし,outside-10k
飲用,outside-10k
遺,outside-10k
おこがましい,outside-10k
矢島,outside-10k
ぬるま湯,outside-10k
くだん,outside-10k
欠き,outside-10k
自説,outside-10k
縮図,outside-10k
辞さ,outside-10k
無自覚,outside-10k
親鸞,outside-10k
ピッチング,outside-10k
チェンバロ,outside-10k
エイミー,outside-10k
低額,outside-10k
伐,outside-10k
豹変,outside-10k
レクイエム,outside-10k
二次元,outside-10k
最上級,outside-10k
祭神,outside-10k
岸和田,outside-10k
ワーカー,outside-10k
入れ替わる,outside-10k
せんせい,outside-10k
凌ぐ,outside-10k
属国,outside-10k
フェスタ,outside-10k
なまり,outside-10k
住める,outside-10k
すり抜け,outside-10k
ヒッピー,outside-10k
シェークスピア,outside-10k
遠から,outside-10k
つかめる,outside-10k
四条,outside-10k
気晴らし,outside-10k
騒乱,outside-10k
春子,outside-10k
上げれ,outside-10k
マクベス,outside-10k
元日,outside-10k
ヒ,outside-10k
立てれ,outside-10k
狂犬病,outside-10k
顔負け,outside-10k
リポーター,outside-10k
札束,outside-10k
ひとしお,outside-10k
痢,outside-10k
冬期,outside-10k
ソロス,outside-10k
摂氏,outside-10k
英二,outside-10k
そなえ,outside-10k
メタン,outside-10k
呼び込む,outside-10k
放り出し,outside-10k
近距離,outside-10k
やから,outside-10k
経年,outside-10k
私法,outside-10k
ガク,outside-10k
ワラント,outside-10k
タヌキ,outside-10k
追いつけ,outside-10k
ツルツル,outside-10k
直美,outside-10k
座間,outside-10k
値札,outside-10k
ブリー,outside-10k
耕し,outside-10k
絞り込ん,outside-10k
ひつじ,outside-10k
拓郎,outside-10k
手数,outside-10k
シングルス,outside-10k
積み重ねる,outside-10k
飲み干し,outside-10k
現下,outside-10k
極小,outside-10k
パリス,outside-10k
コラーゲン,outside-10k
旧型,outside-10k
四半世紀,outside-10k
おとぎ話,outside-10k
エンタテインメント,outside-10k
乱舞,outside-10k
白水,outside-10k
生き残れ,outside-10k
パドック,outside-10k
故事,outside-10k
憑依,outside-10k
松坂屋,outside-10k
咲かせる,outside-10k
属さ,outside-10k
論戦,outside-10k
こそこそ,outside-10k
一風,outside-10k
請け合い,outside-10k
売りさばき,outside-10k
偶,outside-10k
ダイナミクス,outside-10k
ニース,outside-10k
全共闘,outside-10k
むかう,outside-10k
大樹,outside-10k
編み出し,outside-10k
乾電池,outside-10k
図録,outside-10k
ぴんと,outside-10k
華やかさ,outside-10k
アイスホッケー,outside-10k
デービス,outside-10k
ようこ,outside-10k
東横,outside-10k
スピーキング,outside-10k
ガロン,outside-10k
シャット,outside-10k
厭,outside-10k
原色,outside-10k
アディダス,outside-10k
駆り立て,outside-10k
クリッピング,outside-10k
直営店,outside-10k
電荷,outside-10k
すくい,outside-10k
良一,outside-10k
酔っぱらい,outside-10k
鬼畜,outside-10k
霊媒,outside-10k
赤面,outside-10k
風評,outside-10k
チェンマイ,outside-10k
艦艇,outside-10k
凍る,outside-10k
孤,outside-10k
空ける,outside-10k
レベッカ,outside-10k
朝市,outside-10k
フィーチャー,outside-10k
職責,outside-10k
若返り,outside-10k
教本,outside-10k
ブリジット,outside-10k
抱擁,outside-10k
毛糸,outside-10k
人付き合い,outside-10k
耐火,outside-10k
引き返す,outside-10k
軽妙,outside-10k
傷み,outside-10k
スティーヴ,outside-10k
なでしこ,outside-10k
ねだり,outside-10k
全能,outside-10k
ヨセフ,outside-10k
荒波,outside-10k
作り話,outside-10k
イクラ,outside-10k
リオン,outside-10k
背もたれ,outside-10k
西浦,outside-10k
山車,outside-10k
見込,outside-10k
裁縫,outside-10k
室蘭,outside-10k
城下町,outside-10k
靄,outside-10k
悟る,outside-10k
カースト,outside-10k
おくる,outside-10k
小路,outside-10k
贈答,outside-10k
あたたか,outside-10k
無為,outside-10k
引力,outside-10k
切替,outside-10k
巡,outside-10k
醜悪,outside-10k
拘禁,outside-10k
音大,outside-10k
生真面目,outside-10k
ホットライン,outside-10k
語感,outside-10k
晒す,outside-10k
嬉,outside-10k
パセリ,outside-10k
立ち直っ,outside-10k
一方向,outside-10k
横断幕,outside-10k
ゆける,outside-10k
クォン,outside-10k
遮音,outside-10k
物好き,outside-10k
矢嶋,outside-10k
市街化区域,outside-10k
玉砕,outside-10k
ドイ,outside-10k
重層,outside-10k
クイン,outside-10k
掘り出し物,outside-10k
模写,outside-10k
始めれ,outside-10k
さとう,outside-10k
りつ,outside-10k
復調,outside-10k
好景気,outside-10k
ミニスカート,outside-10k
ハンズ,outside-10k
振幅,outside-10k
動じ,outside-10k
埋め込ん,outside-10k
切り下げ,outside-10k
スクーリング,outside-10k
侮蔑,outside-10k
捕らえる,outside-10k
入り乱れ,outside-10k
片言,outside-10k
叔父さん,outside-10k
流れ星,outside-10k
搬出,outside-10k
鯑,outside-10k
河北,outside-10k
本殿,outside-10k
白浜,outside-10k
腕力,outside-10k
多元,outside-10k
バトンタッチ,outside-10k
ダクト,outside-10k
滲み,outside-10k
たどり着け,outside-10k
追い求める,outside-10k
叩,outside-10k
休講,outside-10k
漕い,outside-10k
紡ぎ,outside-10k
アラベラ,outside-10k
しずく,outside-10k
朋,outside-10k
判示,outside-10k
ダレ,outside-10k
英霊,outside-10k
お供え,outside-10k
流派,outside-10k
押し寄せる,outside-10k
望遠,outside-10k
有り様,outside-10k
ランドリー,outside-10k
きらり,outside-10k
押し切っ,outside-10k
妬み,outside-10k
弱まっ,outside-10k
長引い,outside-10k
いらっ,outside-10k
ニューオーリンズ,outside-10k
ひらい,outside-10k
カフェテリア,outside-10k
ケーブルカー,outside-10k
ラング,outside-10k
ドラキュラ,outside-10k
烏龍茶,outside-10k
クローズド,outside-10k
ボローニャ,outside-10k
襖,outside-10k
号令,outside-10k
閾,outside-10k
閉山,outside-10k
ふくま,outside-10k
土下座,outside-10k
令嬢,outside-10k
匡,outside-10k
度合,outside-10k
義明,outside-10k
ブリキ,outside-10k
民芸,outside-10k
苦行,outside-10k
定冠詞,outside-10k
リベート,outside-10k
奴等,outside-10k
浦安,outside-10k
前輪,outside-10k
索,outside-10k
寝そべっ,outside-10k
健保,outside-10k
ガーン,outside-10k
阿蘇,outside-10k
フランツ,outside-10k
モータ,outside-10k
字数,outside-10k
もえ,outside-10k
むつかしい,outside-10k
オスマン,outside-10k
つくりだし,outside-10k
靖子,outside-10k
シュン,outside-10k
唄う,outside-10k
グラデーション,outside-10k
プロテクト,outside-10k
まな板,outside-10k
長旅,outside-10k
傾げ,outside-10k
誤植,outside-10k
隠,outside-10k
携わり,outside-10k
緩,outside-10k
無益,outside-10k
インスタレーション,outside-10k
本尊,outside-10k
ガラクタ,outside-10k
マッシュルーム,outside-10k
一ぱい,outside-10k
擬人,outside-10k
長谷,outside-10k
仕掛,outside-10k
気にいっ,outside-10k
コナミ,outside-10k
ネルソン,outside-10k
芸大,outside-10k
コロンボ,outside-10k
嬉々,outside-10k
マグカップ,outside-10k
マグネット,outside-10k
三菱重工,outside-10k
一神教,outside-10k
和え,outside-10k
稲田,outside-10k
トラクタ,outside-10k
汚水,outside-10k
モダニズム,outside-10k
好成績,outside-10k
養分,outside-10k
梶,outside-10k
傀儡,outside-10k
合点,outside-10k
貫き,outside-10k
アンデルセン,outside-10k
女中,outside-10k
引受,outside-10k
抗日,outside-10k
好例,outside-10k
亘っ,outside-10k
ミシュラン,outside-10k
みじん切り,outside-10k
過渡,outside-10k
ピサ,outside-10k
定常,outside-10k
渦巻き,outside-10k
ドカン,outside-10k
石造り,outside-10k
金城,outside-10k
多層,outside-10k
大柄,outside-10k
授かっ,outside-10k
プラスティック,outside-10k
ホスピス,outside-10k
石黒,outside-10k
迎え入れ,outside-10k
魚住,outside-10k
メドレー,outside-10k
桑,outside-10k
號,outside-10k
なくなれ,outside-10k
異教徒,outside-10k
イーバンク,outside-10k
ギブアップ,outside-10k
ポエム,outside-10k
冬至,outside-10k
一巡,outside-10k
ぼかし,outside-10k
アレンジメント,outside-10k
大前,outside-10k
電位,outside-10k
咀嚼,outside-10k
ボキャブラリー,outside-10k
ハーネス,outside-10k
同志社大学,outside-10k
バテ,outside-10k
枯葉,outside-10k
風鈴,outside-10k
ミナミ,outside-10k
くじら,outside-10k
摘,outside-10k
布石,outside-10k
茂み,outside-10k
かせぎ,outside-10k
観よ,outside-10k
ファイリング,outside-10k
見渡せ,outside-10k
ハイヒール,outside-10k
目利き,outside-10k
リラクゼーション,outside-10k
疎遠,outside-10k
みのり,outside-10k
だる,outside-10k
足かせ,outside-10k
ディメンション,outside-10k
儘,outside-10k
漂白,outside-10k
よぶ,outside-10k
焼津,outside-10k
逃げ道,outside-10k
どけ,outside-10k
鯒,outside-10k
味わい深い,outside-10k
ものさし,outside-10k
づら,outside-10k
買わさ,outside-10k
葉巻,outside-10k
エドガー,outside-10k
盛り合わせ,outside-10k
回せ,outside-10k
けが人,outside-10k
侯,outside-10k
粗悪,outside-10k
一塁,outside-10k
震撼,outside-10k
ガブ,outside-10k
ワンルーム,outside-10k
くっつく,outside-10k
高密度,outside-10k
濃淡,outside-10k
軟膏,outside-10k
グラミー,outside-10k
鋳造,outside-10k
恨ん,outside-10k
揺さぶら,outside-10k
完済,outside-10k
かせ,outside-10k
首筋,outside-10k
遊び方,outside-10k
下され,outside-10k
所内,outside-10k
縫う,outside-10k
学外,outside-10k
二枚目,outside-10k
九郎,outside-10k
円周,outside-10k
幡,outside-10k
狙える,outside-10k
疫病,outside-10k
小田急相模原,outside-10k
預,outside-10k
幅広,outside-10k
義雄,outside-10k
はっきりと,outside-10k
裁,outside-10k
ラグジュアリー,outside-10k
政経,outside-10k
極めつけ,outside-10k
立山,outside-10k
高砂,outside-10k
堅苦しい,outside-10k
ないしょ,outside-10k
かけ声,outside-10k
ジューシー,outside-10k
旨味,outside-10k
挽き,outside-10k
もどかしい,outside-10k
卑しい,outside-10k
大倉,outside-10k
長大,outside-10k
残余,outside-10k
ゴーヤ,outside-10k
さもなければ,outside-10k
はちみつ,outside-10k
細目,outside-10k
思い違い,outside-10k
旨く,outside-10k
ピストン,outside-10k
遠ざかる,outside-10k
藐,outside-10k
未見,outside-10k
つづ,outside-10k
オーランド,outside-10k
口述,outside-10k
存亡,outside-10k
めぐ,outside-10k
中津,outside-10k
聞き取れる,outside-10k
木曽,outside-10k
米子,outside-10k
八郎,outside-10k
解離,outside-10k
祝電,outside-10k
蒲原,outside-10k
塙,outside-10k
サイドバック,outside-10k
クルーニー,outside-10k
送り迎え,outside-10k
強敵,outside-10k
はさま,outside-10k
夜道,outside-10k
拘,outside-10k
躯,outside-10k
軽傷,outside-10k
ドキッと,outside-10k
誤謬,outside-10k
冷蔵,outside-10k
温もり,outside-10k
魔界,outside-10k
横川,outside-10k
私欲,outside-10k
おもわず,outside-10k
シガー,outside-10k
強打,outside-10k
ロングセラー,outside-10k
マーキー,outside-10k
果てしない,outside-10k
奉,outside-10k
参事,outside-10k
求心力,outside-10k
あさり,outside-10k
代価,outside-10k
トーゴ,outside-10k
正々堂々,outside-10k
勤め先,outside-10k
衡,outside-10k
なァ,outside-10k
休診,outside-10k
日給,outside-10k
祠,outside-10k
如来,outside-10k
性向,outside-10k
桑田,outside-10k
片や,outside-10k
目薬,outside-10k
買い戻し,outside-10k
葬り,outside-10k
ボ,outside-10k
光年,outside-10k
阿弥陀,outside-10k
産廃,outside-10k
テックス,outside-10k
読後感,outside-10k
色白,outside-10k
こぎつけ,outside-10k
くそ,outside-10k
文通,outside-10k
食いしん坊,outside-10k
ベ,outside-10k
慣らし,outside-10k
一身,outside-10k
モブログ,outside-10k
朝倉,outside-10k
っぽかっ,outside-10k
レクサス,outside-10k
大本営,outside-10k
複線,outside-10k
学賞,outside-10k
役回り,outside-10k
清楚,outside-10k
秋冬,outside-10k
まひ,outside-10k
ふりかけ,outside-10k
ふくらん,outside-10k
鉱工業,outside-10k
明神,outside-10k
ミセス,outside-10k
真顔,outside-10k
後姿,outside-10k
重鎮,outside-10k
オーム,outside-10k
幹雄,outside-10k
シニカル,outside-10k
克也,outside-10k
和らげ,outside-10k
和久,outside-10k
ルンルン,outside-10k
體,outside-10k
性急,outside-10k
壮観,outside-10k
皐月,outside-10k
フロン,outside-10k
ガックリ,outside-10k
椣,outside-10k
ぽっかり,outside-10k
一成,outside-10k
株数,outside-10k
握り締め,outside-10k
づくし,outside-10k
闘士,outside-10k
ヵ国,outside-10k
ながい,outside-10k
取り壊し,outside-10k
第一声,outside-10k
ライオンズ,outside-10k
つくす,outside-10k
産米,outside-10k
原潜,outside-10k
信用組合,outside-10k
屈託,outside-10k
ダサい,outside-10k
タブロイド,outside-10k
シャネル,outside-10k
擦り,outside-10k
甘露,outside-10k
メンフィス,outside-10k
あえなく,outside-10k
雇,outside-10k
だく,outside-10k
寡黙,outside-10k
並ば,outside-10k
北関東,outside-10k
何たる,outside-10k
庄内,outside-10k
陰湿,outside-10k
教鞭,outside-10k
黙秘,outside-10k
にじみ出,outside-10k
金澤,outside-10k
千島,outside-10k
手拍子,outside-10k
カストロ,outside-10k
王冠,outside-10k
立ち往生,outside-10k
悪法,outside-10k
夜半,outside-10k
アル中,outside-10k
ヲタク,outside-10k
ひょんなことから,outside-10k
聞き返し,outside-10k
売れっ子,outside-10k
募ら,outside-10k
係官,outside-10k
デューク,outside-10k
四大,outside-10k
辛辣,outside-10k
セレッソ,outside-10k
晴らす,outside-10k
進退,outside-10k
メロメロ,outside-10k
特需,outside-10k
ベルサイユ,outside-10k
立て直す,outside-10k
柳生,outside-10k
訴額,outside-10k
グレース,outside-10k
終ら,outside-10k
くつろぎ,outside-10k
片一方,outside-10k
寝袋,outside-10k
便宜上,outside-10k
よろこん,outside-10k
箇月,outside-10k
承晩,outside-10k
販路,outside-10k
工大,outside-10k
踏み台,outside-10k
わあ,outside-10k
隣家,outside-10k
付け方,outside-10k
ポートレート,outside-10k
東大寺,outside-10k
色分け,outside-10k
だるく,outside-10k
げに,outside-10k
メコン,outside-10k
佳境,outside-10k
八戸,outside-10k
レビ,outside-10k
採石,outside-10k
相談役,outside-10k
大がかり,outside-10k
教えよ,outside-10k
倹約,outside-10k
パンデ,outside-10k
テグ,outside-10k
ボスニア,outside-10k
シナジー,outside-10k
海産物,outside-10k
財政難,outside-10k
携行,outside-10k
天草,outside-10k
鯤,outside-10k
エエ,outside-10k
カップラーメン,outside-10k
神器,outside-10k
美少年,outside-10k
慕っ,outside-10k
僅差,outside-10k
ゴーグル,outside-10k
劣勢,outside-10k
まやかし,outside-10k
力道山,outside-10k
呼び起こす,outside-10k
あたえる,outside-10k
千鶴子,outside-10k
磨,outside-10k
志士,outside-10k
ついては,outside-10k
はやる,outside-10k
こうじ,outside-10k
暮,outside-10k
アコーディオン,outside-10k
可哀相,outside-10k
新館,outside-10k
明星,outside-10k
横道,outside-10k
ゆるゆる,outside-10k
品性,outside-10k
悲,outside-10k
むさ,outside-10k
人間味,outside-10k
雨降り,outside-10k
ばれる,outside-10k
あやし,outside-10k
かかげ,outside-10k
キャビン,outside-10k
替わる,outside-10k
あせら,outside-10k
ジャイアン,outside-10k
フロム,outside-10k
年利,outside-10k
曽,outside-10k
祝儀,outside-10k
見沢,outside-10k
吊るし,outside-10k
王政,outside-10k
映える,outside-10k
初雪,outside-10k
与信,outside-10k
エプソン,outside-10k
エム,outside-10k
一通,outside-10k
味の素,outside-10k
カステラ,outside-10k
チョ,outside-10k
請け負う,outside-10k
療育,outside-10k
焼ける,outside-10k
更かし,outside-10k
かねがね,outside-10k
尖閣諸島,outside-10k
悪気,outside-10k
まとめ買い,outside-10k
モーリス,outside-10k
レンダリング,outside-10k
真犯人,outside-10k
皮脂,outside-10k
ページビュー,outside-10k
春夏秋冬,outside-10k
大場,outside-10k
やらし,outside-10k
ジェシー,outside-10k
古畑,outside-10k
藤森,outside-10k
コバルト,outside-10k
振る舞っ,outside-10k
右目,outside-10k
哺乳,outside-10k
旧態,outside-10k
峯,outside-10k
野次馬,outside-10k
土浦,outside-10k
昨秋,outside-10k
残暑,outside-10k
逃げ場,outside-10k
しょぼい,outside-10k
見もの,outside-10k
開こ,outside-10k
名越,outside-10k
ビビ,outside-10k
ぱく,outside-10k
換える,outside-10k
催事,outside-10k
にせ,outside-10k
ダイレクトメール,outside-10k
ロイド,outside-10k
おごり,outside-10k
煮え,outside-10k
満場一致,outside-10k
マングローブ,outside-10k
マウイ,outside-10k
満塁,outside-10k
親元,outside-10k
日日,outside-10k
ヘソ,outside-10k
官報,outside-10k
火炎,outside-10k
花婿,outside-10k
偏狭,outside-10k
絵はがき,outside-10k
電算,outside-10k
無二,outside-10k
救える,outside-10k
ベーシスト,outside-10k
大層,outside-10k
羅針盤,outside-10k
偽っ,outside-10k
南北戦争,outside-10k
膠着,outside-10k
はなはだしい,outside-10k
錠剤,outside-10k
とっつき,outside-10k
ぞろい,outside-10k
気球,outside-10k
鏡花,outside-10k
煮詰まっ,outside-10k
ジェフリー,outside-10k
安曇,outside-10k
コンサートホール,outside-10k
流行る,outside-10k
嶺,outside-10k
連係,outside-10k
寄り付き,outside-10k
隠滅,outside-10k
追いつき,outside-10k
壇,outside-10k
スリット,outside-10k
雨季,outside-10k
まじえ,outside-10k
かみ合わ,outside-10k
真鍋,outside-10k
コンシューマー,outside-10k
現代新書,outside-10k
春闘,outside-10k
真司,outside-10k
水系,outside-10k
もってのほか,outside-10k
岸壁,outside-10k
少将,outside-10k
振り込め,outside-10k
当たれ,outside-10k
エーテル,outside-10k
在位,outside-10k
対置,outside-10k
敏郎,outside-10k
凸凹,outside-10k
紛らわしい,outside-10k
ねた,outside-10k
真横,outside-10k
駒野,outside-10k
禍,outside-10k
浅はか,outside-10k
変奏曲,outside-10k
都営,outside-10k
消沈,outside-10k
ものがたり,outside-10k
道子,outside-10k
尉,outside-10k
嫁い,outside-10k
ゴールデンウイーク,outside-10k
アリバイ,outside-10k
売国,outside-10k
山谷,outside-10k
リザ,outside-10k
ずり,outside-10k
高津,outside-10k
桜並木,outside-10k
原形,outside-10k
無政府,outside-10k
祐子,outside-10k
三菱電機,outside-10k
明君,outside-10k
蒐集,outside-10k
ブラッシュ,outside-10k
度量,outside-10k
冊数,outside-10k
シロアリ,outside-10k
雑文,outside-10k
惨殺,outside-10k
板垣,outside-10k
ぬるい,outside-10k
思いきっ,outside-10k
マグニチュード,outside-10k
揺らぐ,outside-10k
京橋,outside-10k
取り戻そ,outside-10k
荒らさ,outside-10k
ノートン,outside-10k
ごたごた,outside-10k
割烹,outside-10k
努,outside-10k
深淵,outside-10k
秀作,outside-10k
ジープ,outside-10k
明治大学,outside-10k
エラーメッセージ,outside-10k
降雪,outside-10k
ベラルーシ,outside-10k
小粒,outside-10k
出し物,outside-10k
プレーヤ,outside-10k
クラクラ,outside-10k
堀部,outside-10k
ザリガニ,outside-10k
関西学院大学,outside-10k
終業,outside-10k
赤レンガ,outside-10k
睛,outside-10k
ケミカル,outside-10k
読み切り,outside-10k
ストロベリー,outside-10k
ミク,outside-10k
くじ引き,outside-10k
あらまし,outside-10k
メンター,outside-10k
ステルス,outside-10k
康成,outside-10k
庭先,outside-10k
会釈,outside-10k
聴こえる,outside-10k
狩人,outside-10k
ハハハ,outside-10k
基点,outside-10k
空しい,outside-10k
悟ら,outside-10k
うちわ,outside-10k
氷点下,outside-10k
光らせ,outside-10k
石材,outside-10k
指し示し,outside-10k
アンモニア,outside-10k
止み,outside-10k
瀋陽,outside-10k
ヴァージン,outside-10k
建て直し,outside-10k
述べよ,outside-10k
道重,outside-10k
再演,outside-10k
達郎,outside-10k
積み木,outside-10k
月報,outside-10k
魔道,outside-10k
チラホラ,outside-10k
らくだ,outside-10k
マーフィー,outside-10k
スターリング,outside-10k
松木,outside-10k
得治,outside-10k
愛撫,outside-10k
ダイス,outside-10k
短波,outside-10k
汽,outside-10k
丹後,outside-10k
サニー,outside-10k
打ち勝つ,outside-10k
エキスポ,outside-10k
年初,outside-10k
ウイル,outside-10k
沸かし,outside-10k
カタルニャ,outside-10k
恩田,outside-10k
工賃,outside-10k
苦渋,outside-10k
森岡,outside-10k
張り出し,outside-10k
伸ばせ,outside-10k
片付い,outside-10k
休眠,outside-10k
ちっちゃな,outside-10k
正人,outside-10k
インディアナ,outside-10k
書き換える,outside-10k
清々しい,outside-10k
銃声,outside-10k
絵師,outside-10k
駆け寄っ,outside-10k
自信満々,outside-10k
当主,outside-10k
伸長,outside-10k
どんでん返し,outside-10k
魂胆,outside-10k
リスボン,outside-10k
シラク,outside-10k
畏怖,outside-10k
球児,outside-10k
台座,outside-10k
ワイヤ,outside-10k
パーム,outside-10k
辰巳,outside-10k
農学部,outside-10k
死別,outside-10k
在っ,outside-10k
スライダー,outside-10k
だまっ,outside-10k
完封,outside-10k
春分,outside-10k
嫌がら,outside-10k
意表,outside-10k
当事,outside-10k
アラジン,outside-10k
演武,outside-10k
詳述,outside-10k
非力,outside-10k
有希,outside-10k
続発,outside-10k
テクスチャ,outside-10k
自筆,outside-10k
裏山,outside-10k
減給,outside-10k
島内,outside-10k
椰子,outside-10k
引き出せる,outside-10k
ディフェンダー,outside-10k
ウインドウズ,outside-10k
野性,outside-10k
遠目,outside-10k
審問,outside-10k
いかがわしい,outside-10k
プッチーニ,outside-10k
あぐら,outside-10k
精米,outside-10k
ロリータ,outside-10k
嗅ぎ,outside-10k
三洋電機,outside-10k
緩める,outside-10k
よこせ,outside-10k
蒔い,outside-10k
ユマ,outside-10k
称える,outside-10k
自慰,outside-10k
スカイライン,outside-10k
ゆかた,outside-10k
コテージ,outside-10k
大台,outside-10k
裁決,outside-10k
真由美,outside-10k
生きもの,outside-10k
大岡,outside-10k
いかし,outside-10k
歌い手,outside-10k
透き通っ,outside-10k
大男,outside-10k
多野,outside-10k
訳書,outside-10k
ファンクション,outside-10k
ブレス,outside-10k
シグマ,outside-10k
格付,outside-10k
蹴ら,outside-10k
商船,outside-10k
おまじない,outside-10k
水際,outside-10k
お預け,outside-10k
うっとうしい,outside-10k
アーメン,outside-10k
フロイド,outside-10k
鳥羽,outside-10k
ゴタゴタ,outside-10k
造作,outside-10k
賛助,outside-10k
井田,outside-10k
セーラー,outside-10k
通せ,outside-10k
生起,outside-10k
油脂,outside-10k
オタワ,outside-10k
面前,outside-10k
私設,outside-10k
ミノルタ,outside-10k
判然,outside-10k
パンケーキ,outside-10k
南端,outside-10k
事欠か,outside-10k
振り替え,outside-10k
痒い,outside-10k
害さ,outside-10k
せっかち,outside-10k
給費,outside-10k
俄,outside-10k
マグマ,outside-10k
高所,outside-10k
原野,outside-10k
兼ねる,outside-10k
野良犬,outside-10k
修練,outside-10k
さらけ出し,outside-10k
機敏,outside-10k
バトラー,outside-10k
トライデント,outside-10k
夢物語,outside-10k
射手,outside-10k
禁固,outside-10k
かばっ,outside-10k
ちまい,outside-10k
剃り,outside-10k
渉外,outside-10k
黙祷,outside-10k
一介,outside-10k
小社,outside-10k
すます,outside-10k
エデン,outside-10k
広尾,outside-10k
つづっ,outside-10k
言い残し,outside-10k
クレオ,outside-10k
つたない,outside-10k
見失う,outside-10k
桜花,outside-10k
司法省,outside-10k
機転,outside-10k
再燃,outside-10k
みつから,outside-10k
連れ出し,outside-10k
パラメーター,outside-10k
過不足,outside-10k
繰越,outside-10k
小幅,outside-10k
滅多,outside-10k
顔料,outside-10k
やすらぎ,outside-10k
土砂降り,outside-10k
摂り,outside-10k
首領,outside-10k
供え,outside-10k
ブランデー,outside-10k
びびっ,outside-10k
ポラーニ,outside-10k
取り分,outside-10k
相川,outside-10k
ウガンダ,outside-10k
盟友,outside-10k
きかせ,outside-10k
真っ盛り,outside-10k
早退,outside-10k
妄言,outside-10k
管掌,outside-10k
ざっくばらん,outside-10k
取り違え,outside-10k
出かけよ,outside-10k
かたは,outside-10k
痒,outside-10k
プライム,outside-10k
貨車,outside-10k
オバ,outside-10k
雪解け,outside-10k
独奏,outside-10k
肩代わり,outside-10k
借り手,outside-10k
鈍っ,outside-10k
失意,outside-10k
鰹,outside-10k
アミューズメント,outside-10k
新大陸,outside-10k
いっち,outside-10k
家裁,outside-10k
関ヶ原,outside-10k
弾む,outside-10k
ウィズ,outside-10k
遊覧,outside-10k
叙情,outside-10k
テツ,outside-10k
燻製,outside-10k
囲い込み,outside-10k
縦横無尽,outside-10k
身代わり,outside-10k
お釈迦様,outside-10k
基督教,outside-10k
やってこ,outside-10k
家庭科,outside-10k
重奏,outside-10k
蘆,outside-10k
菖蒲,outside-10k
年商,outside-10k
孟司,outside-10k
花輪,outside-10k
家宝,outside-10k
サフィン,outside-10k
微弱,outside-10k
アレクサンダー,outside-10k
はるみ,outside-10k
志望校,outside-10k
ヒミツ,outside-10k
間髪,outside-10k
アイリス,outside-10k
近しい,outside-10k
キャシー,outside-10k
引きずる,outside-10k
群がっ,outside-10k
塩焼き,outside-10k
表せ,outside-10k
隊列,outside-10k
平らげ,outside-10k
秋月,outside-10k
アー,outside-10k
蝦夷,outside-10k
月謝,outside-10k
テンプ,outside-10k
グロス,outside-10k
言わずもがな,outside-10k
ワイパー,outside-10k
一筆,outside-10k
ゲルマニウム,outside-10k
ブーケ,outside-10k
遺品,outside-10k
Ｕターン,outside-10k
握りしめ,outside-10k
喫緊,outside-10k
彌,outside-10k
ファンダメンタルズ,outside-10k
据える,outside-10k
お鍋,outside-10k
アルカリ性,outside-10k
日立製作所,outside-10k
われる,outside-10k
ノスタルジー,outside-10k
媚び,outside-10k
ならべ,outside-10k
恋しい,outside-10k
麺類,outside-10k
グラタン,outside-10k
覺,outside-10k
古文書,outside-10k
イエズス,outside-10k
ブドウ糖,outside-10k
交響,outside-10k
ワーグナー,outside-10k
今泉,outside-10k
さまよう,outside-10k
譲与,outside-10k
肉類,outside-10k
画材,outside-10k
琴線,outside-10k
戸口,outside-10k
劇画,outside-10k
瀬川,outside-10k
逢,outside-10k
盲人,outside-10k
ジョルジュ,outside-10k
セレン,outside-10k
サブカル,outside-10k
渦巻い,outside-10k
初耳,outside-10k
死角,outside-10k
ヴァージニア,outside-10k
蔭,outside-10k
あせり,outside-10k
真鍮,outside-10k
花王,outside-10k
古谷,outside-10k
メーン,outside-10k
ちかい,outside-10k
解き放た,outside-10k
飲み込む,outside-10k
ハイビスカス,outside-10k
たどりつく,outside-10k
行政管理庁,outside-10k
人心,outside-10k
博史,outside-10k
クー,outside-10k
うるか,outside-10k
小隊,outside-10k
明智,outside-10k
マッカートニー,outside-10k
雑木林,outside-10k
競,outside-10k
欠片,outside-10k
揚げる,outside-10k
明ける,outside-10k
ゲロ,outside-10k
昭彦,outside-10k
ゆるし,outside-10k
ありがたかっ,outside-10k
いやしくも,outside-10k
リアム,outside-10k
かゆみ,outside-10k
パオ,outside-10k
シバ,outside-10k
雄三,outside-10k
演者,outside-10k
明文,outside-10k
接見,outside-10k
合憲,outside-10k
追いやっ,outside-10k
見晴らし,outside-10k
シウバ,outside-10k
光田,outside-10k
所掌,outside-10k
カーネーション,outside-10k
中教審,outside-10k
厳然,outside-10k
両性,outside-10k
フーリエ,outside-10k
岩間,outside-10k
へこん,outside-10k
ディアス,outside-10k
命ずる,outside-10k
クロード,outside-10k
ブラックリスト,outside-10k
ポウ,outside-10k
どす,outside-10k
ばかばかしい,outside-10k
家来,outside-10k
貴子,outside-10k
ごっちゃ,outside-10k
アルジャジーラ,outside-10k
讃え,outside-10k
エキゾチック,outside-10k
弦斎,outside-10k
ガールズ,outside-10k
清一,outside-10k
次週,outside-10k
小浜,outside-10k
晴らし,outside-10k
そらす,outside-10k
農学,outside-10k
自家用,outside-10k
ヴィーナス,outside-10k
もどし,outside-10k
手ぶら,outside-10k
パラオ,outside-10k
刷り込ま,outside-10k
朦朧,outside-10k
弘道,outside-10k
經,outside-10k
ガッツポーズ,outside-10k
格調,outside-10k
しかして,outside-10k
売り出さ,outside-10k
随,outside-10k
偶数,outside-10k
プリ,outside-10k
冠し,outside-10k
司令塔,outside-10k
佳子,outside-10k
サスペンション,outside-10k
遺し,outside-10k
神官,outside-10k
青ざめ,outside-10k
聞き出し,outside-10k
オンス,outside-10k
仏閣,outside-10k
ファイアー,outside-10k
なじむ,outside-10k
もがき,outside-10k
ピリピリ,outside-10k
トンプソン,outside-10k
廣瀬,outside-10k
スコップ,outside-10k
バーンズ,outside-10k
書き直す,outside-10k
スポーツマン,outside-10k
映し出し,outside-10k
遣り,outside-10k
聞き流し,outside-10k
グラフィカル,outside-10k
七色,outside-10k
踊り場,outside-10k
エリオット,outside-10k
レンゲ,outside-10k
うつむい,outside-10k
ポーク,outside-10k
際立た,outside-10k
キャンベラ,outside-10k
薄かっ,outside-10k
あまた,outside-10k
日増しに,outside-10k
大丸,outside-10k
つきる,outside-10k
エルビス,outside-10k
得する,outside-10k
課徴,outside-10k
おさまり,outside-10k
ポリネシア,outside-10k
美味かっ,outside-10k
ヘロヘロ,outside-10k
置き忘れ,outside-10k
端緒,outside-10k
洋平,outside-10k
囚,outside-10k
ブログサイト,outside-10k
堂々たる,outside-10k
原語,outside-10k
何とぞ,outside-10k
再来週,outside-10k
市村,outside-10k
五行,outside-10k
粗い,outside-10k
メルアド,outside-10k
跋扈,outside-10k
リッチクライアント,outside-10k
等分,outside-10k
ヒッチハイク,outside-10k
凹,outside-10k
前触れ,outside-10k
校則,outside-10k
樹齢,outside-10k
水気,outside-10k
タイプライター,outside-10k
大損,outside-10k
いわんや,outside-10k
ペンシルバニア,outside-10k
アソコ,outside-10k
乾かし,outside-10k
つつい,outside-10k
転記,outside-10k
ウエブ,outside-10k
今津,outside-10k
化工,outside-10k
収量,outside-10k
いづ,outside-10k
おっとり,outside-10k
擁する,outside-10k
信男,outside-10k
企画庁,outside-10k
不純,outside-10k
胡麻,outside-10k
マボ,outside-10k
莉,outside-10k
反落,outside-10k
饌,outside-10k
筏,outside-10k
皮革,outside-10k
あさ,outside-10k
取り組め,outside-10k
水筒,outside-10k
法制審,outside-10k
放水,outside-10k
ミニコミ,outside-10k
はたい,outside-10k
風流,outside-10k
糠,outside-10k
アフターサービス,outside-10k
王手,outside-10k
叶い,outside-10k
アニマル,outside-10k
文人,outside-10k
諸悪,outside-10k
直射,outside-10k
表裏,outside-10k
黒船,outside-10k
非国民,outside-10k
活況,outside-10k
出欠,outside-10k
偽札,outside-10k
ハヤテ,outside-10k
街路樹,outside-10k
むね,outside-10k
年鑑,outside-10k
なにがし,outside-10k
ナムコ,outside-10k
盛り沢山,outside-10k
たやすい,outside-10k
やってのけ,outside-10k
呼ぼ,outside-10k
塾生,outside-10k
リウマチ,outside-10k
抜け道,outside-10k
謝ら,outside-10k
探し回っ,outside-10k
阿佐ヶ谷,outside-10k
なつかし,outside-10k
立ち入っ,outside-10k
気象台,outside-10k
やっぱし,outside-10k
シキ,outside-10k
じりじり,outside-10k
香取,outside-10k
受け売り,outside-10k
醸し出す,outside-10k
二名,outside-10k
水俣,outside-10k
肋骨,outside-10k
快活,outside-10k
須,outside-10k
うなり,outside-10k
窪,outside-10k
活路,outside-10k
高座,outside-10k
カシミール,outside-10k
ひっかかり,outside-10k
取り組も,outside-10k
大きけれ,outside-10k
灼熱,outside-10k
切り抜き,outside-10k
臥,outside-10k
彫像,outside-10k
生化学,outside-10k
危なく,outside-10k
付き添っ,outside-10k
静観,outside-10k
非核,outside-10k
問い詰め,outside-10k
富み,outside-10k
本丸,outside-10k
お目にかかる,outside-10k
ティモール,outside-10k
補導,outside-10k
憂,outside-10k
選好,outside-10k
盛り付け,outside-10k
スパルタ,outside-10k
こぐ,outside-10k
ソード,outside-10k
旗揚げ,outside-10k
馬鹿馬鹿しい,outside-10k
ラブホテル,outside-10k
敗れる,outside-10k
こうむっ,outside-10k
パネラー,outside-10k
要職,outside-10k
上り坂,outside-10k
理工学部,outside-10k
乾く,outside-10k
会得,outside-10k
モノローグ,outside-10k
駅名,outside-10k
創成,outside-10k
折衷,outside-10k
切り替わっ,outside-10k
財力,outside-10k
本立て,outside-10k
ネスト,outside-10k
淑女,outside-10k
関知,outside-10k
ドリアン,outside-10k
牡馬,outside-10k
捨,outside-10k
八重山,outside-10k
とぼけ,outside-10k
メーラー,outside-10k
ぼやい,outside-10k
通り道,outside-10k
ケリ,outside-10k
エストニア,outside-10k
概,outside-10k
君子,outside-10k
核保有,outside-10k
平準,outside-10k
干す,outside-10k
真弓,outside-10k
熟慮,outside-10k
禁じる,outside-10k
さしずめ,outside-10k
とんだ,outside-10k
駄洒落,outside-10k
鉄製,outside-10k
ヵ年,outside-10k
センチメンタル,outside-10k
常態,outside-10k
石破,outside-10k
對,outside-10k
続落,outside-10k
撒く,outside-10k
空しく,outside-10k
悲しき,outside-10k
話術,outside-10k
大福,outside-10k
すかし,outside-10k
発露,outside-10k
正弘,outside-10k
ウイリアム,outside-10k
ちぎっ,outside-10k
鳴り響く,outside-10k
科さ,outside-10k
高率,outside-10k
霊長,outside-10k
かする,outside-10k
省内,outside-10k
オットー,outside-10k
矮小,outside-10k
差し押さえ,outside-10k
バビロン,outside-10k
音読み,outside-10k
古き,outside-10k
牧畜,outside-10k
シューマッハ,outside-10k
援軍,outside-10k
東急不動産,outside-10k
根こそぎ,outside-10k
絵手紙,outside-10k
ビーン,outside-10k
蚊帳,outside-10k
切開,outside-10k
鎮魂,outside-10k
門前払い,outside-10k
コミッション,outside-10k
散らかっ,outside-10k
モメンタム,outside-10k
クローゼ,outside-10k
コシ,outside-10k
締めくくっ,outside-10k
反比例,outside-10k
新城,outside-10k
試運転,outside-10k
ネム,outside-10k
テーラー,outside-10k
根室,outside-10k
どろどろ,outside-10k
米原,outside-10k
ハンドリング,outside-10k
リネン,outside-10k
迎,outside-10k
青柳,outside-10k
レニングラード,outside-10k
粉々,outside-10k
地熱,outside-10k
底上げ,outside-10k
真新しい,outside-10k
狗,outside-10k
ジェル,outside-10k
世にも,outside-10k
プレイリスト,outside-10k
添い寝,outside-10k
悪行,outside-10k
テチュ,outside-10k
チャーチ,outside-10k
入籍,outside-10k
悪態,outside-10k
侯爵,outside-10k
待ち伏せ,outside-10k
紺色,outside-10k
スタンフォード,outside-10k
吹き付け,outside-10k
米倉,outside-10k
リアリスト,outside-10k
西安,outside-10k
地学,outside-10k
たがい,outside-10k
全権,outside-10k
仕舞い,outside-10k
屈,outside-10k
割に,outside-10k
堕ち,outside-10k
ミヤ,outside-10k
カーネギー,outside-10k
絶っ,outside-10k
独白,outside-10k
父方,outside-10k
論客,outside-10k
でこぼこ,outside-10k
ずぶ,outside-10k
ヘディング,outside-10k
シェイプ,outside-10k
樋,outside-10k
棲,outside-10k
くだら,outside-10k
歯並び,outside-10k
ひらひら,outside-10k
クラブハウス,outside-10k
揚げ足,outside-10k
フィッシュ,outside-10k
ナツ,outside-10k
腺,outside-10k
閑,outside-10k
巻き返し,outside-10k
虚しい,outside-10k
死刑囚,outside-10k
しゃく,outside-10k
崩れ落ち,outside-10k
アムネスティ,outside-10k
ベガルタ,outside-10k
卜,outside-10k
疎,outside-10k
無味,outside-10k
自公,outside-10k
ミクロン,outside-10k
クロワッサン,outside-10k
粛々と,outside-10k
オクターブ,outside-10k
棘,outside-10k
拒み,outside-10k
焚き火,outside-10k
アセンブリ,outside-10k
正治,outside-10k
そる,outside-10k
飛べる,outside-10k
ありがたみ,outside-10k
静子,outside-10k
プロヴァンス,outside-10k
急患,outside-10k
手っ取り早く,outside-10k
かち,outside-10k
定点,outside-10k
欠かす,outside-10k
手の平,outside-10k
拙速,outside-10k
切り替わる,outside-10k
南禅寺,outside-10k
アルフレッド,outside-10k
八雲,outside-10k
キングコング,outside-10k
色あせ,outside-10k
騒然と,outside-10k
テリトリー,outside-10k
欠勤,outside-10k
つくりだす,outside-10k
炭坑,outside-10k
米沢,outside-10k
小走り,outside-10k
ハク,outside-10k
圭介,outside-10k
俊太郎,outside-10k
新進,outside-10k
アンドロイド,outside-10k
エセ,outside-10k
堪ら,outside-10k
漏らす,outside-10k
ロータス,outside-10k
青白い,outside-10k
めざせ,outside-10k
たんぽぽ,outside-10k
剥き出し,outside-10k
引っ込ん,outside-10k
引きつける,outside-10k
罰せ,outside-10k
ドタキャン,outside-10k
黄色く,outside-10k
角質,outside-10k
縮ん,outside-10k
シェパード,outside-10k
義務付ける,outside-10k
トレイル,outside-10k
バーミンガム,outside-10k
旗印,outside-10k
カリウム,outside-10k
文集,outside-10k
名瀬,outside-10k
サムネイル,outside-10k
菜食,outside-10k
順不同,outside-10k
プロイセン,outside-10k
目論ん,outside-10k
名演,outside-10k
至って,outside-10k
会し,outside-10k
淋し,outside-10k
激務,outside-10k
産直,outside-10k
周遊,outside-10k
自画像,outside-10k
朝鮮民主主義人民共和国,outside-10k
不順,outside-10k
佐久,outside-10k
見通す,outside-10k
描き出す,outside-10k
折り畳み,outside-10k
興じ,outside-10k
趣意,outside-10k
自営,outside-10k
民訴,outside-10k
ジャイアント,outside-10k
ビジター,outside-10k
激論,outside-10k
貴婦人,outside-10k
帝都,outside-10k
原口,outside-10k
そっけ,outside-10k
当会,outside-10k
わかめ,outside-10k
リックス,outside-10k
開局,outside-10k
自己流,outside-10k
はずみ,outside-10k
まさる,outside-10k
おかゆ,outside-10k
略式,outside-10k
持ち時間,outside-10k
ひかえ,outside-10k
氷河期,outside-10k
宏之,outside-10k
小銃,outside-10k
じたい,outside-10k
セーラー服,outside-10k
立ち見,outside-10k
輸,outside-10k
ビュッフェ,outside-10k
ベンガル,outside-10k
払える,outside-10k
ワサビ,outside-10k
旧制,outside-10k
嗅い,outside-10k
弾頭,outside-10k
ガードレール,outside-10k
飛び入り,outside-10k
赤子,outside-10k
ミカ,outside-10k
アヘン,outside-10k
ふさい,outside-10k
須崎,outside-10k
ビデオデッキ,outside-10k
くるま,outside-10k
不協和音,outside-10k
うど,outside-10k
ポニーテール,outside-10k
合併症,outside-10k
手近,outside-10k
ゆくえ,outside-10k
聴力,outside-10k
分節,outside-10k
市井,outside-10k
渦巻く,outside-10k
引き取ら,outside-10k
吹き荒れ,outside-10k
ピープル,outside-10k
ファイナンシャル,outside-10k
吉林,outside-10k
考へ,outside-10k
坊ちゃん,outside-10k
島津,outside-10k
浦嶋,outside-10k
ウィンド,outside-10k
帰依,outside-10k
海南,outside-10k
薄暗く,outside-10k
ラウル,outside-10k
祝賀会,outside-10k
行脚,outside-10k
中小企業庁,outside-10k
雑種,outside-10k
クライミング,outside-10k
失効,outside-10k
起こそ,outside-10k
行き帰り,outside-10k
控え目,outside-10k
心療内科,outside-10k
セビージャ,outside-10k
千歳,outside-10k
えひめ,outside-10k
プラクティス,outside-10k
くずし,outside-10k
依田,outside-10k
お蔭,outside-10k
さておい,outside-10k
東工大,outside-10k
寺子屋,outside-10k
初診,outside-10k
ビルダー,outside-10k
道すがら,outside-10k
むりやり,outside-10k
歓び,outside-10k
先刻,outside-10k
使い手,outside-10k
カシオ,outside-10k
二人,outside-10k
怒鳴ら,outside-10k
弉,outside-10k
喰わ,outside-10k
鰺,outside-10k
冷やかし,outside-10k
氷室,outside-10k
ボイラー,outside-10k
両極端,outside-10k
ハヤシ,outside-10k
いたく,outside-10k
副長,outside-10k
降板,outside-10k
戦火,outside-10k
円柱,outside-10k
坑,outside-10k
目玉焼き,outside-10k
成人病,outside-10k
ダブっ,outside-10k
ルクソール,outside-10k
行商,outside-10k
書き物,outside-10k
とうき,outside-10k
ミツバチ,outside-10k
独り占め,outside-10k
水商売,outside-10k
筑波大,outside-10k
小１,outside-10k
薬指,outside-10k
カタ,outside-10k
振り向け,outside-10k
メンシェヴィキ,outside-10k
白樺,outside-10k
成仏,outside-10k
謝辞,outside-10k
足並み,outside-10k
こづかい,outside-10k
うまみ,outside-10k
ウェルズ,outside-10k
飾り付け,outside-10k
手相,outside-10k
特措法,outside-10k
親しむ,outside-10k
ぼり,outside-10k
イニング,outside-10k
アメーバ,outside-10k
狛犬,outside-10k
改廃,outside-10k
マラッカ,outside-10k
思いきり,outside-10k
押える,outside-10k
人語,outside-10k
フェンダー,outside-10k
存する,outside-10k
差し出さ,outside-10k
取り戻せ,outside-10k
セルラー,outside-10k
角形,outside-10k
網戸,outside-10k
分かれ目,outside-10k
秋晴れ,outside-10k
すがり,outside-10k
とっく,outside-10k
ハイブリット,outside-10k
ギミック,outside-10k
沖田,outside-10k
かすみ,outside-10k
皮質,outside-10k
擁立,outside-10k
萋,outside-10k
猪俣,outside-10k
キップ,outside-10k
下期,outside-10k
天然記念物,outside-10k
傷病,outside-10k
曹洞宗,outside-10k
下らない,outside-10k
揺さぶる,outside-10k
平沢,outside-10k
聞き取る,outside-10k
覯,outside-10k
里見,outside-10k
アフロ,outside-10k
ザルツブルク,outside-10k
あぶ,outside-10k
決め込ん,outside-10k
紋別,outside-10k
奪い合い,outside-10k
ストーム,outside-10k
グリーン車,outside-10k
松井証券,outside-10k
雪景色,outside-10k
豊川,outside-10k
鼻息,outside-10k
押し込め,outside-10k
プンプン,outside-10k
高気圧,outside-10k
来たし,outside-10k
水産庁,outside-10k
聞え,outside-10k
綾香,outside-10k
アニキ,outside-10k
タキシード,outside-10k
アスカ,outside-10k
ヴェネチア,outside-10k
再興,outside-10k
トゥヴォック,outside-10k
中腹,outside-10k
カローラ,outside-10k
産め,outside-10k
陰口,outside-10k
くわしい,outside-10k
救護,outside-10k
イメ,outside-10k
原状,outside-10k
改竄,outside-10k
涼しげ,outside-10k
飯店,outside-10k
ビジネスブログ,outside-10k
立ち会う,outside-10k
三塁,outside-10k
金剛山,outside-10k
フォワイエ,outside-10k
混じる,outside-10k
外車,outside-10k
疾風,outside-10k
跡形,outside-10k
エージェンシー,outside-10k
駐日,outside-10k
繋げる,outside-10k
総本山,outside-10k
デコレーション,outside-10k
持ち寄っ,outside-10k
きまる,outside-10k
解せ,outside-10k
ウザイ,outside-10k
福留,outside-10k
患部,outside-10k
モノマネ,outside-10k
形質,outside-10k
不可侵,outside-10k
梯子,outside-10k
紳,outside-10k
救お,outside-10k
ノスタルジック,outside-10k
肩身,outside-10k
みつける,outside-10k
セネガル,outside-10k
ひだ,outside-10k
首切り,outside-10k
古木,outside-10k
全線,outside-10k
死守,outside-10k
釜石,outside-10k
余す,outside-10k
プリズム,outside-10k
振りかざし,outside-10k
醸し,outside-10k
浄化槽,outside-10k
キャメロン,outside-10k
カスタマー,outside-10k
赤血球,outside-10k
完熟,outside-10k
天王寺,outside-10k
実権,outside-10k
干物,outside-10k
拂,outside-10k
地下道,outside-10k
津々浦々,outside-10k
行く先,outside-10k
冷気,outside-10k
冒さ,outside-10k
心持ち,outside-10k
附,outside-10k
馴染め,outside-10k
一朝一夕,outside-10k
岩渕,outside-10k
ガンバ大阪,outside-10k
むくみ,outside-10k
知ったかぶり,outside-10k
エーカー,outside-10k
法典,outside-10k
一石,outside-10k
島村,outside-10k
出来栄え,outside-10k
鉄鉱,outside-10k
コング,outside-10k
北緯,outside-10k
足止め,outside-10k
ヘラクレス,outside-10k
どっさり,outside-10k
憎め,outside-10k
小宮山,outside-10k
チャップリン,outside-10k
変哲,outside-10k
アリカ,outside-10k
ゴルバチョフ,outside-10k
近付く,outside-10k
食べもの,outside-10k
彦星,outside-10k
短気,outside-10k
血まみれ,outside-10k
ざわめき,outside-10k
自重,outside-10k
定石,outside-10k
海馬,outside-10k
シミュレータ,outside-10k
逆らえ,outside-10k
繁樹,outside-10k
下北,outside-10k
天性,outside-10k
こなさ,outside-10k
査読,outside-10k
鋭敏,outside-10k
守山,outside-10k
年頭,outside-10k
羯,outside-10k
若造,outside-10k
レゴ,outside-10k
マイン,outside-10k
ハギ,outside-10k
ビートたけし,outside-10k
陰性,outside-10k
原論,outside-10k
コンバータ,outside-10k
治め,outside-10k
ニアミス,outside-10k
小栗,outside-10k
引っ,outside-10k
マヌエル,outside-10k
へや,outside-10k
心電図,outside-10k
沸か,outside-10k
行なえ,outside-10k
規則正しい,outside-10k
厚手,outside-10k
スターリニスト,outside-10k
旅順,outside-10k
偲ぶ,outside-10k
退室,outside-10k
モルト,outside-10k
度肝,outside-10k
地代,outside-10k
吃驚,outside-10k
資料集,outside-10k
メチャメチャ,outside-10k
比べもの,outside-10k
ケイジ,outside-10k
享,outside-10k
ディリ,outside-10k
引き締まっ,outside-10k
蠹,outside-10k
あしらっ,outside-10k
持て余し,outside-10k
マー,outside-10k
逢っ,outside-10k
篠,outside-10k
伊勢神宮,outside-10k
キャパ,outside-10k
労苦,outside-10k
うだうだ,outside-10k
それとなく,outside-10k
思い起こす,outside-10k
はがれ,outside-10k
高々,outside-10k
道雄,outside-10k
煽動,outside-10k
ハグ,outside-10k
かわいがっ,outside-10k
ダルマ,outside-10k
引き取る,outside-10k
永く,outside-10k
繋が,outside-10k
穢,outside-10k
光合成,outside-10k
落葉,outside-10k
ウェリントン,outside-10k
追い上げ,outside-10k
揺さぶり,outside-10k
知れる,outside-10k
持ちこたえ,outside-10k
主文,outside-10k
グループホーム,outside-10k
皇子,outside-10k
突風,outside-10k
口ずさん,outside-10k
痛恨,outside-10k
有島,outside-10k
コンドミニアム,outside-10k
蘇,outside-10k
悔い改め,outside-10k
こらし,outside-10k
乱し,outside-10k
定性的,outside-10k
本科,outside-10k
救,outside-10k
ショウガ,outside-10k
表札,outside-10k
格式,outside-10k
拾い読み,outside-10k
純然,outside-10k
なじめ,outside-10k
国技,outside-10k
どっこい,outside-10k
てんこ盛り,outside-10k
加奈子,outside-10k
リコーダー,outside-10k
八犬伝,outside-10k
かけっこ,outside-10k
ワンダー,outside-10k
金銀,outside-10k
鮴,outside-10k
おぼえる,outside-10k
数社,outside-10k
ネール,outside-10k
よしのり,outside-10k
花言葉,outside-10k
ニッコリ,outside-10k
コーナ,outside-10k
ひっぱり,outside-10k
に対します,outside-10k
県下,outside-10k
南半球,outside-10k
よろ,outside-10k
熊田,outside-10k
競い合う,outside-10k
前頭,outside-10k
古城,outside-10k
割り出し,outside-10k
ボディソニック,outside-10k
連名,outside-10k
しこり,outside-10k
踏み切れ,outside-10k
はずれる,outside-10k
煽ら,outside-10k
しんどく,outside-10k
コラムブログ,outside-10k
案じ,outside-10k
映写,outside-10k
追撃,outside-10k
オリンパス,outside-10k
フレデリック,outside-10k
防波堤,outside-10k
理研,outside-10k
散文,outside-10k
一酸化,outside-10k
企ん,outside-10k
あの手この手,outside-10k
装束,outside-10k
酒田,outside-10k
典子,outside-10k
無音,outside-10k
グラハム,outside-10k
御名,outside-10k
間食,outside-10k
トラム,outside-10k
神隠し,outside-10k
ススキ,outside-10k
使い切っ,outside-10k
気風,outside-10k
手間取っ,outside-10k
垰,outside-10k
手不足,outside-10k
シュークリーム,outside-10k
ギラギラ,outside-10k
カヤック,outside-10k
方向づけ,outside-10k
奇特,outside-10k
旭屋,outside-10k
ナルト,outside-10k
中２,outside-10k
楢崎,outside-10k
円卓,outside-10k
四球,outside-10k
人間らしく,outside-10k
まちがえ,outside-10k
修羅,outside-10k
実害,outside-10k
ビビっ,outside-10k
苗木,outside-10k
日出,outside-10k
オピニオンブログホワイトペーパーリサーチワークスタイルレビュー,outside-10k
置こ,outside-10k
風下,outside-10k
盪,outside-10k
覚醒剤,outside-10k
埓,outside-10k
平民,outside-10k
サギ,outside-10k
鳥栖,outside-10k
フロントガラス,outside-10k
性癖,outside-10k
内省,outside-10k
果し,outside-10k
目減り,outside-10k
私利,outside-10k
実直,outside-10k
婚礼,outside-10k
使い慣れ,outside-10k
侮れ,outside-10k
ザルカウィ,outside-10k
不満足,outside-10k
アレコレ,outside-10k
興業,outside-10k
あつめ,outside-10k
ヴェトナム,outside-10k
送致,outside-10k
不作,outside-10k
杏仁,outside-10k
やかましい,outside-10k
ならい,outside-10k
打ち切る,outside-10k
吉郎,outside-10k
補選,outside-10k
アングロサクソン,outside-10k
並々,outside-10k
獄,outside-10k
フェース,outside-10k
海草,outside-10k
陸路,outside-10k
国分寺,outside-10k
サハラ,outside-10k
根岸,outside-10k
かすめ,outside-10k
慰労,outside-10k
ちぎり,outside-10k
ねむ,outside-10k
ちまた,outside-10k
ミドリ,outside-10k
肢体,outside-10k
啓之,outside-10k
稀有,outside-10k
微動,outside-10k
貯まる,outside-10k
無情,outside-10k
群落,outside-10k
帝政,outside-10k
宏治,outside-10k
美男,outside-10k
お告げ,outside-10k
天女,outside-10k
無利子,outside-10k
嘗て,outside-10k
三義,outside-10k
くらべる,outside-10k
穢れ,outside-10k
はらっ,outside-10k
インプレッション,outside-10k
北斎,outside-10k
切り換え,outside-10k
右傾,outside-10k
漸進,outside-10k
日大,outside-10k
拓哉,outside-10k
危惧さ,outside-10k
換言,outside-10k
マエストロ,outside-10k
虚栄,outside-10k
分会,outside-10k
立ち上がら,outside-10k
手錠,outside-10k
利き手,outside-10k
ジャワ島,outside-10k
マーリー,outside-10k
極寒,outside-10k
嵐山,outside-10k
沈着,outside-10k
あたたかく,outside-10k
かなめ,outside-10k
サボり,outside-10k
孫娘,outside-10k
陛,outside-10k
回遊,outside-10k
天声,outside-10k
当否,outside-10k
貼付,outside-10k
数件,outside-10k
更地,outside-10k
憲一,outside-10k
クロール,outside-10k
ぶらり,outside-10k
まん中,outside-10k
思い立ち,outside-10k
引き立て,outside-10k
烏丸,outside-10k
陳謝,outside-10k
励起,outside-10k
操ら,outside-10k
烙印,outside-10k
擁,outside-10k
抗原,outside-10k
子羊,outside-10k
フィックス,outside-10k
ストップ高,outside-10k
プル,outside-10k
リーガー,outside-10k
浪漫,outside-10k
テレパシー,outside-10k
でか,outside-10k
公序良俗,outside-10k
大腿,outside-10k
省吾,outside-10k
岐,outside-10k
祝祭日,outside-10k
祈ら,outside-10k
虚像,outside-10k
キャバ,outside-10k
更け,outside-10k
タテマエ,outside-10k
小刻み,outside-10k
裁断,outside-10k
行楽,outside-10k
音信,outside-10k
ウォーホル,outside-10k
振り回す,outside-10k
宗主,outside-10k
こなれ,outside-10k
善行,outside-10k
森中,outside-10k
ミケランジェロ,outside-10k
夏時間,outside-10k
袋小路,outside-10k
特会,outside-10k
箕面,outside-10k
正和,outside-10k
吉宗,outside-10k
下川,outside-10k
サザン,outside-10k
色っぽい,outside-10k
インターバル,outside-10k
考え事,outside-10k
横尾,outside-10k
教派,outside-10k
神妙,outside-10k
メリークリスマス,outside-10k
ずば抜け,outside-10k
侵,outside-10k
ロップ,outside-10k
巣鴨,outside-10k
鳴り響い,outside-10k
無双,outside-10k
切り取り,outside-10k
スガ,outside-10k
迷彩,outside-10k
埋め込む,outside-10k
愚直,outside-10k
敬服,outside-10k
ドラマティック,outside-10k
朽木,outside-10k
まんざら,outside-10k
のこり,outside-10k
伍,outside-10k
幸之助,outside-10k
飼い犬,outside-10k
東風,outside-10k
薄手,outside-10k
乗り切り,outside-10k
湖南,outside-10k
既刊,outside-10k
早める,outside-10k
心不全,outside-10k
つかり,outside-10k
カウアイ,outside-10k
居合,outside-10k
タンポポ,outside-10k
アダムス,outside-10k
アメリカンフットボール,outside-10k
人造,outside-10k
金田一,outside-10k
齟齬,outside-10k
中庸,outside-10k
鵜飼,outside-10k
秀で,outside-10k
ターゲティング,outside-10k
エクステリア,outside-10k
踊れ,outside-10k
英機,outside-10k
禁制,outside-10k
さんぽ,outside-10k
チャベス,outside-10k
間伐,outside-10k
湊,outside-10k
実機,outside-10k
仕送り,outside-10k
ツーショット,outside-10k
素数,outside-10k
転出,outside-10k
岸辺,outside-10k
習字,outside-10k
魑,outside-10k
逆立ち,outside-10k
なぞっ,outside-10k
催す,outside-10k
さくっと,outside-10k
醤,outside-10k
青々,outside-10k
侫,outside-10k
ウマイ,outside-10k
持ち歩き,outside-10k
仰,outside-10k
放送大学,outside-10k
メカニカル,outside-10k
サミー,outside-10k
実働,outside-10k
取水,outside-10k
ディール,outside-10k
突き出,outside-10k
下回り,outside-10k
悲しま,outside-10k
砥石,outside-10k
京浜,outside-10k
稼が,outside-10k
出廷,outside-10k
イタイ,outside-10k
摩訶不思議,outside-10k
夜遊び,outside-10k
言い張っ,outside-10k
廃液,outside-10k
道標,outside-10k
思い込む,outside-10k
はじめよ,outside-10k
揃わ,outside-10k
サクランボ,outside-10k
白金,outside-10k
陰鬱,outside-10k
殉教,outside-10k
ヒースロー,outside-10k
庶務,outside-10k
手羽,outside-10k
メシア,outside-10k
亜熱帯,outside-10k
来よ,outside-10k
出入,outside-10k
人混み,outside-10k
ビバ,outside-10k
改組,outside-10k
報奨,outside-10k
新島,outside-10k
険悪,outside-10k
オノ,outside-10k
囁き,outside-10k
南ベトナム,outside-10k
日和見,outside-10k
苛酷,outside-10k
ハニー,outside-10k
ミリタリー,outside-10k
うべ,outside-10k
冷徹,outside-10k
何ごと,outside-10k
すくない,outside-10k
憚,outside-10k
裸体,outside-10k
フルシチョフ,outside-10k
洋上,outside-10k
列伝,outside-10k
ときめく,outside-10k
腐れ,outside-10k
最寄駅,outside-10k
眄,outside-10k
棲み,outside-10k
すばる,outside-10k
公転,outside-10k
冷水,outside-10k
カルピス,outside-10k
引き付け,outside-10k
載ら,outside-10k
労基法,outside-10k
たらふく,outside-10k
完遂,outside-10k
デポジット,outside-10k
総監,outside-10k
上智大学,outside-10k
グルジェフ,outside-10k
イザヤ,outside-10k
副次的,outside-10k
あまねく,outside-10k
みつを,outside-10k
さわる,outside-10k
実利,outside-10k
見掛け,outside-10k
さば,outside-10k
カジ,outside-10k
整う,outside-10k
社風,outside-10k
ミール,outside-10k
里美,outside-10k
清流,outside-10k
不名誉,outside-10k
程よく,outside-10k
自愛,outside-10k
チェッカー,outside-10k
押し出す,outside-10k
ポカポカ,outside-10k
粛正,outside-10k
キャビネット,outside-10k
リチウム,outside-10k
内向,outside-10k
馬渡,outside-10k
打ち破る,outside-10k
鳴ら,outside-10k
道順,outside-10k
染まり,outside-10k
交配,outside-10k
専守防衛,outside-10k
忌まわしい,outside-10k
俳人,outside-10k
スティール,outside-10k
からし,outside-10k
民社党,outside-10k
盗人,outside-10k
尻目,outside-10k
叩きつけ,outside-10k
ステファン,outside-10k
国権,outside-10k
広田,outside-10k
ぎん,outside-10k
合否,outside-10k
とわ,outside-10k
甦る,outside-10k
致,outside-10k
木田,outside-10k
実数,outside-10k
馳,outside-10k
隅っこ,outside-10k
詰め込む,outside-10k
シェーン,outside-10k
裏口,outside-10k
廃車,outside-10k
二塁,outside-10k
侵す,outside-10k
満悦,outside-10k
革靴,outside-10k
ボチボチ,outside-10k
ホイッスル,outside-10k
検査官,outside-10k
転回,outside-10k
新芽,outside-10k
サンティアゴ,outside-10k
ちぐはぐ,outside-10k
水牛,outside-10k
オッズ,outside-10k
煮干,outside-10k
通読,outside-10k
ほどよく,outside-10k
スフィンクス,outside-10k
黒潮,outside-10k
縮まっ,outside-10k
繰り入れ,outside-10k
臭み,outside-10k
なくなら,outside-10k
醜く,outside-10k
衰える,outside-10k
然し,outside-10k
みやげ,outside-10k
ライセンシー,outside-10k
コラ,outside-10k
ジパング,outside-10k
コンプリート,outside-10k
拾い上げ,outside-10k
好天,outside-10k
キール,outside-10k
錯乱,outside-10k
天道,outside-10k
脳症,outside-10k
にがり,outside-10k
スクールバス,outside-10k
バンパー,outside-10k
振り切っ,outside-10k
舵取り,outside-10k
路肩,outside-10k
不純物,outside-10k
座右の銘,outside-10k
むなしい,outside-10k
アボリジニ,outside-10k
西沢,outside-10k
突き放し,outside-10k
ブエノスアイレス,outside-10k
盗塁,outside-10k
未来永劫,outside-10k
ストロボ,outside-10k
生贄,outside-10k
散らかし,outside-10k
樫,outside-10k
随想,outside-10k
ジーベルマン,outside-10k
かまえ,outside-10k
肉まん,outside-10k
切削,outside-10k
盂,outside-10k
アイオナ,outside-10k
懸け,outside-10k
葬祭,outside-10k
硝酸,outside-10k
お目見え,outside-10k
崇め,outside-10k
書留,outside-10k
檀,outside-10k
フェロモン,outside-10k
濁し,outside-10k
掃討,outside-10k
百済,outside-10k
お日様,outside-10k
見頃,outside-10k
ひろば,outside-10k
脱字,outside-10k
油圧,outside-10k
くだけ,outside-10k
タオ,outside-10k
顕示,outside-10k
上林,outside-10k
ヤッパ,outside-10k
ウオッチ,outside-10k
転入,outside-10k
バークレー,outside-10k
プレハブ,outside-10k
アカデミア,outside-10k
総出,outside-10k
新大阪,outside-10k
登輝,outside-10k
下取り,outside-10k
本籍,outside-10k
由佳,outside-10k
千春,outside-10k
船出,outside-10k
にっぽん,outside-10k
賑わう,outside-10k
やわらか,outside-10k
集配,outside-10k
東村山,outside-10k
逆さま,outside-10k
小百合,outside-10k
したら,outside-10k
おから,outside-10k
舘,outside-10k
存命,outside-10k
町立,outside-10k
モテモテ,outside-10k
茶色い,outside-10k
よもや,outside-10k
ブルゴーニュ,outside-10k
水圧,outside-10k
賄わ,outside-10k
紀要,outside-10k
呼び込み,outside-10k
利払い,outside-10k
捕まり,outside-10k
府立,outside-10k
造反,outside-10k
さいわい,outside-10k
片目,outside-10k
修論,outside-10k
唄い,outside-10k
乗換え,outside-10k
西麻布,outside-10k
いそいそ,outside-10k
いっす,outside-10k
自浄,outside-10k
連れ合い,outside-10k
深部,outside-10k
取り組める,outside-10k
耶,outside-10k
揉め,outside-10k
停職,outside-10k
ダブ,outside-10k
毒物,outside-10k
クロニクル,outside-10k
言い聞かせる,outside-10k
ダーラン,outside-10k
レーズン,outside-10k
変性,outside-10k
マットレス,outside-10k
こまかく,outside-10k
つみ,outside-10k
シャドー,outside-10k
増量,outside-10k
身代金,outside-10k
オイオイ,outside-10k
左近,outside-10k
嫐,outside-10k
うつる,outside-10k
せまい,outside-10k
旋法,outside-10k
朝鮮学校,outside-10k
背け,outside-10k
由紀,outside-10k
装う,outside-10k
ハイハイ,outside-10k
ドンキホーテ,outside-10k
押井,outside-10k
西島,outside-10k
しらべ,outside-10k
反作用,outside-10k
一年生,outside-10k
ゲレンデ,outside-10k
スクリュー,outside-10k
打ち明ける,outside-10k
機軸,outside-10k
小宮,outside-10k
機微,outside-10k
消せ,outside-10k
ケント,outside-10k
挟まっ,outside-10k
むべ,outside-10k
エミー,outside-10k
おそろしく,outside-10k
囁か,outside-10k
売国奴,outside-10k
悔やん,outside-10k
繰返し,outside-10k
滅ん,outside-10k
軒先,outside-10k
ジェダイ,outside-10k
たそがれ,outside-10k
招来,outside-10k
肥やし,outside-10k
眼目,outside-10k
断つ,outside-10k
累進,outside-10k
パンティ,outside-10k
ロミオ,outside-10k
文子,outside-10k
正美,outside-10k
拉,outside-10k
つつま,outside-10k
いわし,outside-10k
善戦,outside-10k
有賀,outside-10k
竹村,outside-10k
大隊,outside-10k
図案,outside-10k
炒める,outside-10k
おどろい,outside-10k
いやし,outside-10k
見下す,outside-10k
こびりつい,outside-10k
濡れる,outside-10k
くたくた,outside-10k
教理,outside-10k
レフェリー,outside-10k
関大,outside-10k
親し,outside-10k
ブルックナー,outside-10k
工業団地,outside-10k
食器洗い,outside-10k
サスケ,outside-10k
次官補,outside-10k
改選,outside-10k
サーボ,outside-10k
郵,outside-10k
村岡,outside-10k
マージャン,outside-10k
サマンサタバサ,outside-10k
リレーショナル,outside-10k
公算,outside-10k
軟骨,outside-10k
コートジボワール,outside-10k
文豪,outside-10k
飛びつく,outside-10k
ジョディ,outside-10k
デンバー,outside-10k
いじら,outside-10k
永山,outside-10k
鹿野,outside-10k
道教,outside-10k
グリフ,outside-10k
ヒヤヒヤ,outside-10k
海原,outside-10k
群島,outside-10k
てり,outside-10k
横路,outside-10k
水道橋,outside-10k
レイタ,outside-10k
黒っぽい,outside-10k
アサリ,outside-10k
運営上,outside-10k
争,outside-10k
萓,outside-10k
仕組ま,outside-10k
西北,outside-10k
疹,outside-10k
哀し,outside-10k
桃子,outside-10k
小金井,outside-10k
メソポタミア,outside-10k
何様,outside-10k
コンデンサー,outside-10k
闘わ,outside-10k
あずけ,outside-10k
変化球,outside-10k
閑静,outside-10k
だます,outside-10k
連れ去ら,outside-10k
きわめ,outside-10k
資力,outside-10k
はずむ,outside-10k
鮑,outside-10k
酔いしれ,outside-10k
座れる,outside-10k
押し目,outside-10k
ロイター通信,outside-10k
恥じる,outside-10k
ハッサン,outside-10k
ジイ,outside-10k
呈示,outside-10k
進駐,outside-10k
リズミカル,outside-10k
手技,outside-10k
同姓,outside-10k
適っ,outside-10k
かならずしも,outside-10k
和文,outside-10k
適さ,outside-10k
水割り,outside-10k
女学生,outside-10k
営ま,outside-10k
読み込ま,outside-10k
ばんばん,outside-10k
防空,outside-10k
愼,outside-10k
乱れる,outside-10k
エチケット,outside-10k
タップリ,outside-10k
亦,outside-10k
琥珀,outside-10k
低層,outside-10k
くよくよ,outside-10k
水車,outside-10k
佇まい,outside-10k
殊,outside-10k
デイトレーダー,outside-10k
為し,outside-10k
轟音,outside-10k
広葉樹,outside-10k
に従いまして,outside-10k
ちまき,outside-10k
乳牛,outside-10k
取り壊さ,outside-10k
不遜,outside-10k
無策,outside-10k
ウメ,outside-10k
に際しまして,outside-10k
北見,outside-10k
長春,outside-10k
よしこ,outside-10k
小森,outside-10k
育て上げ,outside-10k
マスタープラン,outside-10k
銃器,outside-10k
雨漏り,outside-10k
クジ,outside-10k
リコー,outside-10k
母屋,outside-10k
西友,outside-10k
応力,outside-10k
深田,outside-10k
手一杯,outside-10k
火種,outside-10k
ウインド,outside-10k
造林,outside-10k
ナゼ,outside-10k
横取り,outside-10k
ためらわ,outside-10k
玉葱,outside-10k
海老沢,outside-10k
譽,outside-10k
春風,outside-10k
反芻,outside-10k
滝井,outside-10k
フィガロ,outside-10k
内紛,outside-10k
堂本,outside-10k
過ごそ,outside-10k
装填,outside-10k
おととし,outside-10k
おかえり,outside-10k
ジョバンニ,outside-10k
ナレーター,outside-10k
腱,outside-10k
アリンダ,outside-10k
伊坂,outside-10k
見舞,outside-10k
翌々日,outside-10k
厳か,outside-10k
神風,outside-10k
不得手,outside-10k
ルネ,outside-10k
カモメ,outside-10k
商号,outside-10k
スクラム,outside-10k
球根,outside-10k
日の目,outside-10k
華奢,outside-10k
失敗談,outside-10k
振り絞っ,outside-10k
校歌,outside-10k
新手,outside-10k
頭髪,outside-10k
決する,outside-10k
ムーミン,outside-10k
パートタイマー,outside-10k
流れ込む,outside-10k
黄泉,outside-10k
負わさ,outside-10k
寄り添う,outside-10k
可愛がっ,outside-10k
ラッチ,outside-10k
インコ,outside-10k
凄惨,outside-10k
始皇帝,outside-10k
スラスラ,outside-10k
大門,outside-10k
妃殿下,outside-10k
大坂,outside-10k
戸建て,outside-10k
裕司,outside-10k
飛行船,outside-10k
取付け,outside-10k
生家,outside-10k
たさ,outside-10k
雑言,outside-10k
打ちのめさ,outside-10k
数列,outside-10k
朋子,outside-10k
どまり,outside-10k
よろず,outside-10k
サティ,outside-10k
一揆,outside-10k
言い返し,outside-10k
心機一転,outside-10k
ノグチ,outside-10k
マイヤー,outside-10k
のこっ,outside-10k
打ち解け,outside-10k
生長,outside-10k
ぐみ,outside-10k
踏ん張り,outside-10k
市町,outside-10k
官憲,outside-10k
収賄,outside-10k
ノックアウト,outside-10k
津村,outside-10k
矢沢,outside-10k
無惨,outside-10k
勧,outside-10k
賽銭,outside-10k
不手際,outside-10k
外回り,outside-10k
物語り,outside-10k
罫線,outside-10k
カト,outside-10k
所作,outside-10k
薬理,outside-10k
これほど,outside-10k
沖合,outside-10k
でっちあげ,outside-10k
予後,outside-10k
往路,outside-10k
扇子,outside-10k
越さ,outside-10k
爆竹,outside-10k
エニックス,outside-10k
年額,outside-10k
法隆寺,outside-10k
役どころ,outside-10k
薄切り,outside-10k
焚き,outside-10k
前書き,outside-10k
分与,outside-10k
貢,outside-10k
晩婚,outside-10k
回り道,outside-10k
つうじ,outside-10k
常人,outside-10k
禧八郎,outside-10k
木原,outside-10k
スマッシュ,outside-10k
キエフ,outside-10k
べり,outside-10k
一点張り,outside-10k
年輪,outside-10k
薬味,outside-10k
マドモアゼル,outside-10k
ハッタリ,outside-10k
立ち直る,outside-10k
取り返す,outside-10k
フレイ,outside-10k
雲泥の差,outside-10k
キャー,outside-10k
神棚,outside-10k
覚えよ,outside-10k
薗,outside-10k
にかけ,outside-10k
ウェイン,outside-10k
二輪,outside-10k
ジキル,outside-10k
マージ,outside-10k
手の甲,outside-10k
揺れ動く,outside-10k
虎ノ門,outside-10k
すいか,outside-10k
わらび,outside-10k
扱,outside-10k
冠婚葬祭,outside-10k
うつっ,outside-10k
ガウン,outside-10k
内親王,outside-10k
完訳,outside-10k
文語,outside-10k
ミニカー,outside-10k
撃て,outside-10k
戦乱,outside-10k
八尾,outside-10k
泣き言,outside-10k
溶,outside-10k
古臭い,outside-10k
太夫,outside-10k
お通夜,outside-10k
取り合え,outside-10k
生き甲斐,outside-10k
コラージュ,outside-10k
濾過,outside-10k
魎,outside-10k
ゆるく,outside-10k
グラン,outside-10k
ファッショ,outside-10k
なぞらえ,outside-10k
観念論,outside-10k
決め方,outside-10k
壮,outside-10k
呼び起こし,outside-10k
やむを得,outside-10k
潤一,outside-10k
川西,outside-10k
石塚,outside-10k
梶田,outside-10k
罪状,outside-10k
ベス,outside-10k
切り落とし,outside-10k
サンドウィッチ,outside-10k
布地,outside-10k
頭巾,outside-10k
分隊,outside-10k
無色,outside-10k
老女,outside-10k
食い止め,outside-10k
食い込ん,outside-10k
フリードマン,outside-10k
もうかる,outside-10k
産休,outside-10k
南蛮,outside-10k
補い,outside-10k
毛髪,outside-10k
にぎわい,outside-10k
つつじ,outside-10k
竜巻,outside-10k
人となり,outside-10k
キプロス,outside-10k
いっちょ,outside-10k
西遊,outside-10k
丸谷,outside-10k
ひと目,outside-10k
雑炊,outside-10k
露光,outside-10k
スコッチ,outside-10k
牝,outside-10k
高瀬,outside-10k
成金,outside-10k
金網,outside-10k
半期,outside-10k
開口一番,outside-10k
結審,outside-10k
窟,outside-10k
労農,outside-10k
気運,outside-10k
国土庁,outside-10k
清美,outside-10k
脱会,outside-10k
保岡,outside-10k
豊穣,outside-10k
下半期,outside-10k
手振り,outside-10k
オンタリオ,outside-10k
庭師,outside-10k
青果,outside-10k
妊産婦,outside-10k
うとき,outside-10k
気泡,outside-10k
ケロロ,outside-10k
採れる,outside-10k
割り切り,outside-10k
翡翠,outside-10k
同義語,outside-10k
口数,outside-10k
織り込み,outside-10k
エスパルス,outside-10k
モリス,outside-10k
取りざた,outside-10k
シンディ,outside-10k
金品,outside-10k
はたし,outside-10k
想念,outside-10k
ウィスコンシン,outside-10k
勝彦,outside-10k
ツマミ,outside-10k
起き出し,outside-10k
和み,outside-10k
見やすく,outside-10k
彫っ,outside-10k
振舞い,outside-10k
発つ,outside-10k
日本医師会,outside-10k
クリーク,outside-10k
上出来,outside-10k
頻出,outside-10k
先天,outside-10k
ざり,outside-10k
コモンズサロン,outside-10k
刀剣,outside-10k
取り合わせ,outside-10k
他力本願,outside-10k
おしらせ,outside-10k
山椒,outside-10k
謳わ,outside-10k
オフェンス,outside-10k
カーズ,outside-10k
思い直し,outside-10k
捕らわれ,outside-10k
苦しま,outside-10k
つばさ,outside-10k
末路,outside-10k
付言,outside-10k
ジャブ,outside-10k
そわそわ,outside-10k
新谷,outside-10k
なほ,outside-10k
ルーブル美術館,outside-10k
もろい,outside-10k
耐え難い,outside-10k
追認,outside-10k
ドルトムント,outside-10k
そうなっ,outside-10k
ブルターニュ,outside-10k
はざま,outside-10k
木質,outside-10k
痛める,outside-10k
マグダラ,outside-10k
シェフチェンコ,outside-10k
素足,outside-10k
気付かさ,outside-10k
包茎,outside-10k
報いる,outside-10k
ゆうこ,outside-10k
いお,outside-10k
危,outside-10k
パタゴニア,outside-10k
ソーシャルブックマーキング,outside-10k
竜王,outside-10k
軟調,outside-10k
健康上,outside-10k
大奥,outside-10k
発布,outside-10k
病弱,outside-10k
スターター,outside-10k
検体,outside-10k
渡れ,outside-10k
帝王切開,outside-10k
倣っ,outside-10k
湖水,outside-10k
アジェンダ,outside-10k
水性,outside-10k
御家人,outside-10k
科せ,outside-10k
紺野,outside-10k
余念,outside-10k
情操,outside-10k
ずっしり,outside-10k
ノエル,outside-10k
しでかし,outside-10k
フワフワ,outside-10k
残せる,outside-10k
お祭り騒ぎ,outside-10k
ミューズ,outside-10k
パパイヤ,outside-10k
ブラジャー,outside-10k
授受,outside-10k
パレスティナ,outside-10k
悪女,outside-10k
英断,outside-10k
梅澤,outside-10k
ひばり,outside-10k
世間体,outside-10k
草地,outside-10k
ビーバー,outside-10k
ラグ,outside-10k
御方,outside-10k
下心,outside-10k
不適合,outside-10k
年輩,outside-10k
いくぶん,outside-10k
カチン,outside-10k
バースト,outside-10k
收,outside-10k
ふけ,outside-10k
ぶと,outside-10k
火口,outside-10k
比類,outside-10k
拒,outside-10k
手厚く,outside-10k
引き込む,outside-10k
イナバウアー,outside-10k
倦怠,outside-10k
長瀬,outside-10k
夜な夜な,outside-10k
隆広,outside-10k
コメルシオ,outside-10k
狼狽,outside-10k
舌鼓,outside-10k
こまっ,outside-10k
思い出深い,outside-10k
なめる,outside-10k
テスター,outside-10k
ニューメキシコ,outside-10k
幌,outside-10k
乱発,outside-10k
ウトウト,outside-10k
じゃんじゃん,outside-10k
あすなろ,outside-10k
多き,outside-10k
数多,outside-10k
ふつー,outside-10k
城南,outside-10k
ブート,outside-10k
リタ,outside-10k
従者,outside-10k
打ち込ま,outside-10k
品薄,outside-10k
窮,outside-10k
シーザー,outside-10k
加湿,outside-10k
笑わせる,outside-10k
文筆,outside-10k
捨てよ,outside-10k
ブリーフ,outside-10k
投げやり,outside-10k
礼子,outside-10k
遣う,outside-10k
重苦しい,outside-10k
論破,outside-10k
高潔,outside-10k
目白,outside-10k
苫,outside-10k
稜線,outside-10k
キッス,outside-10k
ホンマに,outside-10k
肩入れ,outside-10k
家柄,outside-10k
アドウェイズ,outside-10k
ティ,outside-10k
さらわ,outside-10k
せつない,outside-10k
総則,outside-10k
インスパイア,outside-10k
うず,outside-10k
官舎,outside-10k
小６,outside-10k
犬山,outside-10k
枷,outside-10k
照り,outside-10k
ターナー,outside-10k
地球儀,outside-10k
東京工業大学,outside-10k
棚卸,outside-10k
淳子,outside-10k
保証書,outside-10k
メビウス,outside-10k
縮み,outside-10k
エベレスト,outside-10k
市ヶ谷,outside-10k
しゃがん,outside-10k
専科,outside-10k
みすず書房,outside-10k
現出,outside-10k
るり,outside-10k
赤み,outside-10k
論集,outside-10k
コンパニオン,outside-10k
ふける,outside-10k
戯,outside-10k
なまじ,outside-10k
形作る,outside-10k
偽名,outside-10k
孔雀,outside-10k
コレクターズ,outside-10k
ひびき,outside-10k
地方紙,outside-10k
真骨頂,outside-10k
透かし,outside-10k
選ぼ,outside-10k
行き違い,outside-10k
駆ける,outside-10k
ハイスクール,outside-10k
報じる,outside-10k
リカバリ,outside-10k
エアバス,outside-10k
横柄,outside-10k
ドラゴンズ,outside-10k
人望,outside-10k
きめ細かく,outside-10k
木立,outside-10k
弓道,outside-10k
図れる,outside-10k
硯,outside-10k
禮,outside-10k
珊瑚礁,outside-10k
急きょ,outside-10k
砂川,outside-10k
隆明,outside-10k
倉本,outside-10k
悪寒,outside-10k
かいつまん,outside-10k
魔神,outside-10k
一休,outside-10k
塚田,outside-10k
秀和,outside-10k
スーパーボウル,outside-10k
踊り子,outside-10k
スミ,outside-10k
ハハ,outside-10k
フリマ,outside-10k
かえら,outside-10k
特進,outside-10k
来世,outside-10k
バカバカしい,outside-10k
タレコミ,outside-10k
まもる,outside-10k
モグラ,outside-10k
出兵,outside-10k
呆,outside-10k
けろ,outside-10k
倉橋,outside-10k
よばれる,outside-10k
拝金,outside-10k
ケイコ,outside-10k
戦況,outside-10k
旧知,outside-10k
クソ,outside-10k
ナノテク,outside-10k
弾ん,outside-10k
躁,outside-10k
巻き込み,outside-10k
石山,outside-10k
訳せ,outside-10k
乎,outside-10k
まかなっ,outside-10k
柔術,outside-10k
海鳥,outside-10k
平屋,outside-10k
トーキョー,outside-10k
ドラムス,outside-10k
投げ込ま,outside-10k
ちびっこ,outside-10k
フォアグラ,outside-10k
曲調,outside-10k
ロナルド,outside-10k
京王線,outside-10k
付け足し,outside-10k
わるく,outside-10k
宮里,outside-10k
恵まれる,outside-10k
おくっ,outside-10k
金賞,outside-10k
遠坂,outside-10k
デック,outside-10k
ゾクゾク,outside-10k
窪田,outside-10k
損する,outside-10k
お題目,outside-10k
逆風,outside-10k
彬,outside-10k
取り替える,outside-10k
つつく,outside-10k
アップダウン,outside-10k
甘やかし,outside-10k
ゼウス,outside-10k
覆さ,outside-10k
サンマーク,outside-10k
転び,outside-10k
高遠,outside-10k
一茶,outside-10k
形作っ,outside-10k
一義的,outside-10k
新疆ウイグル,outside-10k
無党派,outside-10k
奈々,outside-10k
フリーメイソン,outside-10k
ビルト,outside-10k
ヨーヨー,outside-10k
スミレ,outside-10k
やかましく,outside-10k
福知山,outside-10k
早かれ,outside-10k
寄宿舎,outside-10k
先天的,outside-10k
詠唱,outside-10k
乗り切れ,outside-10k
うろたえ,outside-10k
ペッカ,outside-10k
オルテガ,outside-10k
図れ,outside-10k
神主,outside-10k
かかれ,outside-10k
かえし,outside-10k
中ごろ,outside-10k
押さえつけ,outside-10k
辛抱強く,outside-10k
働こ,outside-10k
長短,outside-10k
一番乗り,outside-10k
コロンビア大学,outside-10k
アスレチック,outside-10k
四六時中,outside-10k
向かい合う,outside-10k
全席,outside-10k
良子,outside-10k
ファイルサイズ,outside-10k
突き上げ,outside-10k
思い描く,outside-10k
ご都合主義,outside-10k
セイコー,outside-10k
石坂,outside-10k
伊賀,outside-10k
謳う,outside-10k
權,outside-10k
お節介,outside-10k
アキコ,outside-10k
住戸,outside-10k
掛け算,outside-10k
標準時,outside-10k
詮索,outside-10k
ローランド,outside-10k
観葉植物,outside-10k
うがっ,outside-10k
参ら,outside-10k
日経連,outside-10k
左目,outside-10k
青土,outside-10k
鬼門,outside-10k
懇話,outside-10k
らち,outside-10k
飛び立つ,outside-10k
善太郎,outside-10k
熱々,outside-10k
しこ,outside-10k
ロンド,outside-10k
従姉妹,outside-10k
並べて,outside-10k
繁忙,outside-10k
遠かっ,outside-10k
款,outside-10k
不和,outside-10k
むす,outside-10k
プノンペン,outside-10k
しゃぶり,outside-10k
択一,outside-10k
懇,outside-10k
ニオ,outside-10k
郁夫,outside-10k
母上,outside-10k
つき合っ,outside-10k
太め,outside-10k
遣,outside-10k
きらびやか,outside-10k
深かっ,outside-10k
日光浴,outside-10k
田嶋,outside-10k
ブルブル,outside-10k
熱戦,outside-10k
ツメ,outside-10k
いつのまに,outside-10k
ヒートアップ,outside-10k
コサイン,outside-10k
こわし,outside-10k
日当,outside-10k
特使,outside-10k
カラヤン,outside-10k
勇士,outside-10k
からかう,outside-10k
標題,outside-10k
まざまざと,outside-10k
ミニバン,outside-10k
触手,outside-10k
尖閣,outside-10k
岩佐,outside-10k
パッキング,outside-10k
契,outside-10k
ゴダール,outside-10k
兒,outside-10k
キャプチャ,outside-10k
銭形,outside-10k
三陸,outside-10k
打ち上げる,outside-10k
二の舞,outside-10k
ずん,outside-10k
東急ハンズ,outside-10k
大仰,outside-10k
うなる,outside-10k
ディッシュ,outside-10k
勝ち抜い,outside-10k
絶つ,outside-10k
刑期,outside-10k
労務者,outside-10k
もぎ,outside-10k
拾,outside-10k
ぴかぴか,outside-10k
ジカ,outside-10k
神業,outside-10k
うつし,outside-10k
多良間,outside-10k
日興,outside-10k
曇天,outside-10k
怒鳴る,outside-10k
混戦,outside-10k
戴冠,outside-10k
スクラップブック,outside-10k
于,outside-10k
ハア,outside-10k
送り込ま,outside-10k
魚雷,outside-10k
おどろく,outside-10k
あせる,outside-10k
場当たり,outside-10k
太っ腹,outside-10k
いっきに,outside-10k
かかえる,outside-10k
あおっ,outside-10k
アターソン,outside-10k
アンドレア,outside-10k
ひと味,outside-10k
カルバマゼピン,outside-10k
ヤク,outside-10k
呑気,outside-10k
マクロビオティック,outside-10k
ひろげ,outside-10k
終止,outside-10k
ピコ,outside-10k
焼香,outside-10k
店番,outside-10k
キラリ,outside-10k
しの,outside-10k
ウーン,outside-10k
パテ,outside-10k
フッ素,outside-10k
キャパシティ,outside-10k
硬式,outside-10k
フルコース,outside-10k
クレイジー,outside-10k
おぞましい,outside-10k
受けとめる,outside-10k
氏族,outside-10k
さかのぼり,outside-10k
叔母さん,outside-10k
カノ,outside-10k
ソラノソフ,outside-10k
研一,outside-10k
のしかかっ,outside-10k
妙子,outside-10k
詫び,outside-10k
新語,outside-10k
怠り,outside-10k
アフターケア,outside-10k
トリミング,outside-10k
サンキュー,outside-10k
病原菌,outside-10k
こする,outside-10k
とまどい,outside-10k
横文字,outside-10k
むか,outside-10k
借り物,outside-10k
カワセミ,outside-10k
イチョウ,outside-10k
斯,outside-10k
仕上がる,outside-10k
巨人軍,outside-10k
不憫,outside-10k
出獄,outside-10k
ヤマト運輸,outside-10k
銃口,outside-10k
馬連,outside-10k
切り盛り,outside-10k
サマリー,outside-10k
水月,outside-10k
ずらす,outside-10k
点々,outside-10k
でなければ,outside-10k
お作り,outside-10k
担わ,outside-10k
鰐,outside-10k
年の瀬,outside-10k
鍛造,outside-10k
エポキシ,outside-10k
渋々,outside-10k
倒,outside-10k
葛城,outside-10k
すくっ,outside-10k
体位,outside-10k
しごく,outside-10k
稚魚,outside-10k
アレクセイ,outside-10k
離党,outside-10k
到る,outside-10k
モノクローム,outside-10k
藤木,outside-10k
逃げ込ん,outside-10k
広島大学,outside-10k
惑,outside-10k
坂野,outside-10k
リーフレット,outside-10k
スコール,outside-10k
波乱万丈,outside-10k
私案,outside-10k
暖かかっ,outside-10k
法曹界,outside-10k
潔癖,outside-10k
バットマン,outside-10k
矢部,outside-10k
セブ,outside-10k
資源エネルギー庁,outside-10k
迂闊,outside-10k
セルロース,outside-10k
埋まる,outside-10k
手引,outside-10k
俗語,outside-10k
生き残れる,outside-10k
バーニー,outside-10k
きよし,outside-10k
ファストフード,outside-10k
プリペイド,outside-10k
トランジション,outside-10k
焼き付け,outside-10k
封入,outside-10k
そつ,outside-10k
新参,outside-10k
遅かれ,outside-10k
スペア,outside-10k
毎秒,outside-10k
不慮,outside-10k
宿敵,outside-10k
文月,outside-10k
各層,outside-10k
頑強,outside-10k
ドーハ,outside-10k
綵,outside-10k
仕切る,outside-10k
提,outside-10k
象牙,outside-10k
リゾット,outside-10k
防腐,outside-10k
千切り,outside-10k
定位,outside-10k
下ら,outside-10k
横手,outside-10k
コンチェルト,outside-10k
詰め合わせ,outside-10k
筋違い,outside-10k
有り得る,outside-10k
決めつける,outside-10k
羊毛,outside-10k
新藤,outside-10k
秘蔵,outside-10k
生気,outside-10k
闇雲,outside-10k
以南,outside-10k
失し,outside-10k
吹き込む,outside-10k
致命傷,outside-10k
真似る,outside-10k
かけつけ,outside-10k
ばね,outside-10k
力尽き,outside-10k
折り込み,outside-10k
決まれ,outside-10k
怜,outside-10k
突き刺し,outside-10k
ワイズ,outside-10k
ヴァーチャル,outside-10k
薬効,outside-10k
ターキー,outside-10k
翼賛,outside-10k
残そ,outside-10k
つよい,outside-10k
島崎,outside-10k
死の,outside-10k
勝ち越し,outside-10k
ボンボン,outside-10k
懐石,outside-10k
メッシ,outside-10k
語義,outside-10k
暴か,outside-10k
スコセッシ,outside-10k
クラシカル,outside-10k
ブログホワイトペーパー,outside-10k
ときゃ,outside-10k
不死,outside-10k
ホンマ,outside-10k
見て取れ,outside-10k
温和,outside-10k
シュタイナー,outside-10k
慈愛,outside-10k
アルクブログ,outside-10k
虐げ,outside-10k
水浸し,outside-10k
ウケる,outside-10k
いでたち,outside-10k
無慈悲,outside-10k
にじん,outside-10k
ひる,outside-10k
ブライド,outside-10k
眛,outside-10k
手つき,outside-10k
吹き飛ばし,outside-10k
孵化,outside-10k
進数,outside-10k
万葉,outside-10k
妊,outside-10k
操舵,outside-10k
妻たち,outside-10k
勇姿,outside-10k
合わせれ,outside-10k
桁違い,outside-10k
排便,outside-10k
遇,outside-10k
十全,outside-10k
ジャネット,outside-10k
一座,outside-10k
ひらめい,outside-10k
嫻,outside-10k
御大,outside-10k
口上,outside-10k
琵琶,outside-10k
中央日報,outside-10k
早晩,outside-10k
格上げ,outside-10k
バーター,outside-10k
エマージング,outside-10k
コピーライター,outside-10k
カオル,outside-10k
組み替え,outside-10k
影山,outside-10k
火器,outside-10k
八幡宮,outside-10k
カソリック,outside-10k
かぶら,outside-10k
リート,outside-10k
軍拡,outside-10k
馴染ま,outside-10k
大気圏,outside-10k
近寄り,outside-10k
居座っ,outside-10k
宮地,outside-10k
純白,outside-10k
トト,outside-10k
傑出,outside-10k
コーパス,outside-10k
不肖,outside-10k
湿原,outside-10k
インゲン,outside-10k
囲炉裏,outside-10k
痰,outside-10k
サイコ,outside-10k
かき氷,outside-10k
売り子,outside-10k
高峰,outside-10k
拝む,outside-10k
我国,outside-10k
ジョッキー,outside-10k
大矢,outside-10k
晴れやか,outside-10k
真言,outside-10k
目頭,outside-10k
冨,outside-10k
見違える,outside-10k
眼中,outside-10k
ニューヨーカー,outside-10k
節操,outside-10k
冥王星,outside-10k
文末,outside-10k
主因,outside-10k
公会堂,outside-10k
腐ら,outside-10k
浜名湖,outside-10k
公一,outside-10k
立岩,outside-10k
取り囲ま,outside-10k
短命,outside-10k
吸気,outside-10k
つまずき,outside-10k
危ぶま,outside-10k
つまみ食い,outside-10k
とぼとぼ,outside-10k
じきに,outside-10k
旧作,outside-10k
アベル,outside-10k
胎,outside-10k
国民総生産,outside-10k
ひしが,outside-10k
苛め,outside-10k
シンパ,outside-10k
古文,outside-10k
接収,outside-10k
お触れ,outside-10k
続投,outside-10k
ゆうべ,outside-10k
リケルメ,outside-10k
自首,outside-10k
断崖,outside-10k
博愛,outside-10k
この前,outside-10k
身支度,outside-10k
ドブ,outside-10k
水利,outside-10k
徒党,outside-10k
思い返す,outside-10k
軟,outside-10k
よろし,outside-10k
大人しい,outside-10k
かるた,outside-10k
衞,outside-10k
日傘,outside-10k
流刑,outside-10k
おさめる,outside-10k
短文,outside-10k
ろば,outside-10k
荒地,outside-10k
マーキング,outside-10k
デーモン,outside-10k
誉める,outside-10k
なあに,outside-10k
速球,outside-10k
正則,outside-10k
身震い,outside-10k
孔明,outside-10k
ふくらみ,outside-10k
ダンゴ,outside-10k
仕向け,outside-10k
ダー,outside-10k
寝顔,outside-10k
そびえる,outside-10k
ベーカリー,outside-10k
バレる,outside-10k
涼し,outside-10k
ささやく,outside-10k
スプリント,outside-10k
ちろ,outside-10k
縮尺,outside-10k
ほとほと,outside-10k
飽食,outside-10k
鉄塔,outside-10k
注ぎ込ん,outside-10k
カメルーン,outside-10k
とびきり,outside-10k
有楽,outside-10k
えな,outside-10k
寝転がっ,outside-10k
製粉,outside-10k
忙殺,outside-10k
ちまえ,outside-10k
酒税,outside-10k
盍,outside-10k
履か,outside-10k
カブール,outside-10k
跳ね返っ,outside-10k
ラディカル,outside-10k
クメール,outside-10k
剥ぎ,outside-10k
ルーレット,outside-10k
生駒,outside-10k
一区切り,outside-10k
旗手,outside-10k
懐かしかっ,outside-10k
濡らし,outside-10k
全勝,outside-10k
精錬,outside-10k
一瞥,outside-10k
ぶし,outside-10k
越智,outside-10k
ジウ,outside-10k
プレイオフ,outside-10k
名医,outside-10k
外苑,outside-10k
東海道線,outside-10k
なげ,outside-10k
数行,outside-10k
鐵,outside-10k
おしい,outside-10k
導出,outside-10k
吹き飛ん,outside-10k
ホヤ,outside-10k
レゾナント,outside-10k
感涙,outside-10k
禿げ,outside-10k
ひん,outside-10k
走り書き,outside-10k
逢う,outside-10k
同町,outside-10k
クチ,outside-10k
滝本,outside-10k
モルディブ,outside-10k
利根川,outside-10k
本選,outside-10k
湧き出,outside-10k
めぐら,outside-10k
間宮,outside-10k
トビ,outside-10k
田渕,outside-10k
込める,outside-10k
狭山,outside-10k
帳消し,outside-10k
ジョジョ,outside-10k
香山,outside-10k
探し求め,outside-10k
道案内,outside-10k
手榴弾,outside-10k
直哉,outside-10k
グミ,outside-10k
潔白,outside-10k
粗雑,outside-10k
破天荒,outside-10k
伊那,outside-10k
州法,outside-10k
肌触り,outside-10k
勇ん,outside-10k
浜口,outside-10k
似せ,outside-10k
ノストラダムス,outside-10k
倉木,outside-10k
恵美,outside-10k
ジンジャー,outside-10k
ロダン,outside-10k
コンマ,outside-10k
キャバレー,outside-10k
らせん,outside-10k
天馬,outside-10k
重慶,outside-10k
はしゃぐ,outside-10k
フリート,outside-10k
魄,outside-10k
小・中学校,outside-10k
なかんずく,outside-10k
藩士,outside-10k
秀喜,outside-10k
ムー,outside-10k
回診,outside-10k
卸し,outside-10k
捕り,outside-10k
轢か,outside-10k
多寡,outside-10k
小回り,outside-10k
ドレスデン,outside-10k
デイジー,outside-10k
つげ,outside-10k
架け,outside-10k
勢ぞろい,outside-10k
通える,outside-10k
身の丈,outside-10k
バーテンダー,outside-10k
当館,outside-10k
叔,outside-10k
上越,outside-10k
聖体,outside-10k
書き残し,outside-10k
コンコルド,outside-10k
名品,outside-10k
壬,outside-10k
等地,outside-10k
ストッパー,outside-10k
メンデルスゾーン,outside-10k
蔵相,outside-10k
脅す,outside-10k
生憎,outside-10k
ふるまう,outside-10k
土佐清水,outside-10k
グリコ,outside-10k
ウエブサイト,outside-10k
こぼれる,outside-10k
サパティスタ,outside-10k
大韓,outside-10k
聞き分け,outside-10k
浸食,outside-10k
身構え,outside-10k
打撲,outside-10k
形勢,outside-10k
しんどかっ,outside-10k
よしみ,outside-10k
列記,outside-10k
伸一,outside-10k
城山,outside-10k
おぼつかない,outside-10k
浮動,outside-10k
情状,outside-10k
重工業,outside-10k
えよ,outside-10k
懐妊,outside-10k
運べ,outside-10k
静夫,outside-10k
ヒューマニズム,outside-10k
積もる,outside-10k
西新宿,outside-10k
小松菜,outside-10k
鴻池,outside-10k
お先に,outside-10k
スルタン,outside-10k
海浜,outside-10k
モミ,outside-10k
緩急,outside-10k
どのみち,outside-10k
ミット,outside-10k
下僕,outside-10k
またい,outside-10k
かたい,outside-10k
欝,outside-10k
様態,outside-10k
ラガー,outside-10k
打上げ,outside-10k
雨雲,outside-10k
お花畑,outside-10k
慶子,outside-10k
スタンダードケータイ,outside-10k
生野,outside-10k
全身全霊,outside-10k
気持ちよい,outside-10k
伝聞,outside-10k
カトマンズ,outside-10k
点差,outside-10k
アスパラガス,outside-10k
エミュレータ,outside-10k
邦子,outside-10k
ヴィレッジ,outside-10k
嘆かわしい,outside-10k
ビシッ,outside-10k
危篤,outside-10k
人里,outside-10k
ナプキン,outside-10k
アムロ,outside-10k
よもやま話,outside-10k
ポロシャツ,outside-10k
言い放つ,outside-10k
位置付ける,outside-10k
小皿,outside-10k
小橋,outside-10k
降ろす,outside-10k
いさ,outside-10k
張り上げ,outside-10k
スっ,outside-10k
釈尊,outside-10k
本号,outside-10k
加賀美,outside-10k
かくれんぼ,outside-10k
ヅラ,outside-10k
余震,outside-10k
見失わ,outside-10k
速達,outside-10k
片田舎,outside-10k
サラン,outside-10k
ヘトヘト,outside-10k
涙腺,outside-10k
不労所得,outside-10k
授,outside-10k
学徒,outside-10k
流風,outside-10k
爲,outside-10k
数珠,outside-10k
繊,outside-10k
綱渡り,outside-10k
開眼,outside-10k
しょい,outside-10k
ソシュール,outside-10k
林立,outside-10k
ジュビロ,outside-10k
ツッコ,outside-10k
時制,outside-10k
遺児,outside-10k
パトロン,outside-10k
ダイブ,outside-10k
詩音,outside-10k
引き出せ,outside-10k
再来年,outside-10k
低地,outside-10k
汚れる,outside-10k
財形,outside-10k
降参,outside-10k
ひねる,outside-10k
よそ者,outside-10k
年余,outside-10k
廻し,outside-10k
中規模,outside-10k
削れ,outside-10k
ゲ,outside-10k
地ビール,outside-10k
うらやまし,outside-10k
バリュエーション,outside-10k
わりあい,outside-10k
いざとい,outside-10k
谷崎,outside-10k
タロ,outside-10k
一喝,outside-10k
中距離,outside-10k
りく,outside-10k
陸海,outside-10k
佐竹,outside-10k
無地,outside-10k
沙織,outside-10k
乱高下,outside-10k
文楽,outside-10k
住ま,outside-10k
お爺さん,outside-10k
誘引,outside-10k
ドルフィン,outside-10k
次々と,outside-10k
ローム,outside-10k
なを,outside-10k
ゲバ,outside-10k
生まれ故郷,outside-10k
あわただしい,outside-10k
賢一,outside-10k
おそく,outside-10k
栗田,outside-10k
並製,outside-10k
東京ガス,outside-10k
池内,outside-10k
はらはら,outside-10k
いやがる,outside-10k
某国,outside-10k
ジョリー,outside-10k
見失い,outside-10k
ポイ捨て,outside-10k
鮪,outside-10k
もす,outside-10k
測,outside-10k
仕上,outside-10k
堀口,outside-10k
技官,outside-10k
たくし,outside-10k
栗東,outside-10k
曲面,outside-10k
コミュ,outside-10k
フルネーム,outside-10k
奇声,outside-10k
シリウス,outside-10k
日本テレコム,outside-10k
下村,outside-10k
ニューマン,outside-10k
ブン,outside-10k
拭え,outside-10k
イメージアップ,outside-10k
ぬく,outside-10k
サワ,outside-10k
スカスカ,outside-10k
小杉,outside-10k
亡者,outside-10k
ひょっこり,outside-10k
こまごま,outside-10k
暗唱,outside-10k
ふざける,outside-10k
共同通信社,outside-10k
くすり,outside-10k
人任せ,outside-10k
不採用,outside-10k
むぎ,outside-10k
かさむ,outside-10k
善玉,outside-10k
辻褄,outside-10k
くべ,outside-10k
ジェイミー,outside-10k
ハマッ,outside-10k
蝋燭,outside-10k
通産局,outside-10k
グッチ,outside-10k
ごった返し,outside-10k
ジッ,outside-10k
とまれ,outside-10k
心肺,outside-10k
黙ら,outside-10k
クーペ,outside-10k
暴発,outside-10k
ぶんぶん,outside-10k
希有,outside-10k
山西,outside-10k
フィギア,outside-10k
祀る,outside-10k
滅ぼさ,outside-10k
美保,outside-10k
非売品,outside-10k
インディペンデント,outside-10k
テープレコーダー,outside-10k
銚子,outside-10k
いむ,outside-10k
海難,outside-10k
孝行,outside-10k
後ろ髪,outside-10k
印刷所,outside-10k
人間ドック,outside-10k
ズラリ,outside-10k
ボルボ,outside-10k
田崎,outside-10k
巽,outside-10k
五島,outside-10k
ハンダ,outside-10k
喪主,outside-10k
前足,outside-10k
鳥谷,outside-10k
クレヨン,outside-10k
漁っ,outside-10k
ゴチャゴチャ,outside-10k
パラシュート,outside-10k
マラガ,outside-10k
アラモ,outside-10k
丸井,outside-10k
混ぜ合わ,outside-10k
祀,outside-10k
免職,outside-10k
政変,outside-10k
深セン,outside-10k
甘酸っぱい,outside-10k
ギヤ,outside-10k
浅瀬,outside-10k
見いだせ,outside-10k
ソノ,outside-10k
石像,outside-10k
ディエゴ,outside-10k
まどか,outside-10k
厄,outside-10k
深草,outside-10k
イワン,outside-10k
切り込み,outside-10k
ふさ,outside-10k
はかない,outside-10k
防疫,outside-10k
コカ・コーラ,outside-10k
服薬,outside-10k
最少,outside-10k
加津,outside-10k
巻き添え,outside-10k
千葉大学,outside-10k
かたく,outside-10k
サディ,outside-10k
モルガン,outside-10k
ビター,outside-10k
道頓堀,outside-10k
義一,outside-10k
埒,outside-10k
復古,outside-10k
取り掛かる,outside-10k
髻,outside-10k
塞,outside-10k
末梢,outside-10k
城跡,outside-10k
ブルジョワ,outside-10k
よぎり,outside-10k
オーボエ,outside-10k
公理,outside-10k
ぬぐい,outside-10k
エイプリルフール,outside-10k
佇む,outside-10k
饉,outside-10k
時勢,outside-10k
流水,outside-10k
毎夜,outside-10k
よこし,outside-10k
末松,outside-10k
なう,outside-10k
聞き入っ,outside-10k
投石,outside-10k
しんみり,outside-10k
ワッツ,outside-10k
津川,outside-10k
ハングリー,outside-10k
邪推,outside-10k
塞い,outside-10k
外為法,outside-10k
おおげさ,outside-10k
宮脇,outside-10k
独りよがり,outside-10k
らくらく,outside-10k
綺,outside-10k
とりつか,outside-10k
取りつけ,outside-10k
アンズ,outside-10k
へとへと,outside-10k
かぶせる,outside-10k
母艦,outside-10k
遠ざける,outside-10k
文革,outside-10k
浦上,outside-10k
佃,outside-10k
ジャスダック,outside-10k
ウスペンスキー,outside-10k
不健全,outside-10k
武志,outside-10k
ざれ,outside-10k
働き者,outside-10k
殺生,outside-10k
ヴァンパイア,outside-10k
麻子,outside-10k
ハーレー,outside-10k
戴く,outside-10k
原罪,outside-10k
民度,outside-10k
通り抜ける,outside-10k
ハタ,outside-10k
ブリーダー,outside-10k
開園,outside-10k
ドロシー,outside-10k
死す,outside-10k
完勝,outside-10k
チューリッヒ,outside-10k
甘口,outside-10k
マハロ,outside-10k
柳川,outside-10k
覇,outside-10k
うたた寝,outside-10k
熱情,outside-10k
素人目,outside-10k
有史,outside-10k
各般,outside-10k
不治の病,outside-10k
サソリ,outside-10k
ちょびっと,outside-10k
大本,outside-10k
思しき,outside-10k
粗野,outside-10k
潰瘍,outside-10k
おおきく,outside-10k
教化,outside-10k
歩き回り,outside-10k
神楽坂,outside-10k
レリーフ,outside-10k
和ま,outside-10k
税引き,outside-10k
年号,outside-10k
ヒーラー,outside-10k
つくさ,outside-10k
関西大学,outside-10k
サルトル,outside-10k
遣唐使,outside-10k
奪回,outside-10k
戒厳,outside-10k
ミーム,outside-10k
ジランク,outside-10k
レニー,outside-10k
ごたえ,outside-10k
掘り出し,outside-10k
過し,outside-10k
ジーク,outside-10k
ごっそり,outside-10k
キッシンジャー,outside-10k
学友,outside-10k
ピアソラ,outside-10k
渡せ,outside-10k
蛇行,outside-10k
汗水,outside-10k
ザク,outside-10k
近代美術館,outside-10k
不充分,outside-10k
逡巡,outside-10k
相沢,outside-10k
符合,outside-10k
下がれ,outside-10k
脱ぎ捨て,outside-10k
埋設,outside-10k
てくてく,outside-10k
円錐,outside-10k
四輪,outside-10k
取りかかっ,outside-10k
報償,outside-10k
渕,outside-10k
溜り,outside-10k
示そ,outside-10k
もぐ,outside-10k
光雄,outside-10k
脳腫瘍,outside-10k
抜歯,outside-10k
和書,outside-10k
板書,outside-10k
灯火,outside-10k
ぶっきらぼう,outside-10k
ファンク,outside-10k
モラトリアム,outside-10k
減らそ,outside-10k
テーブルクロス,outside-10k
ビック,outside-10k
死にかけ,outside-10k
半球,outside-10k
行政官,outside-10k
磁器,outside-10k
ゼネスト,outside-10k
塩水,outside-10k
ビューティフル,outside-10k
部面,outside-10k
聴聞,outside-10k
居宅,outside-10k
問いただし,outside-10k
ログアウト,outside-10k
男らしい,outside-10k
わび,outside-10k
寸評,outside-10k
めまぐるしく,outside-10k
大黒柱,outside-10k
キーマン,outside-10k
うす,outside-10k
少なけれ,outside-10k
白っぽい,outside-10k
練り上げ,outside-10k
分光,outside-10k
デジハリ,outside-10k
性善説,outside-10k
カスタード,outside-10k
隆彦,outside-10k
満室,outside-10k
ふけっ,outside-10k
壮年,outside-10k
研ぎ,outside-10k
憎み,outside-10k
囲,outside-10k
血漿,outside-10k
大発見,outside-10k
おねしょ,outside-10k
モッ,outside-10k
ハァ,outside-10k
律子,outside-10k
会頭,outside-10k
虚しく,outside-10k
連綿,outside-10k
シビック,outside-10k
樹里,outside-10k
器材,outside-10k
典礼,outside-10k
栄養失調,outside-10k
たたん,outside-10k
周平,outside-10k
かつい,outside-10k
舩,outside-10k
おぞ,outside-10k
常軌,outside-10k
請う,outside-10k
揉み,outside-10k
免罪,outside-10k
ノートルダム,outside-10k
局部,outside-10k
富永,outside-10k
ニコール,outside-10k
不実,outside-10k
高尾山,outside-10k
取調,outside-10k
イッパイ,outside-10k
ニューエイジ,outside-10k
正夫,outside-10k
巣窟,outside-10k
耕平,outside-10k
綾部,outside-10k
署員,outside-10k
常用漢字,outside-10k
渊,outside-10k
とど,outside-10k
秋篠宮,outside-10k
小久保,outside-10k
疑,outside-10k
カテゴライズ,outside-10k
潜る,outside-10k
じめじめ,outside-10k
なぞる,outside-10k
察する,outside-10k
脳性,outside-10k
ガクガク,outside-10k
動機付け,outside-10k
アーロン,outside-10k
大東,outside-10k
どか,outside-10k
立役者,outside-10k
禹,outside-10k
てんかん,outside-10k
ふわ,outside-10k
綴,outside-10k
さばく,outside-10k
押し上げる,outside-10k
藤巻,outside-10k
肉声,outside-10k
仕切ら,outside-10k
沿海,outside-10k
つまらなかっ,outside-10k
大槻,outside-10k
喪服,outside-10k
編み物,outside-10k
通え,outside-10k
ポツポツ,outside-10k
よむ,outside-10k
かき混ぜ,outside-10k
暴論,outside-10k
上ら,outside-10k
バウチャー,outside-10k
程なく,outside-10k
再訪,outside-10k
洛,outside-10k
なんば,outside-10k
落第,outside-10k
緩慢,outside-10k
滞留,outside-10k
返,outside-10k
正木,outside-10k
センチメートル,outside-10k
下ろさ,outside-10k
直之,outside-10k
瞬き,outside-10k
卑下,outside-10k
黙殺,outside-10k
寺井,outside-10k
東西線,outside-10k
正しけれ,outside-10k
たとい,outside-10k
ミノ,outside-10k
ほどよい,outside-10k
とんとん,outside-10k
とりたて,outside-10k
カディール,outside-10k
そのため,outside-10k
天保,outside-10k
昭夫,outside-10k
慈しみ,outside-10k
フキ,outside-10k
殺伐と,outside-10k
口当たり,outside-10k
激しかっ,outside-10k
くらくら,outside-10k
オクラ,outside-10k
イキイキ,outside-10k
蘇ら,outside-10k
シソ,outside-10k
話し込ん,outside-10k
得意げ,outside-10k
挙行,outside-10k
経口,outside-10k
わんわん,outside-10k
解き明かす,outside-10k
がたがた,outside-10k
唸り,outside-10k
トビー,outside-10k
キョロキョロ,outside-10k
経企庁,outside-10k
講談,outside-10k
うたい,outside-10k
宿主,outside-10k
聡子,outside-10k
三輪車,outside-10k
ドッキング,outside-10k
アカデミズム,outside-10k
シンドローム,outside-10k
便座,outside-10k
田川,outside-10k
鬼太郎,outside-10k
陣内,outside-10k
ウォーミングアップ,outside-10k
差し込み,outside-10k
成型,outside-10k
綿花,outside-10k
本調子,outside-10k
侵し,outside-10k
折半,outside-10k
フェノール,outside-10k
なんぞ,outside-10k
ディズニーシー,outside-10k
圭吾,outside-10k
堀川,outside-10k
よお,outside-10k
拝観,outside-10k
片仮名,outside-10k
囘,outside-10k
完治,outside-10k
莪,outside-10k
プランクトン,outside-10k
ミディアム,outside-10k
埋,outside-10k
中１,outside-10k
降り続い,outside-10k
薬用,outside-10k
比肩,outside-10k
柳澤,outside-10k
炭化,outside-10k
懐古,outside-10k
互,outside-10k
半永久,outside-10k
沁み,outside-10k
除か,outside-10k
超新星,outside-10k
アブドゥッラー,outside-10k
襲いかかっ,outside-10k
お蔭様,outside-10k
券売,outside-10k
起きれ,outside-10k
ファスナー,outside-10k
錯視,outside-10k
不人気,outside-10k
行員,outside-10k
レギオン,outside-10k
アスペルガー,outside-10k
ドンゴン,outside-10k
一樹,outside-10k
よみがえら,outside-10k
筋金入り,outside-10k
南雲,outside-10k
ウォーレン,outside-10k
痛風,outside-10k
幕間,outside-10k
達夫,outside-10k
ケンコー,outside-10k
困憊,outside-10k
少尉,outside-10k
行き渡っ,outside-10k
ゆるめ,outside-10k
治山,outside-10k
俊英,outside-10k
カワイ,outside-10k
分解能,outside-10k
パッチワーク,outside-10k
蹴球,outside-10k
あわただしく,outside-10k
ブッ,outside-10k
何等,outside-10k
クロース,outside-10k
抱きつい,outside-10k
きめ細かい,outside-10k
あたふた,outside-10k
信金,outside-10k
それも,outside-10k
手違い,outside-10k
ユーミン,outside-10k
エバーグリーン,outside-10k
代入,outside-10k
スリラー,outside-10k
郭,outside-10k
百恵,outside-10k
村主,outside-10k
王権,outside-10k
起す,outside-10k
大帝,outside-10k
三軒茶屋,outside-10k
強国,outside-10k
炊事,outside-10k
グアテマラ,outside-10k
横光,outside-10k
過保護,outside-10k
封書,outside-10k
係留,outside-10k
堕胎,outside-10k
輸銀,outside-10k
盛衰,outside-10k
乗降,outside-10k
アトラス,outside-10k
排外,outside-10k
セルゲイ,outside-10k
りや,outside-10k
凹む,outside-10k
吸い込む,outside-10k
奥さま,outside-10k
バリトン,outside-10k
ゆるさ,outside-10k
吠,outside-10k
アジト,outside-10k
ボア,outside-10k
厩,outside-10k
胞,outside-10k
御茶ノ水,outside-10k
消灯,outside-10k
遮る,outside-10k
卵焼き,outside-10k
ヴァイオリニスト,outside-10k
ゥ,outside-10k
斬ら,outside-10k
広末,outside-10k
代わら,outside-10k
おっしゃり,outside-10k
冒し,outside-10k
やぶさか,outside-10k
団欒,outside-10k
直流,outside-10k
平八郎,outside-10k
深澤,outside-10k
匐,outside-10k
メカニック,outside-10k
廊,outside-10k
南風,outside-10k
断固たる,outside-10k
綿貫,outside-10k
安眠,outside-10k
かくれ,outside-10k
同店,outside-10k
評決,outside-10k
センチュリー,outside-10k
物忘れ,outside-10k
きし,outside-10k
本願寺,outside-10k
損ねる,outside-10k
ポン酢,outside-10k
アセンブラ,outside-10k
霊界,outside-10k
目視,outside-10k
ネバダ,outside-10k
潮風,outside-10k
認容,outside-10k
すすみ,outside-10k
戦災,outside-10k
絞める,outside-10k
水遊び,outside-10k
なぎさ,outside-10k
凄み,outside-10k
別姓,outside-10k
音韻,outside-10k
本線,outside-10k
葺,outside-10k
針葉樹,outside-10k
臆,outside-10k
慕わ,outside-10k
アンネ,outside-10k
掘ら,outside-10k
躍ら,outside-10k
ばらまい,outside-10k
プジョー,outside-10k
未踏,outside-10k
放心,outside-10k
テキパキ,outside-10k
オムロン,outside-10k
立方体,outside-10k
助け合う,outside-10k
たんす,outside-10k
余生,outside-10k
生きざま,outside-10k
ヒエラルキー,outside-10k
歩み寄り,outside-10k
スキーヤー,outside-10k
みん,outside-10k
スロベニア,outside-10k
孕ん,outside-10k
加速器,outside-10k
カルロ,outside-10k
ギュッ,outside-10k
加茂,outside-10k
月見,outside-10k
リーズ,outside-10k
瑛,outside-10k
きこえ,outside-10k
類語,outside-10k
頷き,outside-10k
基づか,outside-10k
くねくね,outside-10k
包み込ん,outside-10k
アゼルバイジャン,outside-10k
型紙,outside-10k
文民,outside-10k
終息,outside-10k
ビビッ,outside-10k
カプチーノ,outside-10k
稲村,outside-10k
償う,outside-10k
可処分,outside-10k
敬一,outside-10k
利器,outside-10k
パンサー,outside-10k
疼痛,outside-10k
支流,outside-10k
軽々しく,outside-10k
えむ,outside-10k
摺り,outside-10k
しがみつく,outside-10k
鬱陶しい,outside-10k
捺印,outside-10k
絵図,outside-10k
傾聴,outside-10k
足がかり,outside-10k
海部,outside-10k
チモール,outside-10k
寝屋川,outside-10k
お幸せ,outside-10k
どんと,outside-10k
渡ら,outside-10k
負けず嫌い,outside-10k
聨,outside-10k
引き算,outside-10k
オースティン,outside-10k
飯村,outside-10k
思い起こせ,outside-10k
引続き,outside-10k
こわれ,outside-10k
プラカード,outside-10k
スロットル,outside-10k
こげ,outside-10k
ひっぱっ,outside-10k
意気揚々,outside-10k
謹賀,outside-10k
コダック,outside-10k
本章,outside-10k
結託,outside-10k
般若心経,outside-10k
フライデー,outside-10k
おさまら,outside-10k
俗流,outside-10k
尼僧,outside-10k
皇国,outside-10k
講読,outside-10k
美談,outside-10k
本戦,outside-10k
タカシ,outside-10k
貶め,outside-10k
召し上がり,outside-10k
道新,outside-10k
繰り越し,outside-10k
秋刀魚,outside-10k
浩之,outside-10k
取り巻き,outside-10k
若杉,outside-10k
血税,outside-10k
国税局,outside-10k
川岸,outside-10k
ドトール,outside-10k
西独,outside-10k
嶋田,outside-10k
引き替え,outside-10k
からから,outside-10k
お目にかかり,outside-10k
書き記し,outside-10k
ジオン,outside-10k
グルーヴ,outside-10k
復号,outside-10k
電界,outside-10k
安原,outside-10k
夜桜,outside-10k
パフォーマー,outside-10k
田宮,outside-10k
西谷,outside-10k
ちょろ,outside-10k
エンゼル,outside-10k
昂,outside-10k
ウエスタン,outside-10k
ヒノキ,outside-10k
なにわ,outside-10k
動悸,outside-10k
異教,outside-10k
英子,outside-10k
言いがかり,outside-10k
早足,outside-10k
舞い込ん,outside-10k
藤波,outside-10k
関内,outside-10k
面倒くさく,outside-10k
人知れず,outside-10k
リキ,outside-10k
切り離せ,outside-10k
線量,outside-10k
竹谷,outside-10k
インパルス,outside-10k
骸骨,outside-10k
太ら,outside-10k
ちびちび,outside-10k
小熊,outside-10k
誤読,outside-10k
同郷,outside-10k
かすれ,outside-10k
ビクビク,outside-10k
残滓,outside-10k
痒く,outside-10k
うと,outside-10k
相槌,outside-10k
人間像,outside-10k
坂の上,outside-10k
ダック,outside-10k
小径,outside-10k
ハーモ,outside-10k
踏み込み,outside-10k
ダイアン,outside-10k
発っ,outside-10k
ランジェリー,outside-10k
清酒,outside-10k
パティシエ,outside-10k
晶文社,outside-10k
潔い,outside-10k
絃,outside-10k
樺太,outside-10k
よくも,outside-10k
審美,outside-10k
くぐり,outside-10k
処世,outside-10k
噴霧,outside-10k
トレス,outside-10k
今次,outside-10k
下劣,outside-10k
殉教者,outside-10k
わんさ,outside-10k
剛性,outside-10k
分社,outside-10k
心苦しい,outside-10k
片鱗,outside-10k
列席,outside-10k
汚泥,outside-10k
基き,outside-10k
モロー,outside-10k
コードレス,outside-10k
上積み,outside-10k
カテーテル,outside-10k
テレフォン,outside-10k
掛け持ち,outside-10k
瞬発,outside-10k
時機,outside-10k
合わす,outside-10k
側室,outside-10k
ゴブリン,outside-10k
富良野,outside-10k
押印,outside-10k
書き取り,outside-10k
ブレンダン,outside-10k
行き止まり,outside-10k
レグ,outside-10k
気管支,outside-10k
酒蔵,outside-10k
海事,outside-10k
頻,outside-10k
乳母,outside-10k
大波,outside-10k
端正,outside-10k
内分泌,outside-10k
はずかしい,outside-10k
種苗,outside-10k
たくま,outside-10k
ながれ,outside-10k
相応しく,outside-10k
活劇,outside-10k
世界じゅう,outside-10k
慌てる,outside-10k
ロドリゴ,outside-10k
林家,outside-10k
ニューズウィーク,outside-10k
連峰,outside-10k
理路,outside-10k
婆さん,outside-10k
線維,outside-10k
一対,outside-10k
配本,outside-10k
浪速,outside-10k
良平,outside-10k
和雄,outside-10k
キャン,outside-10k
絞,outside-10k
社会学部,outside-10k
憎ま,outside-10k
ウォーム,outside-10k
ちらつか,outside-10k
バーバー,outside-10k
嵯峨野,outside-10k
新横浜,outside-10k
誼,outside-10k
すすり,outside-10k
ことわり,outside-10k
地力,outside-10k
流せ,outside-10k
入信,outside-10k
カンダ,outside-10k
明治天皇,outside-10k
ふち,outside-10k
凍え,outside-10k
ダイコン,outside-10k
御殿場,outside-10k
帆布,outside-10k
好戦,outside-10k
吾輩,outside-10k
雇い主,outside-10k
スケーラビリティ,outside-10k
草分け,outside-10k
家紋,outside-10k
号車,outside-10k
綱引き,outside-10k
紹興酒,outside-10k
キュン,outside-10k
臨ま,outside-10k
ニャ,outside-10k
豊饒,outside-10k
とりあげる,outside-10k
出井,outside-10k
せめぎ,outside-10k
ジンタ,outside-10k
口説き,outside-10k
述懐,outside-10k
エルヴィス,outside-10k
テスラ,outside-10k
解熱剤,outside-10k
昨季,outside-10k
てきぱき,outside-10k
かみしめ,outside-10k
読後,outside-10k
メルク,outside-10k
太極拳,outside-10k
タンパク,outside-10k
スイッチング,outside-10k
ためる,outside-10k
嬰,outside-10k
貶める,outside-10k
お子さま,outside-10k
各店,outside-10k
気づかっ,outside-10k
出合っ,outside-10k
カカ,outside-10k
やり遂げる,outside-10k
官界,outside-10k
旋盤,outside-10k
快眠,outside-10k
火山灰,outside-10k
仲人,outside-10k
国内産,outside-10k
アリシア,outside-10k
如何にも,outside-10k
ウィンザー,outside-10k
喋れる,outside-10k
男らしく,outside-10k
柴崎,outside-10k
立ち入る,outside-10k
女学院,outside-10k
ナントカ,outside-10k
淺,outside-10k
ゲンダイ,outside-10k
複利,outside-10k
外道,outside-10k
お初,outside-10k
雲行き,outside-10k
切り取ら,outside-10k
ヒューム,outside-10k
なれれ,outside-10k
コンチネンタル,outside-10k
セバスチャン,outside-10k
エレン,outside-10k
活き活き,outside-10k
マリーンズ,outside-10k
薄弱,outside-10k
強欲,outside-10k
年度内,outside-10k
中目黒,outside-10k
垂,outside-10k
サージ,outside-10k
デュラン,outside-10k
性病,outside-10k
音沙汰,outside-10k
ゼ,outside-10k
下柳,outside-10k
手ぬぐい,outside-10k
ノワール,outside-10k
真奈,outside-10k
ウランバートル,outside-10k
ひきつける,outside-10k
ワシントン・ポスト,outside-10k
木炭,outside-10k
名分,outside-10k
杜撰,outside-10k
河岸,outside-10k
千田,outside-10k
メアリ,outside-10k
博子,outside-10k
賤,outside-10k
締めくくる,outside-10k
走り去っ,outside-10k
同位,outside-10k
接続詞,outside-10k
弘子,outside-10k
参集,outside-10k
虞,outside-10k
染み付い,outside-10k
アポイント,outside-10k
大澤,outside-10k
セピア,outside-10k
高慢,outside-10k
曲がりくねっ,outside-10k
遡及,outside-10k
青海,outside-10k
スゲー,outside-10k
治める,outside-10k
スキナー,outside-10k
罪深い,outside-10k
弱火,outside-10k
怪し,outside-10k
町屋,outside-10k
イミュニティ,outside-10k
ソメイヨシノ,outside-10k
沈殿,outside-10k
金時,outside-10k
適材適所,outside-10k
くぐり抜け,outside-10k
来さ,outside-10k
かこ,outside-10k
左官,outside-10k
壱岐,outside-10k
志田,outside-10k
引き当て,outside-10k
ひろい,outside-10k
ハジ,outside-10k
正行,outside-10k
アドルフ,outside-10k
半音,outside-10k
坂村,outside-10k
万華鏡,outside-10k
庄,outside-10k
暖簾,outside-10k
ジェネリック,outside-10k
幾重にも,outside-10k
寺尾,outside-10k
ルクセンブルク,outside-10k
由紀子,outside-10k
肢,outside-10k
来し,outside-10k
ウハウハ,outside-10k
弱める,outside-10k
スマトラ島,outside-10k
カンタービレ,outside-10k
いぬ,outside-10k
リキュール,outside-10k
空自,outside-10k
直輸入,outside-10k
にぎり,outside-10k
マテ,outside-10k
壊,outside-10k
さしたる,outside-10k
洗い流し,outside-10k
打つ手,outside-10k
斑点,outside-10k
且,outside-10k
カーディル,outside-10k
ちゃーん,outside-10k
混成,outside-10k
バッサリ,outside-10k
失策,outside-10k
おとし,outside-10k
妖魔,outside-10k
義兄,outside-10k
チラチラ,outside-10k
若狭,outside-10k
甲州,outside-10k
朽ち,outside-10k
グリーンカード,outside-10k
ナミ,outside-10k
ストップ安,outside-10k
せっけん,outside-10k
絶やさ,outside-10k
囲っ,outside-10k
コブラ,outside-10k
頭頂,outside-10k
天智,outside-10k
ヨタ,outside-10k
そぎ,outside-10k
ナナオ,outside-10k
鳥越,outside-10k
消火器,outside-10k
手放さ,outside-10k
楔,outside-10k
感応,outside-10k
ピーチ,outside-10k
道しるべ,outside-10k
仕組ん,outside-10k
水門,outside-10k
思い出せる,outside-10k
ビョーク,outside-10k
割か,outside-10k
隔絶,outside-10k
藤島,outside-10k
マイノリティー,outside-10k
有利子,outside-10k
警視,outside-10k
暴い,outside-10k
包摂,outside-10k
千鳥,outside-10k
チョッ,outside-10k
差し掛かっ,outside-10k
リューク,outside-10k
いらっしゃれ,outside-10k
あらかた,outside-10k
春雨,outside-10k
リスキー,outside-10k
喜べ,outside-10k
実相,outside-10k
文例,outside-10k
オニオン,outside-10k
汚物,outside-10k
ひったくり,outside-10k
徳田,outside-10k
削,outside-10k
アメニティ,outside-10k
鴻,outside-10k
美観,outside-10k
屈する,outside-10k
督,outside-10k
リトアニア,outside-10k
桃山,outside-10k
中根,outside-10k
祟り,outside-10k
ぼれ,outside-10k
辺見,outside-10k
インカレ,outside-10k
新宗連,outside-10k
物すごく,outside-10k
サラワク,outside-10k
サンノゼ,outside-10k
非凡,outside-10k
反駁,outside-10k
アワビ,outside-10k
江蘇,outside-10k
ボーダーライン,outside-10k
ドーソン,outside-10k
してやる,outside-10k
スカッド,outside-10k
導師,outside-10k
満天,outside-10k
汚点,outside-10k
一考,outside-10k
コメディアン,outside-10k
ペンス,outside-10k
スプレッド,outside-10k
敦子,outside-10k
おおわれ,outside-10k
首飾り,outside-10k
仕組,outside-10k
エッセイスト,outside-10k
狂喜,outside-10k
島原,outside-10k
奇想天外,outside-10k
一章,outside-10k
国粋,outside-10k
テリア,outside-10k
長丁場,outside-10k
ドキュメンテーション,outside-10k
尾張,outside-10k
電磁気,outside-10k
ヴィデオ,outside-10k
建てよ,outside-10k
胆,outside-10k
アラバマ,outside-10k
正子,outside-10k
横長,outside-10k
ゆくゆく,outside-10k
逞しく,outside-10k
中央公論社,outside-10k
パタン,outside-10k
引っ込め,outside-10k
来襲,outside-10k
フォトグラファー,outside-10k
消尽,outside-10k
ちんちん,outside-10k
エキセントリック,outside-10k
船頭,outside-10k
薄着,outside-10k
ビーケーワン,outside-10k
桑名,outside-10k
アルザス,outside-10k
解き明かし,outside-10k
忠夫,outside-10k
フシ,outside-10k
この際,outside-10k
農道,outside-10k
見づらい,outside-10k
住み込み,outside-10k
月齢,outside-10k
探鉱,outside-10k
遠因,outside-10k
韋,outside-10k
年季,outside-10k
珍味,outside-10k
セーリング,outside-10k
ヒキ,outside-10k
ボタ,outside-10k
天罰,outside-10k
狙え,outside-10k
呑ま,outside-10k
脳味噌,outside-10k
梅原,outside-10k
降りかかっ,outside-10k
帰りがけ,outside-10k
こわく,outside-10k
媛,outside-10k
按,outside-10k
教書,outside-10k
きば,outside-10k
マリヤ,outside-10k
性感,outside-10k
締まっ,outside-10k
うつろ,outside-10k
一意,outside-10k
安宅,outside-10k
帯びる,outside-10k
ポリマー,outside-10k
転院,outside-10k
ケロ,outside-10k
百聞,outside-10k
スパイシー,outside-10k
サトウ,outside-10k
水揚げ,outside-10k
指せ,outside-10k
匆,outside-10k
トラッド,outside-10k
日本赤十字社,outside-10k
おりる,outside-10k
鮠,outside-10k
気筒,outside-10k
バーンスタイン,outside-10k
高位,outside-10k
フィオレンティーナ,outside-10k
ベースアップ,outside-10k
賛意,outside-10k
洋式,outside-10k
雲の上,outside-10k
揺るが,outside-10k
護る,outside-10k
吐か,outside-10k
正答,outside-10k
ロールプレイ,outside-10k
鈍,outside-10k
ごみ箱,outside-10k
営団,outside-10k
デイビッド,outside-10k
永い,outside-10k
流れ出し,outside-10k
一礼,outside-10k
イエメン,outside-10k
気管,outside-10k
建玉,outside-10k
ケラー,outside-10k
ひろがっ,outside-10k
伸ばさ,outside-10k
情けな,outside-10k
康雄,outside-10k
ディー,outside-10k
アフィリエイター,outside-10k
起これ,outside-10k
恥ず,outside-10k
サマンサ,outside-10k
西瓜,outside-10k
創建,outside-10k
赤塚,outside-10k
低俗,outside-10k
句読点,outside-10k
治夫,outside-10k
公証,outside-10k
時事通信社,outside-10k
楚,outside-10k
エレナ,outside-10k
遺影,outside-10k
ふるう,outside-10k
昌弘,outside-10k
ある時,outside-10k
ナイショ,outside-10k
愚痴っ,outside-10k
齊,outside-10k
ニシ,outside-10k
昌平,outside-10k
触,outside-10k
事細か,outside-10k
肥沃,outside-10k
ジャージー,outside-10k
ソネット,outside-10k
事務職,outside-10k
歳時記,outside-10k
美姫,outside-10k
シナプス,outside-10k
フレーバー,outside-10k
貸し出す,outside-10k
正教,outside-10k
三池,outside-10k
引き渡す,outside-10k
飛び交い,outside-10k
レーティング,outside-10k
倉石,outside-10k
安東,outside-10k
十勝,outside-10k
キーポイント,outside-10k
兵員,outside-10k
掘り下げる,outside-10k
ウミガメ,outside-10k
のろのろ,outside-10k
邂逅,outside-10k
折込,outside-10k
ちょっかい,outside-10k
結び付ける,outside-10k
全幅,outside-10k
退行,outside-10k
計らい,outside-10k
日用,outside-10k
季語,outside-10k
裂け目,outside-10k
無給,outside-10k
和む,outside-10k
酸っぱい,outside-10k
ギクシャク,outside-10k
のっとり,outside-10k
押しのけ,outside-10k
儚,outside-10k
福本,outside-10k
行き詰っ,outside-10k
ハイチ,outside-10k
厭わ,outside-10k
一平,outside-10k
曽根,outside-10k
脳外科,outside-10k
スケベ,outside-10k
染み込ん,outside-10k
男気,outside-10k
プロモ,outside-10k
自叙伝,outside-10k
但馬,outside-10k
積み込み,outside-10k
流れ出,outside-10k
信子,outside-10k
片づける,outside-10k
感無量,outside-10k
潤一郎,outside-10k
なごや,outside-10k
タートル,outside-10k
親心,outside-10k
乃至,outside-10k
比叡山,outside-10k
同型,outside-10k
がらがら,outside-10k
ミチ,outside-10k
携,outside-10k
はびこる,outside-10k
ささげる,outside-10k
鉄拳,outside-10k
芳平,outside-10k
カリビアン,outside-10k
ヘリウム,outside-10k
アシュリー,outside-10k
飛田,outside-10k
帰社,outside-10k
直り,outside-10k
カタロニア,outside-10k
ウッキー,outside-10k
現在地,outside-10k
映さ,outside-10k
三菱商事,outside-10k
ツイスト,outside-10k
とそ,outside-10k
おび,outside-10k
高雄,outside-10k
赤土,outside-10k
むずかし,outside-10k
招,outside-10k
茂っ,outside-10k
植え付ける,outside-10k
がらくた,outside-10k
馴れ合い,outside-10k
ビレッジ,outside-10k
村瀬,outside-10k
月島,outside-10k
かゆく,outside-10k
春一番,outside-10k
取組ん,outside-10k
水洗い,outside-10k
さがり,outside-10k
未詳,outside-10k
ロータリークラブ,outside-10k
送達,outside-10k
仰木,outside-10k
修験,outside-10k
脆,outside-10k
こぼす,outside-10k
サイフ,outside-10k
あぶら,outside-10k
南野,outside-10k
にいさん,outside-10k
あてはめ,outside-10k
ドミニカ,outside-10k
居れ,outside-10k
立ちはだかる,outside-10k
蔓,outside-10k
霞ん,outside-10k
ヒートアイランド,outside-10k
キウ,outside-10k
形見,outside-10k
踏みつけ,outside-10k
こしょう,outside-10k
松沢,outside-10k
淡白,outside-10k
遊泳,outside-10k
ドコ,outside-10k
アフェリエイト,outside-10k
法華経,outside-10k
降ろさ,outside-10k
通れる,outside-10k
熱弁,outside-10k
ジャストシステム,outside-10k
脱が,outside-10k
静謐,outside-10k
下妻,outside-10k
物静か,outside-10k
よも,outside-10k
生糸,outside-10k
超自然,outside-10k
びいき,outside-10k
トランジット,outside-10k
亜希子,outside-10k
送り先,outside-10k
ポルト,outside-10k
家長,outside-10k
さける,outside-10k
みちのく,outside-10k
鉄分,outside-10k
けなし,outside-10k
勝間田,outside-10k
子供部屋,outside-10k
マグス,outside-10k
マシュマロ,outside-10k
大蛇,outside-10k
大役,outside-10k
張り巡らさ,outside-10k
自省,outside-10k
空気圧,outside-10k
セコム,outside-10k
アセンション,outside-10k
急逝,outside-10k
つかさどる,outside-10k
ミハエル,outside-10k
生みだし,outside-10k
あやうく,outside-10k
振り上げ,outside-10k
デイビス,outside-10k
弔問,outside-10k
昇平,outside-10k
信じよ,outside-10k
頷ける,outside-10k
ごきげんよう,outside-10k
離着陸,outside-10k
貘,outside-10k
さぞや,outside-10k
乳酸,outside-10k
川辺,outside-10k
スルーパス,outside-10k
広げよ,outside-10k
納骨,outside-10k
湯治,outside-10k
幸喜,outside-10k
貯水,outside-10k
群生,outside-10k
趣き,outside-10k
小千谷,outside-10k
守義,outside-10k
破たん,outside-10k
麿,outside-10k
ブルドーザー,outside-10k
モヒ,outside-10k
あたり前,outside-10k
花弁,outside-10k
トレーン,outside-10k
被覆,outside-10k
踊れる,outside-10k
憧憬,outside-10k
シンナー,outside-10k
峡,outside-10k
きわどい,outside-10k
パイレーツ,outside-10k
軽水炉,outside-10k
極左,outside-10k
オイシイ,outside-10k
粘り強い,outside-10k
字面,outside-10k
小枝,outside-10k
愛憎,outside-10k
沿わ,outside-10k
鰯,outside-10k
書き上げる,outside-10k
遠吠え,outside-10k
げた,outside-10k
美里,outside-10k
トレードマーク,outside-10k
ヒース,outside-10k
禎一,outside-10k
表敬,outside-10k
櫓,outside-10k
波止場,outside-10k
極大,outside-10k
二流,outside-10k
警部補,outside-10k
道元,outside-10k
ずし,outside-10k
脱する,outside-10k
漬,outside-10k
助動詞,outside-10k
和義,outside-10k
ハラスメント,outside-10k
三女,outside-10k
踏ん張っ,outside-10k
低廉,outside-10k
ひょんな,outside-10k
折口,outside-10k
曽野,outside-10k
溶かす,outside-10k
メロドラマ,outside-10k
八方,outside-10k
おおかた,outside-10k
づらかっ,outside-10k
俊夫,outside-10k
荷車,outside-10k
裕一,outside-10k
パレ,outside-10k
ローバー,outside-10k
衛兵,outside-10k
篠山,outside-10k
間隙,outside-10k
さばい,outside-10k
後れ,outside-10k
ワンパターン,outside-10k
信也,outside-10k
サンダー,outside-10k
揉ん,outside-10k
おも,outside-10k
紫蘇,outside-10k
立命館大学,outside-10k
スイフト,outside-10k
助け合っ,outside-10k
カルカッタ,outside-10k
もろく,outside-10k
常磐線,outside-10k
八千代,outside-10k
グラナダ,outside-10k
鷙,outside-10k
太蔵,outside-10k
凍ら,outside-10k
やみくも,outside-10k
値幅,outside-10k
聰,outside-10k
有斐閣,outside-10k
羨まし,outside-10k
猟師,outside-10k
縁日,outside-10k
輪切り,outside-10k
ベック,outside-10k
崖っぷち,outside-10k
裏通り,outside-10k
ブログサービス,outside-10k
東レ,outside-10k
チュー,outside-10k
わだかまり,outside-10k
パピヨン,outside-10k
エドゥ,outside-10k
貸主,outside-10k
語呂合わせ,outside-10k
若宮,outside-10k
トロピカル,outside-10k
イリヤ,outside-10k
町議会,outside-10k
重たく,outside-10k
供託,outside-10k
事実無根,outside-10k
慎む,outside-10k
ハルビン,outside-10k
可燃,outside-10k
とまどっ,outside-10k
消え去る,outside-10k
ファイナンシャルプランナー,outside-10k
突拍子,outside-10k
響かせ,outside-10k
殷,outside-10k
浮かび上がら,outside-10k
フレーク,outside-10k
水口,outside-10k
二塁打,outside-10k
融け,outside-10k
政争,outside-10k
場末,outside-10k
伝奇,outside-10k
おばけ,outside-10k
名乗ら,outside-10k
シシ,outside-10k
グールド,outside-10k
カンザス,outside-10k
曲者,outside-10k
ナーローパ,outside-10k
ソマリア,outside-10k
枯,outside-10k
本宮,outside-10k
抱きしめる,outside-10k
播,outside-10k
あっけ,outside-10k
ラヴェル,outside-10k
画用紙,outside-10k
シコ,outside-10k
スペクトラム,outside-10k
デレク,outside-10k
どし,outside-10k
ふるえ,outside-10k
遺作,outside-10k
重明,outside-10k
読経,outside-10k
病歴,outside-10k
怨,outside-10k
ガニ,outside-10k
後見人,outside-10k
アテンション,outside-10k
引っかから,outside-10k
俊之,outside-10k
花崗岩,outside-10k
京成,outside-10k
台地,outside-10k
ダンディ,outside-10k
かが,outside-10k
しんぼう,outside-10k
可笑しく,outside-10k
猫背,outside-10k
亀梨,outside-10k
イトーヨーカドー,outside-10k
自責,outside-10k
もりもり,outside-10k
ターニングポイント,outside-10k
ソト,outside-10k
ねらう,outside-10k
みょう,outside-10k
ブリヂストン,outside-10k
二見,outside-10k
今にも,outside-10k
天目,outside-10k
包容,outside-10k
なし崩し,outside-10k
日本大学,outside-10k
お孫さん,outside-10k
コンフリクト,outside-10k
筆致,outside-10k
アンディー,outside-10k
ジェレミー,outside-10k
つぎつぎ,outside-10k
液化,outside-10k
とりこ,outside-10k
微粒子,outside-10k
アフタヌーン,outside-10k
データファイル,outside-10k
もったいなく,outside-10k
客車,outside-10k
引き戸,outside-10k
天主堂,outside-10k
もげ,outside-10k
真人,outside-10k
引っ掛かっ,outside-10k
弁務,outside-10k
ナタ,outside-10k
やんわり,outside-10k
煎餅,outside-10k
組立て,outside-10k
売りつけ,outside-10k
礼金,outside-10k
一事,outside-10k
マクド,outside-10k
アフィリ,outside-10k
鄧,outside-10k
幽閉,outside-10k
ぽつぽつ,outside-10k
べらぼう,outside-10k
成美,outside-10k
鳴らさ,outside-10k
信吾,outside-10k
不一,outside-10k
たたえる,outside-10k
醜態,outside-10k
白日,outside-10k
誠一郎,outside-10k
大船,outside-10k
処する,outside-10k
焼き魚,outside-10k
プロシージャ,outside-10k
駆け付け,outside-10k
夏樹,outside-10k
掴ま,outside-10k
ジョヴァンニ,outside-10k
布袋,outside-10k
たまらなかっ,outside-10k
接頭,outside-10k
起き上がっ,outside-10k
況,outside-10k
トド,outside-10k
気休め,outside-10k
ギブソン,outside-10k
痛めつけ,outside-10k
気心,outside-10k
ころがっ,outside-10k
シーリング,outside-10k
浮揚,outside-10k
祇園祭,outside-10k
恭一,outside-10k
速め,outside-10k
ザグレブ,outside-10k
詩歌,outside-10k
地銀,outside-10k
オセロ,outside-10k
倍音,outside-10k
海溝,outside-10k
縦長,outside-10k
戻,outside-10k
合資,outside-10k
北端,outside-10k
飲まさ,outside-10k
ほっぺ,outside-10k
併存,outside-10k
問題児,outside-10k
動こ,outside-10k
軽症,outside-10k
ヒノ,outside-10k
原石,outside-10k
躍る,outside-10k
拠っ,outside-10k
カミュ,outside-10k
つも,outside-10k
嵩,outside-10k
イダカ,outside-10k
カミソリ,outside-10k
はずせ,outside-10k
雑魚,outside-10k
投げ出さ,outside-10k
匂,outside-10k
それる,outside-10k
ソックリ,outside-10k
描,outside-10k
シェルパ,outside-10k
私大,outside-10k
レヴュー,outside-10k
能楽,outside-10k
いにしえ,outside-10k
死産,outside-10k
コエンザイム,outside-10k
オバケ,outside-10k
図示,outside-10k
黒柳,outside-10k
宿屋,outside-10k
突き刺さっ,outside-10k
圧政,outside-10k
酉,outside-10k
無声,outside-10k
ラモス,outside-10k
大和証券,outside-10k
ヒディンク,outside-10k
のぞかせ,outside-10k
釣り合い,outside-10k
佇ん,outside-10k
中空,outside-10k
成り下がっ,outside-10k
割り切る,outside-10k
桂子,outside-10k
土鍋,outside-10k
偏愛,outside-10k
デフォルメ,outside-10k
ヒツジ,outside-10k
とんこつ,outside-10k
拘り,outside-10k
スラング,outside-10k
スケジューリング,outside-10k
増長,outside-10k
ファミリーマート,outside-10k
ボニー,outside-10k
プロモーター,outside-10k
真希,outside-10k
かわさ,outside-10k
木刀,outside-10k
キロリットル,outside-10k
にわとり,outside-10k
天平,outside-10k
武彦,outside-10k
客足,outside-10k
書類作成,outside-10k
息づい,outside-10k
シャンデリア,outside-10k
遼寧,outside-10k
説話,outside-10k
ニャー,outside-10k
毎号,outside-10k
麌,outside-10k
実母,outside-10k
見回り,outside-10k
道交法,outside-10k
撹乱,outside-10k
和正,outside-10k
三平,outside-10k
稀少,outside-10k
ふくむ,outside-10k
なおざり,outside-10k
地べた,outside-10k
手の内,outside-10k
ファンデーション,outside-10k
甦っ,outside-10k
雅之,outside-10k
分け合っ,outside-10k
アフィリエイトプログラム,outside-10k
下肢,outside-10k
ロニー,outside-10k
おどり,outside-10k
鋪,outside-10k
久志,outside-10k
近視,outside-10k
ハリポタ,outside-10k
処せ,outside-10k
物思い,outside-10k
希釈,outside-10k
疎か,outside-10k
金字塔,outside-10k
仕込ま,outside-10k
あっけない,outside-10k
たたかう,outside-10k
借主,outside-10k
ビズ,outside-10k
取りかかる,outside-10k
東北大,outside-10k
フリッツ,outside-10k
格下,outside-10k
信じ込ん,outside-10k
暑中,outside-10k
モテル,outside-10k
オッパイ,outside-10k
裏道,outside-10k
発情,outside-10k
虚脱,outside-10k
タリバーン,outside-10k
シッポ,outside-10k
減らせ,outside-10k
具象,outside-10k
スキマ,outside-10k
立教大学,outside-10k
柏原,outside-10k
付す,outside-10k
モナリザ,outside-10k
史家,outside-10k
えてして,outside-10k
相原,outside-10k
峻別,outside-10k
訳出,outside-10k
周作,outside-10k
代案,outside-10k
ハンク,outside-10k
見出せる,outside-10k
負かす,outside-10k
労賃,outside-10k
済州,outside-10k
あらため,outside-10k
憂き目,outside-10k
オーマンディ,outside-10k
主犯,outside-10k
千石,outside-10k
見守ら,outside-10k
精読,outside-10k
カフェオレ,outside-10k
マンガン,outside-10k
捌き,outside-10k
奈落,outside-10k
イキ,outside-10k
茂庭,outside-10k
アドワーズ,outside-10k
モア,outside-10k
とうぜん,outside-10k
豬,outside-10k
マキシ,outside-10k
誠心誠意,outside-10k
三文,outside-10k
峻,outside-10k
忍び込ん,outside-10k
エッフェル塔,outside-10k
セツ,outside-10k
ともすると,outside-10k
召使,outside-10k
常盤,outside-10k
つぎ込む,outside-10k
ガマ,outside-10k
割り引い,outside-10k
放り込む,outside-10k
ドメスティック,outside-10k
まかり通る,outside-10k
おなら,outside-10k
げんき,outside-10k
五味,outside-10k
住み着い,outside-10k
語らい,outside-10k
含蓄,outside-10k
増分,outside-10k
たのむ,outside-10k
ぽかぽか,outside-10k
ひじき,outside-10k
匙,outside-10k
槌,outside-10k
伝っ,outside-10k
ポツン,outside-10k
吉日,outside-10k
非鉄,outside-10k
吹き飛ばさ,outside-10k
不整脈,outside-10k
売り出す,outside-10k
びくびく,outside-10k
なすっ,outside-10k
次節,outside-10k
熱かっ,outside-10k
慎み,outside-10k
精いっぱい,outside-10k
賞状,outside-10k
踏みにじる,outside-10k
急ピッチ,outside-10k
ノーコメント,outside-10k
元禄,outside-10k
アソシエーション,outside-10k
明太子,outside-10k
ずっ,outside-10k
既出,outside-10k
建ち,outside-10k
睾丸,outside-10k
すーっ,outside-10k
箔,outside-10k
創価,outside-10k
居留,outside-10k
引き渡さ,outside-10k
よど,outside-10k
静養,outside-10k
嫁入り,outside-10k
平板,outside-10k
愛し合う,outside-10k
詩文,outside-10k
二乗,outside-10k
森村,outside-10k
郵便受け,outside-10k
幸田,outside-10k
女心,outside-10k
敏子,outside-10k
話し声,outside-10k
尽し,outside-10k
積め,outside-10k
精神分裂病,outside-10k
舐める,outside-10k
物腰,outside-10k
国際司法裁判所,outside-10k
はだし,outside-10k
井沢,outside-10k
マカロニ,outside-10k
鍬,outside-10k
辰義,outside-10k
月夜,outside-10k
羚,outside-10k
崩落,outside-10k
持ち合い,outside-10k
甲高い,outside-10k
愛し合っ,outside-10k
殺風景,outside-10k
栗本,outside-10k
雄一郎,outside-10k
共立,outside-10k
ジグザグ,outside-10k
鋏,outside-10k
ブロンズ,outside-10k
セロトニン,outside-10k
凝る,outside-10k
破れる,outside-10k
大月,outside-10k
梶山,outside-10k
籐,outside-10k
悪友,outside-10k
サラブレッド,outside-10k
魅せる,outside-10k
カルタ,outside-10k
ウイーン,outside-10k
一心不乱,outside-10k
ギルバート,outside-10k
初婚,outside-10k
視認,outside-10k
剃っ,outside-10k
結石,outside-10k
ワタナベ,outside-10k
おこら,outside-10k
踏み出せ,outside-10k
表皮,outside-10k
まとめよ,outside-10k
たわい,outside-10k
敏腕,outside-10k
突き当たり,outside-10k
医務,outside-10k
城塞,outside-10k
見詰め,outside-10k
ステークス,outside-10k
モルタル,outside-10k
蒸,outside-10k
しめし,outside-10k
フリスビー,outside-10k
目くじら,outside-10k
嵜,outside-10k
進駐軍,outside-10k
祀っ,outside-10k
張り替え,outside-10k
字句,outside-10k
糠漬け,outside-10k
バインダー,outside-10k
夜通し,outside-10k
上梓,outside-10k
築け,outside-10k
ねつ造,outside-10k
あっぱれ,outside-10k
なけ,outside-10k
暗がり,outside-10k
キナ,outside-10k
マゾ,outside-10k
ディレクション,outside-10k
広務,outside-10k
起つ,outside-10k
咄嗟,outside-10k
麗子,outside-10k
奮い立た,outside-10k
ナマコ,outside-10k
ナンボ,outside-10k
興ざめ,outside-10k
尾辻,outside-10k
グランパス,outside-10k
堀越,outside-10k
たちどころに,outside-10k
わかりやすさ,outside-10k
弱腰,outside-10k
箴言,outside-10k
客人,outside-10k
ミキ,outside-10k
獲る,outside-10k
激闘,outside-10k
批難,outside-10k
全焼,outside-10k
叙事詩,outside-10k
屠殺,outside-10k
ダミアン,outside-10k
速かっ,outside-10k
芸当,outside-10k
旧い,outside-10k
アンチテーゼ,outside-10k
かまけ,outside-10k
誰々,outside-10k
タピオカ,outside-10k
ささやい,outside-10k
草刈,outside-10k
インディー,outside-10k
施錠,outside-10k
御仁,outside-10k
飼,outside-10k
しょんぼり,outside-10k
マッキンゼー,outside-10k
フェルナンデス,outside-10k
見開い,outside-10k
悼む,outside-10k
カスタマーサービス,outside-10k
皇統,outside-10k
領内,outside-10k
顕現,outside-10k
際立つ,outside-10k
立春,outside-10k
死ねる,outside-10k
起き上がり,outside-10k
のめり込ん,outside-10k
ラッパー,outside-10k
励行,outside-10k
作り直す,outside-10k
藤崎,outside-10k
男尊女卑,outside-10k
ＡＰ通信,outside-10k
ゾッと,outside-10k
おぼれ,outside-10k
黒井,outside-10k
ゆるん,outside-10k
雨戸,outside-10k
さぐる,outside-10k
菅井,outside-10k
ゴルフクラブ,outside-10k
発疹,outside-10k
オーバーホール,outside-10k
見抜き,outside-10k
始祖,outside-10k
手当たり,outside-10k
日赤,outside-10k
夏彦,outside-10k
対数,outside-10k
流浪,outside-10k
選集,outside-10k
ヒビキ,outside-10k
逸材,outside-10k
抜け出,outside-10k
熊楠,outside-10k
突っ走る,outside-10k
見習わ,outside-10k
バロメーター,outside-10k
いわき,outside-10k
売り込ん,outside-10k
梢,outside-10k
麒麟,outside-10k
合わさ,outside-10k
なりふり,outside-10k
ウエイトレス,outside-10k
衛生局,outside-10k
久子,outside-10k
よみがえり,outside-10k
登紀子,outside-10k
交歓,outside-10k
見つかれ,outside-10k
高志,outside-10k
カッティング,outside-10k
ママチャリ,outside-10k
ばっさり,outside-10k
シェード,outside-10k
泣かせる,outside-10k
訓示,outside-10k
谷本,outside-10k
廛,outside-10k
さりとて,outside-10k
総合大学,outside-10k
いっこ,outside-10k
すりかえ,outside-10k
哀しく,outside-10k
皆目,outside-10k
石ころ,outside-10k
ガロ,outside-10k
接骨,outside-10k
醍醐,outside-10k
野本,outside-10k
同窓生,outside-10k
母集団,outside-10k
積み上げる,outside-10k
格納庫,outside-10k
はかどら,outside-10k
通風,outside-10k
おくれる,outside-10k
丸み,outside-10k
おむすび,outside-10k
インドシナ,outside-10k
乱さ,outside-10k
かもし,outside-10k
ぺらぺら,outside-10k
上製,outside-10k
タツ,outside-10k
割れ目,outside-10k
ジュディ,outside-10k
まわさ,outside-10k
親子連れ,outside-10k
神格,outside-10k
こす,outside-10k
暴風雨,outside-10k
前売,outside-10k
むちゃ,outside-10k
浮き上がっ,outside-10k
美恵子,outside-10k
上げ下げ,outside-10k
ミーツ,outside-10k
ひえ,outside-10k
ニナ,outside-10k
流し込ん,outside-10k
夕立,outside-10k
一人娘,outside-10k
見過ごす,outside-10k
絶える,outside-10k
ポテトチップス,outside-10k
国情,outside-10k
面倒臭い,outside-10k
ブレード,outside-10k
うらら,outside-10k
一長一短,outside-10k
荒っぽい,outside-10k
徳之島,outside-10k
九段,outside-10k
障碍,outside-10k
モルヒネ,outside-10k
オマーン,outside-10k
荻原,outside-10k
オカシイ,outside-10k
パクパク,outside-10k
十八番,outside-10k
墓穴,outside-10k
切り出す,outside-10k
伸び伸び,outside-10k
凍りつい,outside-10k
タクシン,outside-10k
日本電信電話,outside-10k
横井,outside-10k
放す,outside-10k
食わせ,outside-10k
すくなく,outside-10k
アパートメント,outside-10k
こぼれ話,outside-10k
パリーグ,outside-10k
くぼみ,outside-10k
富谷,outside-10k
金八,outside-10k
振るわ,outside-10k
イク,outside-10k
しぶとく,outside-10k
トルストイ,outside-10k
わける,outside-10k
心証,outside-10k
息苦しい,outside-10k
ならず者,outside-10k
面倒くさ,outside-10k
衆生,outside-10k
伊予,outside-10k
一件,outside-10k
吹聴,outside-10k
休載,outside-10k
まかなわ,outside-10k
腐心,outside-10k
清里,outside-10k
打ち切っ,outside-10k
レハブアム,outside-10k
辛子,outside-10k
チューバ,outside-10k
飛び跳ね,outside-10k
酋長,outside-10k
減反,outside-10k
六角,outside-10k
哀れみ,outside-10k
ヒョウ,outside-10k
はいいん,outside-10k
奥まっ,outside-10k
箒,outside-10k
露見,outside-10k
ほのめかし,outside-10k
鉄橋,outside-10k
幸太郎,outside-10k
女のコ,outside-10k
緊縮,outside-10k
職業病,outside-10k
大字,outside-10k
アレキサンドリア,outside-10k
係属,outside-10k
けなげ,outside-10k
気持ち良,outside-10k
言い当て,outside-10k
鹿屋,outside-10k
エンブレム,outside-10k
下支え,outside-10k
がんじがらめ,outside-10k
顰蹙,outside-10k
勝ち抜く,outside-10k
卓也,outside-10k
浅利,outside-10k
臼井,outside-10k
海抜,outside-10k
取り戻さ,outside-10k
売れ残り,outside-10k
泣き虫,outside-10k
恨む,outside-10k
一匹狼,outside-10k
ニダ,outside-10k
箪笥,outside-10k
甚,outside-10k
流行ら,outside-10k
ヴェール,outside-10k
勝野,outside-10k
労連,outside-10k
クリント,outside-10k
導体,outside-10k
求婚,outside-10k
妖艶,outside-10k
ネグ,outside-10k
印象深かっ,outside-10k
レンブラント,outside-10k
深沢,outside-10k
啓介,outside-10k
刺殺,outside-10k
朱雀,outside-10k
生薬,outside-10k
商学部,outside-10k
遍,outside-10k
コッポラ,outside-10k
ええと,outside-10k
あるい,outside-10k
雷鳴,outside-10k
立方メートル,outside-10k
膨,outside-10k
みじかい,outside-10k
ジグ,outside-10k
蒼い,outside-10k
昨夏,outside-10k
羽織っ,outside-10k
さきがけ,outside-10k
つまずい,outside-10k
悪評,outside-10k
戯画,outside-10k
着込ん,outside-10k
見込む,outside-10k
忘れよ,outside-10k
組み合わさ,outside-10k
切ろ,outside-10k
興隆,outside-10k
該,outside-10k
用量,outside-10k
副審,outside-10k
プリウス,outside-10k
鹿内,outside-10k
別れ際,outside-10k
浸れ,outside-10k
災厄,outside-10k
くちばし,outside-10k
レガシー,outside-10k
規子,outside-10k
もじっ,outside-10k
感じ取れる,outside-10k
小分け,outside-10k
きょく,outside-10k
共学,outside-10k
アイダホ,outside-10k
のす,outside-10k
惜しげ,outside-10k
はかれ,outside-10k
苛ま,outside-10k
フツ,outside-10k
ふわっと,outside-10k
洗え,outside-10k
ガムラン,outside-10k
押し込ま,outside-10k
考古,outside-10k
自供,outside-10k
イロハ,outside-10k
グラブ,outside-10k
チアリーダー,outside-10k
買値,outside-10k
召還,outside-10k
たのん,outside-10k
恐かっ,outside-10k
這っ,outside-10k
素肌,outside-10k
カチカチ,outside-10k
謹んで,outside-10k
ツラ,outside-10k
襲名,outside-10k
キッパリ,outside-10k
ロジャース,outside-10k
アイシネン,outside-10k
浅倉,outside-10k
義男,outside-10k
高１,outside-10k
ローレン,outside-10k
河原町,outside-10k
ごそごそ,outside-10k
廃刊,outside-10k
茶会,outside-10k
乳癌,outside-10k
彫ら,outside-10k
招き猫,outside-10k
屮,outside-10k
政令市,outside-10k
内相,outside-10k
脱獄,outside-10k
拘っ,outside-10k
本節,outside-10k
伸び悩ん,outside-10k
ショルダー,outside-10k
半熟,outside-10k
逃がす,outside-10k
雄叫び,outside-10k
中崎,outside-10k
ライ麦,outside-10k
考え出す,outside-10k
言わさ,outside-10k
勢揃い,outside-10k
末広,outside-10k
舞い降り,outside-10k
横向き,outside-10k
笹川,outside-10k
和人,outside-10k
主税局,outside-10k
レジスタ,outside-10k
立てよ,outside-10k
ビアガーデン,outside-10k
ニュルンベルク,outside-10k
円山,outside-10k
きらめく,outside-10k
カミサン,outside-10k
隘,outside-10k
呼び声,outside-10k
さつまいも,outside-10k
刻み込ま,outside-10k
冥利,outside-10k
タイムリミット,outside-10k
メゾン,outside-10k
シャーベット,outside-10k
図説,outside-10k
客数,outside-10k
はーい,outside-10k
プレイヤ,outside-10k
やせる,outside-10k
ぽんぽん,outside-10k
妹尾,outside-10k
底なし,outside-10k
パトリシア,outside-10k
蠡,outside-10k
ジャンヌ,outside-10k
水仙,outside-10k
姦,outside-10k
関本,outside-10k
歩み寄っ,outside-10k
納会,outside-10k
貨,outside-10k
一緒くた,outside-10k
短信,outside-10k
心配り,outside-10k
格下げ,outside-10k
空模様,outside-10k
洋館,outside-10k
帰京,outside-10k
フォーチュン,outside-10k
目盛り,outside-10k
毒薬,outside-10k
秘か,outside-10k
弓矢,outside-10k
早まっ,outside-10k
ジブラルタル,outside-10k
助走,outside-10k
小出し,outside-10k
組み方,outside-10k
走り回り,outside-10k
アレクサンドル,outside-10k
残れ,outside-10k
拌,outside-10k
カルティエ,outside-10k
紀伊國屋書店,outside-10k
理数,outside-10k
信販,outside-10k
隠岐,outside-10k
女らし,outside-10k
づきあい,outside-10k
筑豊,outside-10k
べそ,outside-10k
ワークブック,outside-10k
ビンテージ,outside-10k
吉武,outside-10k
こうっ,outside-10k
二十歳,outside-10k
ごま油,outside-10k
学名,outside-10k
箱庭,outside-10k
続伸,outside-10k
住処,outside-10k
締め切ら,outside-10k
動かそ,outside-10k
誤爆,outside-10k
とぶ,outside-10k
飯田橋,outside-10k
カメハメハ,outside-10k
発ガン,outside-10k
スピリッツ,outside-10k
耕す,outside-10k
恵方,outside-10k
長坂,outside-10k
タリン,outside-10k
前頭葉,outside-10k
アフリカン,outside-10k
トリニダード・トバゴ,outside-10k
救難,outside-10k
切り詰め,outside-10k
井筒,outside-10k
擬音,outside-10k
熱源,outside-10k
モデルハウス,outside-10k
楮,outside-10k
腹ごしらえ,outside-10k
吏,outside-10k
サザエ,outside-10k
邦銀,outside-10k
ガー,outside-10k
実ら,outside-10k
すくめ,outside-10k
思惟,outside-10k
水たまり,outside-10k
榛,outside-10k
ロジャーズ,outside-10k
垂れ幕,outside-10k
ライフライン,outside-10k
霧島,outside-10k
メード,outside-10k
孟,outside-10k
引っぱり,outside-10k
うすい,outside-10k
敵陣,outside-10k
ロサンジェルス,outside-10k
文武,outside-10k
相模,outside-10k
大き目,outside-10k
須磨,outside-10k
諸点,outside-10k
ブルーグラス,outside-10k
建議,outside-10k
ウレシイ,outside-10k
軟禁,outside-10k
ブログタイトル,outside-10k
太鼓判,outside-10k
絶ち,outside-10k
刈っ,outside-10k
満たせ,outside-10k
足袋,outside-10k
ウォレス,outside-10k
渡り歩い,outside-10k
草野球,outside-10k
賊,outside-10k
峡谷,outside-10k
一人ぼっち,outside-10k
歴然,outside-10k
リスクヘッジ,outside-10k
やり手,outside-10k
望める,outside-10k
畝,outside-10k
駒大,outside-10k
楳,outside-10k
ヤブ,outside-10k
網走,outside-10k
山芋,outside-10k
駑,outside-10k
再掲,outside-10k
滑り台,outside-10k
クラプトン,outside-10k
オフレコ,outside-10k
睨み,outside-10k
私語,outside-10k
ぽんと,outside-10k
うせ,outside-10k
黒岩,outside-10k
せまっ,outside-10k
偽者,outside-10k
紀香,outside-10k
地磁気,outside-10k
来す,outside-10k
八重洲,outside-10k
紀宮,outside-10k
さまよい,outside-10k
生花,outside-10k
乱雑,outside-10k
カサブランカ,outside-10k
増やせる,outside-10k
伊織,outside-10k
ブンブン,outside-10k
手付かず,outside-10k
難色,outside-10k
美子,outside-10k
ダサ,outside-10k
転校生,outside-10k
本望,outside-10k
斥,outside-10k
全般に,outside-10k
売れ残っ,outside-10k
大杉,outside-10k
二の腕,outside-10k
ピラモン,outside-10k
鮹,outside-10k
ティーンエイジャー,outside-10k
ドリフト,outside-10k
ジョイス,outside-10k
受け継ぎ,outside-10k
禅師,outside-10k
喰らい,outside-10k
安政,outside-10k
フト,outside-10k
立入検査,outside-10k
押し込む,outside-10k
光量,outside-10k
津島,outside-10k
幕切れ,outside-10k
グレアム,outside-10k
蠧,outside-10k
貪,outside-10k
プライマリーバランス,outside-10k
軍勢,outside-10k
ユージン,outside-10k
ボンベ,outside-10k
ハヤ,outside-10k
駆け抜ける,outside-10k
翔子,outside-10k
負い目,outside-10k
くすん,outside-10k
アパルトヘイト,outside-10k
パドル,outside-10k
ゲーデル,outside-10k
すがっ,outside-10k
見定め,outside-10k
明美,outside-10k
舌打ち,outside-10k
ロードレース,outside-10k
オーサ,outside-10k
審決,outside-10k
ほぐれ,outside-10k
みの,outside-10k
古語,outside-10k
程よい,outside-10k
復路,outside-10k
陸運,outside-10k
運休,outside-10k
犀川,outside-10k
そろう,outside-10k
いみじくも,outside-10k
柑橘,outside-10k
紛れ込ん,outside-10k
あれよあれよ,outside-10k
隆史,outside-10k
弁天,outside-10k
アラカルト,outside-10k
丸ビル,outside-10k
キャリアウーマン,outside-10k
円谷,outside-10k
在校生,outside-10k
クトゥルフ,outside-10k
砂場,outside-10k
つよく,outside-10k
てめえ,outside-10k
納屋,outside-10k
カケラ,outside-10k
得失点,outside-10k
総和,outside-10k
見きわめ,outside-10k
哲男,outside-10k
クレタ,outside-10k
なぐさめ,outside-10k
カリン,outside-10k
コニカ,outside-10k
そうですが,outside-10k
サイダー,outside-10k
凝集,outside-10k
対流,outside-10k
四天王,outside-10k
すす,outside-10k
採録,outside-10k
外局,outside-10k
エクスポート,outside-10k
ラムネ,outside-10k
皿洗い,outside-10k
湾曲,outside-10k
飛び乗っ,outside-10k
おさ,outside-10k
じゃが,outside-10k
空路,outside-10k
風当たり,outside-10k
垂れる,outside-10k
着せる,outside-10k
もさ,outside-10k
ノーム,outside-10k
帝国ホテル,outside-10k
恥知らず,outside-10k
下手くそ,outside-10k
秘境,outside-10k
秀子,outside-10k
喜朗,outside-10k
ヴィジュアル,outside-10k
プランター,outside-10k
年報,outside-10k
宝島社,outside-10k
ホッチキス,outside-10k
競い,outside-10k
ブルーム,outside-10k
使い込ん,outside-10k
新日鉄,outside-10k
敦賀,outside-10k
信連,outside-10k
快い,outside-10k
デジタル技術,outside-10k
プリクラ,outside-10k
序論,outside-10k
ワッフル,outside-10k
スエ,outside-10k
黒須,outside-10k
瓦解,outside-10k
平澤,outside-10k
農工,outside-10k
脈々と,outside-10k
ナビスコ,outside-10k
古巣,outside-10k
一軍,outside-10k
押し出さ,outside-10k
加古川,outside-10k
張力,outside-10k
心細い,outside-10k
細切れ,outside-10k
差し戻し,outside-10k
継母,outside-10k
明宏,outside-10k
法益,outside-10k
底流,outside-10k
平尾,outside-10k
手招き,outside-10k
鉄棒,outside-10k
毛虫,outside-10k
がらりと,outside-10k
電解,outside-10k
オペレッタ,outside-10k
紅い,outside-10k
三洋,outside-10k
中段,outside-10k
手下,outside-10k
矢作,outside-10k
連座,outside-10k
二股,outside-10k
源一郎,outside-10k
慌しい,outside-10k
薄膜,outside-10k
抱,outside-10k
今田,outside-10k
ボトムアップ,outside-10k
下世話,outside-10k
熱量,outside-10k
媚,outside-10k
中公,outside-10k
校区,outside-10k
儂,outside-10k
昌男,outside-10k
東京三菱銀行,outside-10k
生やし,outside-10k
門脇,outside-10k
純潔,outside-10k
ほどい,outside-10k
殺陣,outside-10k
マガジンハウス,outside-10k
ラズベリー,outside-10k
市電,outside-10k
コーク,outside-10k
茉莉,outside-10k
城北,outside-10k
慣れれ,outside-10k
コリンズ,outside-10k
響子,outside-10k
欺く,outside-10k
消印,outside-10k
組み上げ,outside-10k
あさっ,outside-10k
篠塚,outside-10k
いやがらせ,outside-10k
クリストフ,outside-10k
無税,outside-10k
ゼラチン,outside-10k
口走っ,outside-10k
切り込ん,outside-10k
春巻き,outside-10k
前条,outside-10k
実学,outside-10k
ガンプラ,outside-10k
オバチャン,outside-10k
スピリチュアリズム,outside-10k
博物,outside-10k
旅程,outside-10k
武漢,outside-10k
賢人,outside-10k
金券,outside-10k
大岩,outside-10k
ファイターズ,outside-10k
若々しく,outside-10k
キロカロリー,outside-10k
ジェネレーション,outside-10k
ウィークエンド,outside-10k
テキストエディタ,outside-10k
アメリカ大使館,outside-10k
餾,outside-10k
マース,outside-10k
取り沙汰,outside-10k
供物,outside-10k
温まる,outside-10k
研究生,outside-10k
和牛,outside-10k
出し合い,outside-10k
路頭,outside-10k
溺愛,outside-10k
女人,outside-10k
フィナンシャル,outside-10k
付けれ,outside-10k
救世,outside-10k
喰らっ,outside-10k
持たさ,outside-10k
自嘲,outside-10k
尊ぶ,outside-10k
ディレクトリー,outside-10k
遅し,outside-10k
這う,outside-10k
体液,outside-10k
米穀,outside-10k
五条,outside-10k
公定,outside-10k
美術家,outside-10k
小さじ,outside-10k
後ろめた,outside-10k
これこれ,outside-10k
入校,outside-10k
大生,outside-10k
重罪,outside-10k
ナイアガラ,outside-10k
内堀,outside-10k
田圃,outside-10k
石崎,outside-10k
草刈り,outside-10k
掛川,outside-10k
成城,outside-10k
憐れみ,outside-10k
高調,outside-10k
しこたま,outside-10k
五大,outside-10k
スカンジナビア,outside-10k
スラー,outside-10k
栄子,outside-10k
へり,outside-10k
伊集院,outside-10k
送球,outside-10k
学資,outside-10k
受け持ち,outside-10k
大腸菌,outside-10k
てらし,outside-10k
拡がる,outside-10k
たいまつ,outside-10k
重機,outside-10k
たせ,outside-10k
なが,outside-10k
人君,outside-10k
リリーフ,outside-10k
さぼり,outside-10k
朝っぱら,outside-10k
果肉,outside-10k
さかい,outside-10k
熱風,outside-10k
祭礼,outside-10k
マイヤ,outside-10k
引き締まる,outside-10k
町会,outside-10k
寂れ,outside-10k
黙示,outside-10k
順風,outside-10k
コージ,outside-10k
分割払い,outside-10k
テディベア,outside-10k
ヴェッティ,outside-10k
国史,outside-10k
鬼丸,outside-10k
ロゴス,outside-10k
儲けよ,outside-10k
農林中金,outside-10k
貞治,outside-10k
ゴーゴー,outside-10k
添っ,outside-10k
発汗,outside-10k
ソーラン,outside-10k
二階堂,outside-10k
キオスク,outside-10k
やっつける,outside-10k
とろろ,outside-10k
登ら,outside-10k
悶絶,outside-10k
ピリ,outside-10k
複素,outside-10k
合一,outside-10k
命取り,outside-10k
甲骨,outside-10k
コリ,outside-10k
両目,outside-10k
無計画,outside-10k
茫然,outside-10k
グラ,outside-10k
払お,outside-10k
結び付く,outside-10k
図像,outside-10k
恒夫,outside-10k
星団,outside-10k
無神,outside-10k
原人,outside-10k
納涼,outside-10k
中江,outside-10k
つかまり,outside-10k
名将,outside-10k
心もとない,outside-10k
画数,outside-10k
はびこっ,outside-10k
わに,outside-10k
カテドラル,outside-10k
ニカラグア,outside-10k
糖度,outside-10k
せこい,outside-10k
廃校,outside-10k
忽然と,outside-10k
煮やし,outside-10k
イタイイタイ病,outside-10k
常磐,outside-10k
皆既,outside-10k
毛頭ない,outside-10k
なにぶん,outside-10k
軟化,outside-10k
長篇,outside-10k
イブニング,outside-10k
貰わ,outside-10k
町家,outside-10k
尿素,outside-10k
取り掛かっ,outside-10k
ファンタスティック,outside-10k
頭角,outside-10k
おっくう,outside-10k
ミズノ,outside-10k
ふかし,outside-10k
気道,outside-10k
松茸,outside-10k
飛び火,outside-10k
メリーランド,outside-10k
アイドリング,outside-10k
びっしょり,outside-10k
サカナ,outside-10k
風合い,outside-10k
密航,outside-10k
ゼッタイ,outside-10k
ベストテン,outside-10k
サガ,outside-10k
散弾,outside-10k
鮮魚,outside-10k
海綿,outside-10k
シゴト,outside-10k
七五三,outside-10k
英世,outside-10k
思い出そ,outside-10k
罵詈,outside-10k
ドグマ,outside-10k
イケイケ,outside-10k
先客,outside-10k
スタジオジブリ,outside-10k
科す,outside-10k
寺社,outside-10k
同局,outside-10k
不可抗力,outside-10k
レインコート,outside-10k
マイミー,outside-10k
汐,outside-10k
ラッシュアワー,outside-10k
空き家,outside-10k
植村,outside-10k
波風,outside-10k
セザンヌ,outside-10k
賛,outside-10k
そっぽ,outside-10k
不幸せ,outside-10k
いうなれば,outside-10k
おさらば,outside-10k
光代,outside-10k
お母ちゃん,outside-10k
パープル,outside-10k
ウィ,outside-10k
金管,outside-10k
優に,outside-10k
さてと,outside-10k
焚,outside-10k
リッチー,outside-10k
昏睡,outside-10k
時たま,outside-10k
移せ,outside-10k
上期,outside-10k
政情,outside-10k
百人一首,outside-10k
僭越,outside-10k
小判,outside-10k
脇道,outside-10k
潜り込ん,outside-10k
三名,outside-10k
大動脈,outside-10k
ぐんと,outside-10k
新村,outside-10k
くどく,outside-10k
焼き付い,outside-10k
六ヶ所,outside-10k
野山,outside-10k
みつかっ,outside-10k
トルーマン,outside-10k
舞妓,outside-10k
上松,outside-10k
追い払う,outside-10k
噛み締め,outside-10k
フェイズ,outside-10k
次席,outside-10k
悠久,outside-10k
食前,outside-10k
藤子,outside-10k
服務,outside-10k
友愛,outside-10k
整骨,outside-10k
製菓,outside-10k
セクト,outside-10k
知らん顔,outside-10k
関西電力,outside-10k
唆,outside-10k
カトラー,outside-10k
マントル,outside-10k
甲乙,outside-10k
予行,outside-10k
錨,outside-10k
幼子,outside-10k
ほころび,outside-10k
培,outside-10k
拝ん,outside-10k
マイクロバス,outside-10k
立腹,outside-10k
セクシュアリティ,outside-10k
実益,outside-10k
ドナウ,outside-10k
山頭火,outside-10k
結び目,outside-10k
呆然,outside-10k
片手間,outside-10k
ホクホク,outside-10k
主意,outside-10k
組める,outside-10k
逃れよ,outside-10k
ヨリ,outside-10k
応戦,outside-10k
健治,outside-10k
広汎,outside-10k
スカーレット,outside-10k
吐息,outside-10k
とがめ,outside-10k
実る,outside-10k
栄華,outside-10k
走り抜け,outside-10k
猜疑,outside-10k
すませる,outside-10k
ユウキ,outside-10k
緩く,outside-10k
ガウディ,outside-10k
つどい,outside-10k
モンテカルロ,outside-10k
立ち直れ,outside-10k
茨,outside-10k
借入れ,outside-10k
泳げる,outside-10k
献花,outside-10k
キャッツ,outside-10k
イレッサ,outside-10k
おさん,outside-10k
与太,outside-10k
纏っ,outside-10k
自ずから,outside-10k
怖がっ,outside-10k
南太平洋,outside-10k
モロに,outside-10k
往診,outside-10k
屯,outside-10k
ズク,outside-10k
ジー,outside-10k
信彦,outside-10k
戸外,outside-10k
ホームシック,outside-10k
書換,outside-10k
作付,outside-10k
輪島,outside-10k
寄せ付け,outside-10k
テレフォニカ,outside-10k
寨,outside-10k
壮麗,outside-10k
人民日報,outside-10k
労作,outside-10k
南仏,outside-10k
植草,outside-10k
心神喪失,outside-10k
サフラン,outside-10k
アユタヤ,outside-10k
竹山,outside-10k
応接間,outside-10k
吊り上げ,outside-10k
愁,outside-10k
詠,outside-10k
謡,outside-10k
僧院,outside-10k
成案,outside-10k
光り輝く,outside-10k
西風,outside-10k
先頃,outside-10k
言い出す,outside-10k
全国ネット,outside-10k
切り替わり,outside-10k
改心,outside-10k
切り取る,outside-10k
酩酊,outside-10k
寂,outside-10k
クルージング,outside-10k
瓶詰め,outside-10k
ムン,outside-10k
全日,outside-10k
トタン,outside-10k
いため,outside-10k
間奏,outside-10k
毛嫌い,outside-10k
シャドウ,outside-10k
寛之,outside-10k
山歩き,outside-10k
金光,outside-10k
ヒマワリ,outside-10k
器楽,outside-10k
しょっぱい,outside-10k
到,outside-10k
守衛,outside-10k
妖しい,outside-10k
ファクタ,outside-10k
ティナ,outside-10k
治まっ,outside-10k
刷り込み,outside-10k
沙漠,outside-10k
ペプシ,outside-10k
根深い,outside-10k
黒崎,outside-10k
ノコギリ,outside-10k
分け前,outside-10k
結び付い,outside-10k
概括,outside-10k
罹っ,outside-10k
シノ,outside-10k
九つ,outside-10k
ダンテ,outside-10k
動きだし,outside-10k
國男,outside-10k
手薄,outside-10k
地階,outside-10k
偏る,outside-10k
天子,outside-10k
出金,outside-10k
卦,outside-10k
ニュ,outside-10k
雑居,outside-10k
ムンバイ,outside-10k
泰子,outside-10k
もち米,outside-10k
アスピリン,outside-10k
得れ,outside-10k
薫り,outside-10k
めんどくさく,outside-10k
首藤,outside-10k
端午,outside-10k
ザンビア,outside-10k
熙,outside-10k
人当り,outside-10k
閥,outside-10k
ｉモード,outside-10k
ヴィラ,outside-10k
厚意,outside-10k
サブシステム,outside-10k
巨体,outside-10k
所産,outside-10k
禊,outside-10k
松明,outside-10k
朕,outside-10k
巨木,outside-10k
スケープゴート,outside-10k
りき,outside-10k
浮世,outside-10k
遊休,outside-10k
羽鳥,outside-10k
栄養分,outside-10k
歓待,outside-10k
砂防,outside-10k
再任,outside-10k
ひみ,outside-10k
元老,outside-10k
中前,outside-10k
五十音,outside-10k
ミチル,outside-10k
主従,outside-10k
暗かっ,outside-10k
オードリー,outside-10k
立ち尽くし,outside-10k
恒雄,outside-10k
正攻法,outside-10k
將,outside-10k
終生,outside-10k
山門,outside-10k
眦,outside-10k
走ろ,outside-10k
パンプキン,outside-10k
全壊,outside-10k
クルミ,outside-10k
乗り降り,outside-10k
形作ら,outside-10k
控室,outside-10k
シース,outside-10k
身だしなみ,outside-10k
サクッ,outside-10k
蓋然性,outside-10k
觚,outside-10k
偏屈,outside-10k
鞠,outside-10k
みずみずしい,outside-10k
ジョーイ,outside-10k
ロッシ,outside-10k
怯える,outside-10k
ハイツ,outside-10k
撒か,outside-10k
ゴ,outside-10k
枯れる,outside-10k
封じる,outside-10k
雨量,outside-10k
陰気,outside-10k
並外れ,outside-10k
府民,outside-10k
ルーヴル,outside-10k
激昂,outside-10k
誘因,outside-10k
オジさん,outside-10k
穿い,outside-10k
すべからく,outside-10k
蚤,outside-10k
叉,outside-10k
善き,outside-10k
エリカ,outside-10k
もろみ,outside-10k
ダンディー,outside-10k
法相,outside-10k
北半球,outside-10k
カレル,outside-10k
饗宴,outside-10k
無重力,outside-10k
ぽか,outside-10k
いたわり,outside-10k
識別子,outside-10k
思潮,outside-10k
ふくらませ,outside-10k
禎,outside-10k
込み入っ,outside-10k
里芋,outside-10k
インドア,outside-10k
締切り,outside-10k
棒読み,outside-10k
保田,outside-10k
へたくそ,outside-10k
ホック,outside-10k
まさき,outside-10k
前哨,outside-10k
さしあたっ,outside-10k
よばれ,outside-10k
がさ,outside-10k
野上,outside-10k
多喜二,outside-10k
不敵,outside-10k
赤飯,outside-10k
ベーカー,outside-10k
マコト,outside-10k
雑事,outside-10k
唸る,outside-10k
後宮,outside-10k
あひる,outside-10k
古河,outside-10k
孝雄,outside-10k
東独,outside-10k
陥れる,outside-10k
手伝わ,outside-10k
ピオ,outside-10k
不意打ち,outside-10k
落ちぶれ,outside-10k
入射,outside-10k
まじき,outside-10k
肩書,outside-10k
空挺,outside-10k
安寧,outside-10k
在米,outside-10k
深々と,outside-10k
レッシグブログクリエイティブ,outside-10k
尾瀬,outside-10k
軽々と,outside-10k
涅槃,outside-10k
充血,outside-10k
ネブ,outside-10k
ノヴァ,outside-10k
詫,outside-10k
麻美,outside-10k
片栗粉,outside-10k
ケシ,outside-10k
罰する,outside-10k
スリープ,outside-10k
骸,outside-10k
冷笑,outside-10k
ハマグリ,outside-10k
下向き,outside-10k
酔わ,outside-10k
ストアー,outside-10k
文壇,outside-10k
ゼニ,outside-10k
静粛,outside-10k
ブースター,outside-10k
リザーブ,outside-10k
万次郎,outside-10k
秤,outside-10k
オーバーラン,outside-10k
インフォプラントメール,outside-10k
聳え,outside-10k
仏法,outside-10k
城主,outside-10k
将兵,outside-10k
香田,outside-10k
冷遇,outside-10k
キク,outside-10k
立石,outside-10k
私論,outside-10k
たしなめ,outside-10k
カペッロ,outside-10k
イディオム,outside-10k
カラカラ,outside-10k
惠,outside-10k
絡み合い,outside-10k
ウブド,outside-10k
嗚咽,outside-10k
ガスコンロ,outside-10k
シーズ,outside-10k
ウィリー,outside-10k
光通信,outside-10k
プエルトリコ,outside-10k
重光,outside-10k
名鑑,outside-10k
投げ込ん,outside-10k
小野田,outside-10k
重版,outside-10k
エバンス,outside-10k
隆夫,outside-10k
磁,outside-10k
あつい,outside-10k
ガッチリ,outside-10k
血の気,outside-10k
今昔,outside-10k
ちくしょう,outside-10k
ケースバイケース,outside-10k
道幅,outside-10k
プチッ,outside-10k
けむ,outside-10k
よび,outside-10k
ワンセット,outside-10k
ダンカン,outside-10k
ヒンズー,outside-10k
ざく,outside-10k
沢村,outside-10k
評伝,outside-10k
出逢っ,outside-10k
ラストスパート,outside-10k
出回り,outside-10k
安斎,outside-10k
ザイケン,outside-10k
櫛,outside-10k
埋まり,outside-10k
集めよ,outside-10k
通牒,outside-10k
スクリーンセーバー,outside-10k
まこ,outside-10k
ボイル,outside-10k
スローモーション,outside-10k
冬物,outside-10k
タトゥー,outside-10k
曝さ,outside-10k
分煙,outside-10k
鐐,outside-10k
両極,outside-10k
そよ風,outside-10k
しけ,outside-10k
コンビナート,outside-10k
釣具,outside-10k
独唱,outside-10k
文藝,outside-10k
乾かす,outside-10k
ひき逃げ,outside-10k
形象,outside-10k
フィー,outside-10k
畠,outside-10k
引っかけ,outside-10k
ウンチク,outside-10k
千歳空港,outside-10k
攘夷,outside-10k
則り,outside-10k
煌,outside-10k
傍若無人,outside-10k
気違い,outside-10k
被弾,outside-10k
旨かっ,outside-10k
うわべ,outside-10k
暫時,outside-10k
色鉛筆,outside-10k
陣容,outside-10k
ファシリテーター,outside-10k
小布施,outside-10k
恥辱,outside-10k
決壊,outside-10k
ベニス,outside-10k
思い知っ,outside-10k
害悪,outside-10k
眼力,outside-10k
残響,outside-10k
ポプラ,outside-10k
二院,outside-10k
お巡りさん,outside-10k
松中,outside-10k
縁遠い,outside-10k
ざし,outside-10k
揺らす,outside-10k
エスター,outside-10k
トオル,outside-10k
ブロ,outside-10k
軍医,outside-10k
煎り,outside-10k
西日,outside-10k
パーマー,outside-10k
煩わしい,outside-10k
宝飾,outside-10k
ミスチル,outside-10k
巻物,outside-10k
隠喩,outside-10k
持ち込め,outside-10k
澄まし,outside-10k
試掘,outside-10k
シャドーイング,outside-10k
突っ,outside-10k
証左,outside-10k
任官,outside-10k
稚,outside-10k
マッシュ,outside-10k
共助,outside-10k
広帯域,outside-10k
組閣,outside-10k
離反,outside-10k
全快,outside-10k
切れ端,outside-10k
ひな祭り,outside-10k
ベティス,outside-10k
一朗,outside-10k
保税,outside-10k
産院,outside-10k
切り売り,outside-10k
転調,outside-10k
暴君,outside-10k
食らい,outside-10k
アボカド,outside-10k
ノートブック,outside-10k
綴じ,outside-10k
戦史,outside-10k
北條,outside-10k
ライプツィヒ,outside-10k
孝夫,outside-10k
絢,outside-10k
ずぶ濡れ,outside-10k
ナイトクラブ,outside-10k
教典,outside-10k
張り合い,outside-10k
用心棒,outside-10k
はらわ,outside-10k
シロウト,outside-10k
支点,outside-10k
スピーディ,outside-10k
始まろ,outside-10k
区切る,outside-10k
窮乏,outside-10k
裕次郎,outside-10k
ミニゲーム,outside-10k
怒号,outside-10k
スポーク,outside-10k
伽藍,outside-10k
チノ,outside-10k
キイ,outside-10k
甲羅,outside-10k
カトリーヌ,outside-10k
かすん,outside-10k
油揚げ,outside-10k
出水,outside-10k
風穴,outside-10k
酒好き,outside-10k
物量,outside-10k
マート,outside-10k
打ち消し,outside-10k
門番,outside-10k
曲解,outside-10k
硬度,outside-10k
直列,outside-10k
コミッショナー,outside-10k
憂国,outside-10k
マンダラ,outside-10k
小沼,outside-10k
いるか,outside-10k
蜃気楼,outside-10k
イッキ,outside-10k
ユキノ,outside-10k
口内炎,outside-10k
不道徳,outside-10k
連銀,outside-10k
ミルフィア,outside-10k
日本レコード協会,outside-10k
的場,outside-10k
松嶋,outside-10k
まんべんなく,outside-10k
持ち寄り,outside-10k
読みとる,outside-10k
依る,outside-10k
道ばた,outside-10k
給仕,outside-10k
木更津,outside-10k
登れ,outside-10k
ミズーリ,outside-10k
些か,outside-10k
セ・リーグ,outside-10k
パーソナリティー,outside-10k
おまわりさん,outside-10k
花開く,outside-10k
軍閥,outside-10k
石丸,outside-10k
曼荼羅,outside-10k
いとわ,outside-10k
軽々,outside-10k
ふさぐ,outside-10k
言い逃れ,outside-10k
花盛り,outside-10k
ジメジメ,outside-10k
エスコート,outside-10k
テッカ,outside-10k
ウェーブ,outside-10k
盟主,outside-10k
法皇,outside-10k
あわや,outside-10k
山猫,outside-10k
ひんぱん,outside-10k
四捨五入,outside-10k
カンカン,outside-10k
伊勢崎,outside-10k
神林,outside-10k
眩暈,outside-10k
遊び人,outside-10k
乗用,outside-10k
ヒョードル,outside-10k
めざましい,outside-10k
拡声,outside-10k
乗り合わせ,outside-10k
清明,outside-10k
まかさ,outside-10k
アサヒビール,outside-10k
二段,outside-10k
ホスピタリティ,outside-10k
敏捷,outside-10k
土居,outside-10k
ラクロス,outside-10k
スッポン,outside-10k
レズ,outside-10k
液状,outside-10k
エロティック,outside-10k
休学,outside-10k
水溶,outside-10k
ホアキン,outside-10k
分厚く,outside-10k
抜け目,outside-10k
瞳孔,outside-10k
逞しい,outside-10k
死生,outside-10k
新劇,outside-10k
連弾,outside-10k
ほうき,outside-10k
三和,outside-10k
武官,outside-10k
隠匿,outside-10k
草紙,outside-10k
うすうす,outside-10k
御返事,outside-10k
左遷,outside-10k
殉職,outside-10k
スピッツ,outside-10k
珍しかっ,outside-10k
引き込ん,outside-10k
ハウツー,outside-10k
ゼッケン,outside-10k
もてなす,outside-10k
ゴング,outside-10k
新渡戸,outside-10k
たくみ,outside-10k
獏,outside-10k
騒々しい,outside-10k
なんてこった,outside-10k
田尻,outside-10k
すする,outside-10k
隼雄,outside-10k
ダチョウ,outside-10k
嫌煙,outside-10k
むすび,outside-10k
一問一答,outside-10k
ご利益,outside-10k
蔡,outside-10k
品数,outside-10k
ガエル,outside-10k
もうちょい,outside-10k
ポーラ,outside-10k
せせらぎ,outside-10k
一目散,outside-10k
押し売り,outside-10k
シモ,outside-10k
ほほえましい,outside-10k
イル,outside-10k
乾物,outside-10k
湖面,outside-10k
送り込み,outside-10k
ジェラルド,outside-10k
ブサイク,outside-10k
ソロアルバム,outside-10k
甘受,outside-10k
うずくまっ,outside-10k
セマンティック,outside-10k
コンペティション,outside-10k
シップ,outside-10k
安けれ,outside-10k
東海道新幹線,outside-10k
重体,outside-10k
パトリオット,outside-10k
ロブスター,outside-10k
爭,outside-10k
うさんくさい,outside-10k
そうなる,outside-10k
打ち止め,outside-10k
フラク,outside-10k
着衣,outside-10k
ジャスティン,outside-10k
眠たい,outside-10k
リーダーズ,outside-10k
久里,outside-10k
狩野,outside-10k
生みだす,outside-10k
スキンシップ,outside-10k
倍数,outside-10k
蓄える,outside-10k
参詣,outside-10k
スノボ,outside-10k
探ろ,outside-10k
立ち上がれ,outside-10k
位階,outside-10k
主夫,outside-10k
カムバック,outside-10k
多元的,outside-10k
船旅,outside-10k
雛形,outside-10k
うぬぼれ,outside-10k
馘,outside-10k
変速,outside-10k
大修館書店,outside-10k
サンスクリット,outside-10k
コリント,outside-10k
餤,outside-10k
隠れ蓑,outside-10k
楽天的,outside-10k
ボラティリティ,outside-10k
大滝,outside-10k
クリスマスカード,outside-10k
違約,outside-10k
因果応報,outside-10k
孝一,outside-10k
雲仙,outside-10k
ろ過,outside-10k
アグネス,outside-10k
ウグイス,outside-10k
厄年,outside-10k
ミッドナイト,outside-10k
プライマリ,outside-10k
グリーンランド,outside-10k
仙石,outside-10k
万世,outside-10k
ファクシミリ,outside-10k
惜しく,outside-10k
差分,outside-10k
きだ,outside-10k
交通網,outside-10k
すすっ,outside-10k
一枚岩,outside-10k
縛り付け,outside-10k
おす,outside-10k
横溝,outside-10k
制す,outside-10k
プロポーション,outside-10k
ゲッツ,outside-10k
楼閣,outside-10k
サタ,outside-10k
早慶,outside-10k
ロングラン,outside-10k
決死,outside-10k
三喜男,outside-10k
こねる,outside-10k
ぴたりと,outside-10k
宮部,outside-10k
トロツキズム,outside-10k
バート,outside-10k
必定,outside-10k
クロスカントリー,outside-10k
番線,outside-10k
放免,outside-10k
アレイ,outside-10k
上端,outside-10k
浅見,outside-10k
押し入れ,outside-10k
相姦,outside-10k
誓,outside-10k
潜伏期,outside-10k
上棟,outside-10k
はめる,outside-10k
しくしく,outside-10k
アーノルド,outside-10k
年功,outside-10k
偏頭痛,outside-10k
荷風,outside-10k
ミッチェル,outside-10k
めぼしい,outside-10k
あびる,outside-10k
蔦,outside-10k
呼び捨て,outside-10k
過半,outside-10k
光輝,outside-10k
自暴自棄,outside-10k
十人十色,outside-10k
小数点,outside-10k
適地,outside-10k
空地,outside-10k
開けよ,outside-10k
買占め,outside-10k
連射,outside-10k
一攫千金,outside-10k
アントワープ,outside-10k
サムソン,outside-10k
傍目,outside-10k
ふらりと,outside-10k
書き添え,outside-10k
おひたし,outside-10k
清書,outside-10k
南北朝鮮,outside-10k
自主権,outside-10k
戦意,outside-10k
ニセコ,outside-10k
銅メダル,outside-10k
遊女,outside-10k
そめ,outside-10k
薄れる,outside-10k
企み,outside-10k
咸,outside-10k
玉井,outside-10k
弱まる,outside-10k
風向,outside-10k
テリロジーノーテル,outside-10k
生き返っ,outside-10k
惺,outside-10k
ゲートボール,outside-10k
なくそ,outside-10k
あずま,outside-10k
思わせぶり,outside-10k
品等,outside-10k
イタチ,outside-10k
大軍,outside-10k
早春,outside-10k
スチュワート,outside-10k
既往,outside-10k
イサム,outside-10k
心強く,outside-10k
申し込ま,outside-10k
漢詩,outside-10k
ミッキーマウス,outside-10k
阻ん,outside-10k
突飛,outside-10k
サロメ,outside-10k
さがす,outside-10k
昌子,outside-10k
棋聖,outside-10k
惟,outside-10k
褥,outside-10k
チエ,outside-10k
ディノ,outside-10k
胎内,outside-10k
パロディー,outside-10k
垂水,outside-10k
木曽川,outside-10k
っきゃ,outside-10k
ドリフ,outside-10k
エナン,outside-10k
敏雄,outside-10k
ベルン,outside-10k
負け惜しみ,outside-10k
朝鮮労働党,outside-10k
クレヨンしんちゃん,outside-10k
足許,outside-10k
夢み,outside-10k
店構え,outside-10k
三日坊主,outside-10k
システムエンジニア,outside-10k
食い違う,outside-10k
インターホン,outside-10k
船便,outside-10k
やるせない,outside-10k
アーネスト,outside-10k
ポリエチレン,outside-10k
フィジー,outside-10k
レーマン,outside-10k
思は,outside-10k
砂田,outside-10k
コミュニケート,outside-10k
はげしい,outside-10k
エーゲ海,outside-10k
モーゼ,outside-10k
大坪,outside-10k
仲よく,outside-10k
お山,outside-10k
ラピュタ,outside-10k
ヨブ,outside-10k
アボリジニー,outside-10k
番犬,outside-10k
チラリ,outside-10k
美麗,outside-10k
複式,outside-10k
対米,outside-10k
松葉杖,outside-10k
秘術,outside-10k
豚汁,outside-10k
トリッキー,outside-10k
半値,outside-10k
なまっ,outside-10k
お釈迦さま,outside-10k
松澤,outside-10k
一念発起,outside-10k
ナブルス,outside-10k
暗澹,outside-10k
起さ,outside-10k
廼,outside-10k
男声,outside-10k
食わず嫌い,outside-10k
ミーナ,outside-10k
丹生,outside-10k
閔妃,outside-10k
ダイエットサプリメント,outside-10k
色褪せ,outside-10k
青銅,outside-10k
起ら,outside-10k
ユイ,outside-10k
ウィット,outside-10k
ポツリ,outside-10k
ダビンチ,outside-10k
ガツガツ,outside-10k
ショボ,outside-10k
武山,outside-10k
こめかみ,outside-10k
命懸け,outside-10k
お悔やみ,outside-10k
ノンバンク,outside-10k
尊大,outside-10k
中宮,outside-10k
選び出し,outside-10k
聴こ,outside-10k
ビルバオ,outside-10k
ヘイ,outside-10k
勧業,outside-10k
小雪,outside-10k
重松,outside-10k
不連続,outside-10k
隠語,outside-10k
寝付け,outside-10k
容態,outside-10k
教則,outside-10k
ヴィザ,outside-10k
虚弱,outside-10k
濁り,outside-10k
砂時計,outside-10k
粉じん,outside-10k
居所,outside-10k
ばらまき,outside-10k
捕え,outside-10k
内出血,outside-10k
完ぺき,outside-10k
心根,outside-10k
考え直さ,outside-10k
まつげ,outside-10k
気弱,outside-10k
トマソン,outside-10k
起承転結,outside-10k
妙味,outside-10k
冨田,outside-10k
胸中,outside-10k
樹海,outside-10k
生半可,outside-10k
一夫多妻,outside-10k
押し込み,outside-10k
カンテ,outside-10k
惚れ惚れ,outside-10k
せろ,outside-10k
七郎,outside-10k
親衛隊,outside-10k
避,outside-10k
シャンペン,outside-10k
習志野,outside-10k
ニューギニア,outside-10k
待子,outside-10k
詰問,outside-10k
愛でる,outside-10k
あずかる,outside-10k
ゴールデンタイム,outside-10k
急所,outside-10k
スクイーク,outside-10k
辻本,outside-10k
嫡出,outside-10k
ター,outside-10k
坂元,outside-10k
ルドルフ,outside-10k
つかさ,outside-10k
溺れる,outside-10k
二の足,outside-10k
駆け込む,outside-10k
木本,outside-10k
不朽,outside-10k
冷たかっ,outside-10k
ブッキング,outside-10k
見物人,outside-10k
するする,outside-10k
相乗り,outside-10k
惜しかっ,outside-10k
滑空,outside-10k
事なき,outside-10k
捉,outside-10k
うぶ,outside-10k
あわよくば,outside-10k
へび,outside-10k
ポケベル,outside-10k
白夜,outside-10k
セダー,outside-10k
遠巻き,outside-10k
立ちはだかっ,outside-10k
岡原,outside-10k
勝田,outside-10k
土用,outside-10k
草食,outside-10k
金策,outside-10k
軍手,outside-10k
風雨,outside-10k
質屋,outside-10k
断た,outside-10k
林田,outside-10k
則し,outside-10k
伍長,outside-10k
道連れ,outside-10k
近視眼,outside-10k
デイズ,outside-10k
人家,outside-10k
科技,outside-10k
ふところ,outside-10k
若草,outside-10k
馴染む,outside-10k
ホッパー,outside-10k
フォーミュラ,outside-10k
チャオ,outside-10k
ソシオ,outside-10k
幼く,outside-10k
草履,outside-10k
ハンブルグ,outside-10k
心頭,outside-10k
小菅,outside-10k
乃木,outside-10k
ひろく,outside-10k
ガチャガチャ,outside-10k
飛び上がっ,outside-10k
書き写し,outside-10k
推量,outside-10k
ギプス,outside-10k
深々,outside-10k
文理,outside-10k
伸ばそ,outside-10k
乱数,outside-10k
燃え上がる,outside-10k
小腹,outside-10k
みうら,outside-10k
蒔き,outside-10k
ペニ,outside-10k
竹刀,outside-10k
宇田川,outside-10k
清朝,outside-10k
水鳥,outside-10k
聞き覚え,outside-10k
省か,outside-10k
小村,outside-10k
エナメル,outside-10k
譯,outside-10k
高潮,outside-10k
新しき,outside-10k
冥,outside-10k
離れ離れ,outside-10k
確かめよ,outside-10k
パートナーズ,outside-10k
多人数,outside-10k
リバータリアニズム,outside-10k
コレクト,outside-10k
手描き,outside-10k
蛮行,outside-10k
三橋,outside-10k
だいぶん,outside-10k
日枝,outside-10k
平価,outside-10k
ファシリテータ,outside-10k
殴り合い,outside-10k
泣き叫ぶ,outside-10k
馬頭,outside-10k
静まり返っ,outside-10k
おおさか,outside-10k
減産,outside-10k
清二,outside-10k
大城,outside-10k
住まう,outside-10k
頂こ,outside-10k
三権分立,outside-10k
全責任,outside-10k
稲穂,outside-10k
瘡,outside-10k
番茶,outside-10k
シッカリ,outside-10k
切羽詰っ,outside-10k
どれどれ,outside-10k
一際,outside-10k
敷物,outside-10k
ちゃんぽん,outside-10k
信用度,outside-10k
シフォン,outside-10k
磯部,outside-10k
なりゃ,outside-10k
ワトスン,outside-10k
丸橋,outside-10k
油分,outside-10k
古めかしい,outside-10k
七人の侍,outside-10k
あしらわ,outside-10k
けいれん,outside-10k
可愛らしく,outside-10k
真紅,outside-10k
尚美,outside-10k
年取っ,outside-10k
ボルネオ,outside-10k
エメ,outside-10k
茶園,outside-10k
プードル,outside-10k
凡そ,outside-10k
躰,outside-10k
異臭,outside-10k
朝焼け,outside-10k
プラド,outside-10k
挿,outside-10k
ツカ,outside-10k
激震,outside-10k
アロエ,outside-10k
マーキュリー,outside-10k
放り込ま,outside-10k
全速力,outside-10k
逆上,outside-10k
言行,outside-10k
涙ぐん,outside-10k
荒々しい,outside-10k
松林,outside-10k
漏らさ,outside-10k
あずかり,outside-10k
四角形,outside-10k
賀陽,outside-10k
突き刺さる,outside-10k
険,outside-10k
埋め合わせ,outside-10k
みほ,outside-10k
仁川,outside-10k
レジデント,outside-10k
磁性,outside-10k
球形,outside-10k
萃,outside-10k
きらめき,outside-10k
立ち回り,outside-10k
樵,outside-10k
ちゃり,outside-10k
洞穴,outside-10k
洗い物,outside-10k
賭,outside-10k
来たす,outside-10k
物干し,outside-10k
カントリークラブ,outside-10k
プット,outside-10k
いだい,outside-10k
繰,outside-10k
風光,outside-10k
検死,outside-10k
川俣,outside-10k
ミネアポリス,outside-10k
便箋,outside-10k
フィドル,outside-10k
穀,outside-10k
祝杯,outside-10k
冷める,outside-10k
告ぐ,outside-10k
繍,outside-10k
未登録,outside-10k
訳註,outside-10k
アルビレックス,outside-10k
地権,outside-10k
俎上,outside-10k
鵜,outside-10k
招請,outside-10k
荒俣,outside-10k
アソシエイト,outside-10k
落ち着ける,outside-10k
同庁,outside-10k
立ち向かい,outside-10k
波状,outside-10k
マザコン,outside-10k
平岩,outside-10k
経済同友会,outside-10k
正誤,outside-10k
床の間,outside-10k
ななめ,outside-10k
ほかなり,outside-10k
獅子舞,outside-10k
ウィング,outside-10k
花井,outside-10k
胃がん,outside-10k
書き言葉,outside-10k
ジャグリング,outside-10k
奈緒子,outside-10k
くるっ,outside-10k
金縛り,outside-10k
いらだち,outside-10k
生き返る,outside-10k
思い付き,outside-10k
シア,outside-10k
アルモドバル,outside-10k
正広,outside-10k
オックスフォード大学,outside-10k
雨宮,outside-10k
無頼,outside-10k
徒労,outside-10k
史記,outside-10k
三つ子,outside-10k
二子,outside-10k
銀貨,outside-10k
真昼,outside-10k
織り成す,outside-10k
新鮮味,outside-10k
村中,outside-10k
出揃っ,outside-10k
飲み込み,outside-10k
松前,outside-10k
納まっ,outside-10k
もんじゅ,outside-10k
ファンタジスタ,outside-10k
こうむる,outside-10k
凍死,outside-10k
白昼,outside-10k
飛行機雲,outside-10k
新町,outside-10k
座頭,outside-10k
おそ,outside-10k
スパイダー,outside-10k
菩提樹,outside-10k
マビノギ,outside-10k
身上,outside-10k
紅色,outside-10k
ならぶ,outside-10k
謙三,outside-10k
とりかかる,outside-10k
ひとしく,outside-10k
郁子,outside-10k
あせ,outside-10k
ポリオ,outside-10k
張り詰め,outside-10k
畏れ,outside-10k
喰らう,outside-10k
モノラル,outside-10k
手強い,outside-10k
門下生,outside-10k
狂わせ,outside-10k
おくり,outside-10k
いきおい,outside-10k
げんなり,outside-10k
及第,outside-10k
尖塔,outside-10k
触法,outside-10k
バイブ,outside-10k
エメルソン,outside-10k
とくとく,outside-10k
抜け毛,outside-10k
由紀恵,outside-10k
贋作,outside-10k
適職,outside-10k
ちょこんと,outside-10k
富野,outside-10k
チャプター,outside-10k
暗部,outside-10k
重金属,outside-10k
盃,outside-10k
遅々と,outside-10k
ポロポロ,outside-10k
合格者数,outside-10k
鼓膜,outside-10k
カンプ,outside-10k
読みかけ,outside-10k
継ぎ目,outside-10k
猛獣,outside-10k
わせ,outside-10k
立ち返っ,outside-10k
冷え込む,outside-10k
御多忙,outside-10k
診査,outside-10k
修養,outside-10k
水冷,outside-10k
謝意,outside-10k
理想郷,outside-10k
日額,outside-10k
核ミサイル,outside-10k
陰り,outside-10k
撮像,outside-10k
脇腹,outside-10k
長澤,outside-10k
向こう岸,outside-10k
海老名,outside-10k
見出そ,outside-10k
癒え,outside-10k
甘えん坊,outside-10k
すばやい,outside-10k
取り合う,outside-10k
カマキリ,outside-10k
衒,outside-10k
酒巻,outside-10k
特報,outside-10k
黒部,outside-10k
忠義,outside-10k
血栓,outside-10k
オイディプス,outside-10k
ヤニ,outside-10k
凶作,outside-10k
おっかさん,outside-10k
試薬,outside-10k
コックピット,outside-10k
ヘロイン,outside-10k
憤,outside-10k
国際連盟,outside-10k
えんえん,outside-10k
込み上げ,outside-10k
悦び,outside-10k
チャーム,outside-10k
ビスタ,outside-10k
宿営,outside-10k
十戒,outside-10k
薄毛,outside-10k
フランケンシュタイン,outside-10k
表立っ,outside-10k
バイアグラ,outside-10k
カーティス,outside-10k
与件,outside-10k
無敗,outside-10k
神職,outside-10k
モンテディオ,outside-10k
パタパタ,outside-10k
芹沢,outside-10k
凄腕,outside-10k
食指,outside-10k
ピクレル,outside-10k
採光,outside-10k
オーバーチュア,outside-10k
神経痛,outside-10k
春夫,outside-10k
ひろっ,outside-10k
外敵,outside-10k
モリゾー,outside-10k
陀,outside-10k
海風,outside-10k
ブラケット,outside-10k
強し,outside-10k
たまごっち,outside-10k
ストラテジー,outside-10k
シフ,outside-10k
ヒラ,outside-10k
飄々,outside-10k
出島,outside-10k
井深,outside-10k
敷衍,outside-10k
危なかっ,outside-10k
溜池,outside-10k
なだめる,outside-10k
小数,outside-10k
空欄,outside-10k
然るに,outside-10k
偕成社,outside-10k
蒸し暑,outside-10k
一輪,outside-10k
暖冬,outside-10k
オンライントレード,outside-10k
重信,outside-10k
ミハイル,outside-10k
滸,outside-10k
講釈,outside-10k
晴美,outside-10k
大和田,outside-10k
水草,outside-10k
マテリアル,outside-10k
進軍,outside-10k
北田,outside-10k
七草,outside-10k
雑然と,outside-10k
アプレット,outside-10k
てろ,outside-10k
ジニ,outside-10k
案山子,outside-10k
柳家,outside-10k
御苑,outside-10k
うつわ,outside-10k
飛び抜け,outside-10k
プラウダ,outside-10k
大須,outside-10k
大沼,outside-10k
怖がる,outside-10k
丱,outside-10k
イレギュラー,outside-10k
胡瓜,outside-10k
甲南,outside-10k
拡幅,outside-10k
執り行わ,outside-10k
沖電気,outside-10k
待ちわび,outside-10k
硫黄島,outside-10k
ウディ,outside-10k
下っ端,outside-10k
装幀,outside-10k
フォルテ,outside-10k
再臨,outside-10k
清純,outside-10k
菊川,outside-10k
声帯,outside-10k
髪形,outside-10k
過少,outside-10k
サナギ,outside-10k
なおっ,outside-10k
二言,outside-10k
紙おむつ,outside-10k
リエル,outside-10k
魔性,outside-10k
放蕩,outside-10k
初々しい,outside-10k
被用者,outside-10k
不燃,outside-10k
弄,outside-10k
さては,outside-10k
聖典,outside-10k
カレント,outside-10k
アハハ,outside-10k
ユニゾン,outside-10k
ブリット,outside-10k
寒風,outside-10k
乗換,outside-10k
隆司,outside-10k
シェアリング,outside-10k
断わり,outside-10k
米屋,outside-10k
勃興,outside-10k
端々,outside-10k
論題,outside-10k
ジーノ,outside-10k
日雇,outside-10k
サバンナ,outside-10k
下火,outside-10k
暖める,outside-10k
示威,outside-10k
朝霞,outside-10k
ラニア,outside-10k
本則,outside-10k
美和,outside-10k
グングン,outside-10k
軟式,outside-10k
離れよ,outside-10k
ボウイ,outside-10k
出資法,outside-10k
稲城,outside-10k
なくし,outside-10k
硫化,outside-10k
ダグ,outside-10k
メイト,outside-10k
お人好し,outside-10k
漆器,outside-10k
所期,outside-10k
蔵王,outside-10k
肉じゃが,outside-10k
隔月,outside-10k
テーピング,outside-10k
桓,outside-10k
華々しい,outside-10k
やえ,outside-10k
逓減,outside-10k
芝浦,outside-10k
ロイヤリティ,outside-10k
トラベラー,outside-10k
異存,outside-10k
エフェクター,outside-10k
凱,outside-10k
エクステンション,outside-10k
フェイク,outside-10k
無粋,outside-10k
夜逃げ,outside-10k
跳ん,outside-10k
かもし出し,outside-10k
漕ぐ,outside-10k
懇意,outside-10k
ヤジ,outside-10k
棲息,outside-10k
平方キロ,outside-10k
わたしゃ,outside-10k
アドリアーノ,outside-10k
早送り,outside-10k
用いれ,outside-10k
とつぜん,outside-10k
紳助,outside-10k
脈拍,outside-10k
じろう,outside-10k
なおのこと,outside-10k
糸川,outside-10k
晴海,outside-10k
素っ気,outside-10k
さまで,outside-10k
悩ます,outside-10k
坂上,outside-10k
引き込み,outside-10k
諭し,outside-10k
繰り延べ,outside-10k
霖,outside-10k
飛び回る,outside-10k
かあさん,outside-10k
船主,outside-10k
くちびる,outside-10k
読み比べ,outside-10k
霆,outside-10k
はぐくむ,outside-10k
雅人,outside-10k
フミ,outside-10k
熟達,outside-10k
沈ま,outside-10k
アッラー,outside-10k
のびる,outside-10k
風の音,outside-10k
キティちゃん,outside-10k
位牌,outside-10k
立候補者,outside-10k
ベストプラクティス,outside-10k
易しく,outside-10k
欧文,outside-10k
恋歌,outside-10k
黒海,outside-10k
治郎,outside-10k
ブログアフィリエイト,outside-10k
もとめる,outside-10k
志摩,outside-10k
胡散臭,outside-10k
軽装,outside-10k
ダフ,outside-10k
眠かっ,outside-10k
絲,outside-10k
怖がら,outside-10k
所業,outside-10k
取れれ,outside-10k
弘法大師,outside-10k
非同期,outside-10k
スライディング,outside-10k
小宇宙,outside-10k
浸かり,outside-10k
シャットアウト,outside-10k
後尾,outside-10k
凍,outside-10k
ナヌム,outside-10k
咲か,outside-10k
讃える,outside-10k
避暑,outside-10k
紛議,outside-10k
賜,outside-10k
孝之,outside-10k
計略,outside-10k
匿,outside-10k
追い抜い,outside-10k
白痴,outside-10k
胎動,outside-10k
病態,outside-10k
メリカ,outside-10k
単刀直入,outside-10k
独房,outside-10k
出尽くし,outside-10k
プリキュア,outside-10k
ケニヤ,outside-10k
セントレア,outside-10k
付き合え,outside-10k
やめれ,outside-10k
フリーメーソン,outside-10k
まんなか,outside-10k
雪辱,outside-10k
玉城,outside-10k
御利益,outside-10k
遠田,outside-10k
広沢,outside-10k
東都,outside-10k
有り難く,outside-10k
交尾,outside-10k
コンベア,outside-10k
マクラーレン,outside-10k
西条,outside-10k
病変,outside-10k
ずくめ,outside-10k
問え,outside-10k
営為,outside-10k
八丈島,outside-10k
虚し,outside-10k
飲茶,outside-10k
美空,outside-10k
伸びやか,outside-10k
移ろい,outside-10k
遡り,outside-10k
ボーカリスト,outside-10k
明るかっ,outside-10k
さけぶ,outside-10k
一進一退,outside-10k
蒸し暑く,outside-10k
併せ持つ,outside-10k
深山,outside-10k
すわり,outside-10k
御手洗,outside-10k
色づい,outside-10k
全景,outside-10k
淋しく,outside-10k
お茶の水,outside-10k
たたずむ,outside-10k
代々木公園,outside-10k
含めれ,outside-10k
大ちゃん,outside-10k
響か,outside-10k
当ら,outside-10k
プライオリティ,outside-10k
義姉,outside-10k
駆り立てる,outside-10k
分立,outside-10k
矢内,outside-10k
安土,outside-10k
ホッピー,outside-10k
珍し,outside-10k
信行,outside-10k
派出所,outside-10k
ノースカロライナ,outside-10k
伝言板,outside-10k
刑務,outside-10k
溺死,outside-10k
蚊取り線香,outside-10k
そこね,outside-10k
つきつけ,outside-10k
ワイマール,outside-10k
つづら,outside-10k
しょっぱな,outside-10k
バリケード,outside-10k
慘,outside-10k
ルアン,outside-10k
ケ所,outside-10k
受像,outside-10k
碩,outside-10k
園部,outside-10k
前週,outside-10k
飛び散っ,outside-10k
鷹野,outside-10k
ナルシスト,outside-10k
ペガサス,outside-10k
スタイリング,outside-10k
グレゴリー,outside-10k
讃歌,outside-10k
湖北,outside-10k
教条,outside-10k
オクターヴ,outside-10k
菊花賞,outside-10k
育み,outside-10k
蘋,outside-10k
化膿,outside-10k
故国,outside-10k
惨憺,outside-10k
絞れ,outside-10k
回忌,outside-10k
同友会,outside-10k
朱色,outside-10k
焼鳥,outside-10k
伊勢湾,outside-10k
タッキー,outside-10k
多湿,outside-10k
品定め,outside-10k
近寄ら,outside-10k
あこがれる,outside-10k
プロテイン,outside-10k
根抵当,outside-10k
披瀝,outside-10k
前部,outside-10k
捕まら,outside-10k
繰り返せ,outside-10k
隈,outside-10k
人災,outside-10k
泌尿器,outside-10k
柔和,outside-10k
黒住,outside-10k
イチジク,outside-10k
頭でっかち,outside-10k
サーヴィス,outside-10k
ゴキゲン,outside-10k
死霊,outside-10k
ぎくしゃく,outside-10k
慰霊祭,outside-10k
きわまる,outside-10k
中也,outside-10k
さり気,outside-10k
血清,outside-10k
求道,outside-10k
ＰＨＰ研究所,outside-10k
惜敗,outside-10k
ハァハァ,outside-10k
緋,outside-10k
別種,outside-10k
器物,outside-10k
みとめ,outside-10k
ボサノバ,outside-10k
稲川,outside-10k
慶長,outside-10k
潤う,outside-10k
マーガリン,outside-10k
孝子,outside-10k
あずさ,outside-10k
受付け,outside-10k
戯れる,outside-10k
経と,outside-10k
ただ中,outside-10k
俊雄,outside-10k
ベルナール,outside-10k
きたない,outside-10k
名優,outside-10k
クタクタ,outside-10k
ソウ,outside-10k
ロンメル,outside-10k
蕃,outside-10k
一騎打ち,outside-10k
清瀬,outside-10k
翻し,outside-10k
両派,outside-10k
いづみ,outside-10k
全県,outside-10k
偽計,outside-10k
はつぎ,outside-10k
カーライル,outside-10k
エラい,outside-10k
チョップ,outside-10k
佃煮,outside-10k
駒沢,outside-10k
かばう,outside-10k
血族,outside-10k
老婦,outside-10k
飽く,outside-10k
適する,outside-10k
ツバサ,outside-10k
ふくろう,outside-10k
仕訳,outside-10k
公家,outside-10k
腸管,outside-10k
祭ら,outside-10k
休校,outside-10k
歯磨き粉,outside-10k
さとし,outside-10k
イタリー,outside-10k
宮原,outside-10k
天田,outside-10k
チョロ,outside-10k
榮作,outside-10k
来れる,outside-10k
石英,outside-10k
ひっくり返る,outside-10k
カンマ,outside-10k
マグナム,outside-10k
割当て,outside-10k
裁い,outside-10k
辛味,outside-10k
依っ,outside-10k
ローラン,outside-10k
木暮,outside-10k
投射,outside-10k
着飾っ,outside-10k
青野,outside-10k
つがい,outside-10k
猛者,outside-10k
力持ち,outside-10k
妾,outside-10k
先んじ,outside-10k
義妹,outside-10k
浪士,outside-10k
羊羹,outside-10k
セルジオ,outside-10k
ラバ,outside-10k
テキスタイル,outside-10k
艘,outside-10k
中卒,outside-10k
醗酵,outside-10k
中秋,outside-10k
パプリカ,outside-10k
ハーバート,outside-10k
まじっ,outside-10k
民有,outside-10k
小舟,outside-10k
壁掛け,outside-10k
鱈,outside-10k
まわら,outside-10k
手もと,outside-10k
金本位,outside-10k
教学,outside-10k
コミュニケイション,outside-10k
引き離さ,outside-10k
おしめ,outside-10k
コモディティ,outside-10k
吸え,outside-10k
ムツゴロウ,outside-10k
可聴,outside-10k
ペレス,outside-10k
一興,outside-10k
バシバシ,outside-10k
ホンジュラス,outside-10k
おさえる,outside-10k
くつろげる,outside-10k
お互い様,outside-10k
貰お,outside-10k
宇佐美,outside-10k
高僧,outside-10k
メガホン,outside-10k
器量,outside-10k
プルサーマル,outside-10k
本分,outside-10k
撥,outside-10k
饂,outside-10k
ゲーリー,outside-10k
ガイジン,outside-10k
信認,outside-10k
なかよし,outside-10k
いて,outside-10k
ドンキ,outside-10k
織りなす,outside-10k
出足,outside-10k
カシュガル,outside-10k
直せる,outside-10k
桜木町,outside-10k
傾注,outside-10k
かんな,outside-10k
土足,outside-10k
捧ぐ,outside-10k
地の利,outside-10k
菌糸,outside-10k
煎茶,outside-10k
俗称,outside-10k
沖合い,outside-10k
食する,outside-10k
魯迅,outside-10k
動かせ,outside-10k
揉ま,outside-10k
マレ,outside-10k
ソフマップ,outside-10k
鋼板,outside-10k
叩け,outside-10k
鬱憤,outside-10k
青田,outside-10k
フィンガー,outside-10k
微笑ましく,outside-10k
壮行,outside-10k
シータ,outside-10k
トナー,outside-10k
赦,outside-10k
ふりかえっ,outside-10k
のこし,outside-10k
底面,outside-10k
ウォッカ,outside-10k
テムズ,outside-10k
棄,outside-10k
臆病者,outside-10k
しんど,outside-10k
護国,outside-10k
亥,outside-10k
立ち並ん,outside-10k
滑,outside-10k
独力,outside-10k
三船,outside-10k
圧制,outside-10k
草加,outside-10k
川嶋,outside-10k
とりくみ,outside-10k
舞子,outside-10k
湿布,outside-10k
支庁,outside-10k
リカルド,outside-10k
大鷲,outside-10k
鞍馬,outside-10k
シベリウス,outside-10k
脱法,outside-10k
二本立て,outside-10k
返せる,outside-10k
飛び散る,outside-10k
矛,outside-10k
拘る,outside-10k
遮ら,outside-10k
はたと,outside-10k
咲き乱れ,outside-10k
翅,outside-10k
靭帯,outside-10k
残金,outside-10k
くさ,outside-10k
工面,outside-10k
エアロビクス,outside-10k
縁故,outside-10k
貴公子,outside-10k
篠崎,outside-10k
寒河江,outside-10k
本庄,outside-10k
みやげ物,outside-10k
窺わ,outside-10k
指圧,outside-10k
加えれ,outside-10k
訊き,outside-10k
アイタス,outside-10k
言い様,outside-10k
とろみ,outside-10k
アレフ,outside-10k
幕張メッセ,outside-10k
雖,outside-10k
アイオワ,outside-10k
とがっ,outside-10k
康子,outside-10k
青写真,outside-10k
徒弟,outside-10k
絶体絶命,outside-10k
戌,outside-10k
春菊,outside-10k
抜け穴,outside-10k
鼻先,outside-10k
フローチャート,outside-10k
おなじく,outside-10k
鋭利,outside-10k
甲冑,outside-10k
丁稚,outside-10k
ビブラート,outside-10k
素描,outside-10k
他校,outside-10k
いだけ,outside-10k
整地,outside-10k
たかい,outside-10k
域外,outside-10k
ペイジ,outside-10k
やり口,outside-10k
つまびらか,outside-10k
本村,outside-10k
蜀,outside-10k
究,outside-10k
パラソル,outside-10k
一利,outside-10k
塩見,outside-10k
無節操,outside-10k
片腕,outside-10k
カタツムリ,outside-10k
ハビエル,outside-10k
物売り,outside-10k
東久留米,outside-10k
護岸,outside-10k
プレマ,outside-10k
取り押さえ,outside-10k
アラゴン,outside-10k
つまらな,outside-10k
とぐ,outside-10k
閻,outside-10k
根付か,outside-10k
ボヤ,outside-10k
へっぽこ,outside-10k
スターン,outside-10k
アセアン,outside-10k
打ち合せ,outside-10k
アレルゲン,outside-10k
裟,outside-10k
いい気,outside-10k
突っ張り,outside-10k
上の,outside-10k
ホルム,outside-10k
ヨーロピアン,outside-10k
のほほん,outside-10k
へろへろ,outside-10k
フェルメール,outside-10k
ルサンチマン,outside-10k
クローネ,outside-10k
名士,outside-10k
切りかえる,outside-10k
寛子,outside-10k
天城,outside-10k
日暮里,outside-10k
クレオパトラ,outside-10k
隆起,outside-10k
似つか,outside-10k
コードネーム,outside-10k
椒,outside-10k
通りがかり,outside-10k
いかっ,outside-10k
如月,outside-10k
かて,outside-10k
封切り,outside-10k
増水,outside-10k
投げ入れ,outside-10k
バティック,outside-10k
水稲,outside-10k
俟,outside-10k
連れ立っ,outside-10k
イリュージョン,outside-10k
トラッキング,outside-10k
盛田,outside-10k
既報,outside-10k
咥,outside-10k
虚空,outside-10k
会堂,outside-10k
乾か,outside-10k
昭雄,outside-10k
モーメント,outside-10k
鬼才,outside-10k
なえ,outside-10k
ハイスピード,outside-10k
はたらい,outside-10k
カルフール,outside-10k
鋳物,outside-10k
チケットぴあ,outside-10k
現業,outside-10k
運び込ま,outside-10k
気化,outside-10k
ボース,outside-10k
両省,outside-10k
厳戒,outside-10k
日蓮,outside-10k
乗り上げ,outside-10k
くすくす,outside-10k
観れ,outside-10k
うつぶせ,outside-10k
オモシロイ,outside-10k
小鉢,outside-10k
親中,outside-10k
残り物,outside-10k
虚業,outside-10k
袂,outside-10k
育休,outside-10k
暑苦しい,outside-10k
ぐす,outside-10k
たべる,outside-10k
クライシス,outside-10k
にかけまして,outside-10k
一巻,outside-10k
肌色,outside-10k
一澤,outside-10k
これ程,outside-10k
かけ算,outside-10k
天海,outside-10k
かっと,outside-10k
雌雄,outside-10k
インテグレーション,outside-10k
佐和子,outside-10k
にじむ,outside-10k
古道,outside-10k
アンカ,outside-10k
局番,outside-10k
しぶき,outside-10k
鍛冶屋,outside-10k
ローカル線,outside-10k
あけぼの,outside-10k
デザイナ,outside-10k
サウスアイランド,outside-10k
本訴,outside-10k
高千穂,outside-10k
散発,outside-10k
ガタ,outside-10k
抜け殻,outside-10k
イノセンス,outside-10k
育英,outside-10k
ウエット,outside-10k
生者,outside-10k
入魂,outside-10k
若旦那,outside-10k
見城,outside-10k
ジェノサイド,outside-10k
カル,outside-10k
トランクス,outside-10k
怪盗,outside-10k
貞夫,outside-10k
引き抜き,outside-10k
諸兄,outside-10k
あた,outside-10k
あがい,outside-10k
狭める,outside-10k
噴き出し,outside-10k
ダッシュボード,outside-10k
基本給,outside-10k
神保,outside-10k
付添,outside-10k
うたえ,outside-10k
掻い,outside-10k
ナーバス,outside-10k
小さき,outside-10k
ヤラセ,outside-10k
高３,outside-10k
純文学,outside-10k
天変地異,outside-10k
肌荒れ,outside-10k
阿南,outside-10k
振り返ら,outside-10k
飛び降りる,outside-10k
モデルケータイ,outside-10k
葉月,outside-10k
しだ,outside-10k
ピクルス,outside-10k
キャビア,outside-10k
ベイズ,outside-10k
中丸,outside-10k
冒,outside-10k
あまつさえ,outside-10k
映写機,outside-10k
国賓,outside-10k
病者,outside-10k
ボリス,outside-10k
ジューン,outside-10k
体つき,outside-10k
バイエル,outside-10k
自陣,outside-10k
シャンゼリゼ,outside-10k
緩む,outside-10k
フナ,outside-10k
重病,outside-10k
名案,outside-10k
コンバート,outside-10k
申し立てる,outside-10k
どーぞ,outside-10k
礼節,outside-10k
諭す,outside-10k
ギブス,outside-10k
ひひ,outside-10k
中央道,outside-10k
アトランティス,outside-10k
行き渡る,outside-10k
かさばる,outside-10k
陸海空,outside-10k
据置,outside-10k
夏物,outside-10k
やすやす,outside-10k
取りだし,outside-10k
片手落ち,outside-10k
乗っけ,outside-10k
天守閣,outside-10k
ネガティヴ,outside-10k
企てる,outside-10k
どたばた,outside-10k
一笑,outside-10k
道府県,outside-10k
大改革,outside-10k
シャーリー,outside-10k
蜜蜂,outside-10k
流し込む,outside-10k
急斜面,outside-10k
目まぐるしく,outside-10k
ドローイング,outside-10k
ぷんぷん,outside-10k
きまって,outside-10k
川下,outside-10k
売れれ,outside-10k
芸名,outside-10k
貴国,outside-10k
保雄,outside-10k
幸治,outside-10k
贖罪,outside-10k
怪しま,outside-10k
通そ,outside-10k
桔梗,outside-10k
下界,outside-10k
べっぴん,outside-10k
館山,outside-10k
做,outside-10k
デミ,outside-10k
認めれ,outside-10k
けなす,outside-10k
小石川,outside-10k
ステッキ,outside-10k
啓一,outside-10k
操短,outside-10k
ＪＲ東日本,outside-10k
耕一,outside-10k
サンダーバード,outside-10k
滞,outside-10k
防ご,outside-10k
茅野,outside-10k
信太郎,outside-10k
達観,outside-10k
珠子,outside-10k
定まる,outside-10k
アニメイト,outside-10k
曲がりなりにも,outside-10k
造物,outside-10k
課する,outside-10k
パンプス,outside-10k
強靱,outside-10k
陣形,outside-10k
チョルン,outside-10k
長良川,outside-10k
ファーミング,outside-10k
踏みにじっ,outside-10k
貧乏性,outside-10k
閉まり,outside-10k
ボーイスカウト,outside-10k
カーテンコール,outside-10k
広がら,outside-10k
こじれ,outside-10k
大系,outside-10k
無闇,outside-10k
脳幹,outside-10k
失敬,outside-10k
トッド,outside-10k
鼻腔,outside-10k
ちいさい,outside-10k
激写,outside-10k
大熊,outside-10k
ウコン,outside-10k
プディング,outside-10k
暗雲,outside-10k
真言宗,outside-10k
都議,outside-10k
連なり,outside-10k
ラジオドラマ,outside-10k
狭き,outside-10k
浸かる,outside-10k
てのもの,outside-10k
サラゴサ,outside-10k
しんぶん,outside-10k
ダリン,outside-10k
温州,outside-10k
括っ,outside-10k
本能寺,outside-10k
残党,outside-10k
良さ,outside-10k
放し飼い,outside-10k
結子,outside-10k
コンディショニング,outside-10k
呵責,outside-10k
陥没,outside-10k
強けれ,outside-10k
初段,outside-10k
已,outside-10k
有名ブランド,outside-10k
絡まっ,outside-10k
激情,outside-10k
バラツキ,outside-10k
手仕舞い,outside-10k
黄身,outside-10k
ジェラード,outside-10k
算段,outside-10k
ミヒャエル,outside-10k
敬三,outside-10k
紀藤,outside-10k
新妻,outside-10k
ニホン,outside-10k
修辞,outside-10k
拒ま,outside-10k
博物学,outside-10k
だいいち,outside-10k
つるん,outside-10k
引き止め,outside-10k
事犯,outside-10k
ふつふつ,outside-10k
シャナ,outside-10k
公選法,outside-10k
すまい,outside-10k
石灰岩,outside-10k
仁美,outside-10k
圭子,outside-10k
謙一,outside-10k
アビー,outside-10k
感電,outside-10k
目配り,outside-10k
二女,outside-10k
こもごも,outside-10k
失政,outside-10k
ユメ,outside-10k
太陽熱,outside-10k
モウリーニョ,outside-10k
並木道,outside-10k
ビアンカ,outside-10k
エバ,outside-10k
象形,outside-10k
ヒラメ,outside-10k
物象,outside-10k
ハゲタカ,outside-10k
へそくり,outside-10k
茶房,outside-10k
働き掛け,outside-10k
識見,outside-10k
超し,outside-10k
送り届け,outside-10k
編隊,outside-10k
カメレオン,outside-10k
併せ持っ,outside-10k
九大,outside-10k
ラホイ,outside-10k
衝撃波,outside-10k
亜美,outside-10k
注す,outside-10k
門下,outside-10k
通期,outside-10k
生かそ,outside-10k
賭し,outside-10k
射し,outside-10k
エトセトラ,outside-10k
時宜,outside-10k
曲芸,outside-10k
化成,outside-10k
ざらざら,outside-10k
エドワーズ,outside-10k
製糖,outside-10k
狙い撃ち,outside-10k
追い詰める,outside-10k
賢二,outside-10k
どんど,outside-10k
頼も,outside-10k
思い返せ,outside-10k
かきたて,outside-10k
危機一髪,outside-10k
甫,outside-10k
舞曲,outside-10k
嗅ぐ,outside-10k
毛色,outside-10k
イバレチェ,outside-10k
薄々,outside-10k
煮付け,outside-10k
瀬谷,outside-10k
植木鉢,outside-10k
刃先,outside-10k
河出,outside-10k
つぎつぎに,outside-10k
岩瀬,outside-10k
五体,outside-10k
招待客,outside-10k
鎮める,outside-10k
製油,outside-10k
文彦,outside-10k
みすぼらしい,outside-10k
譬え,outside-10k
卯,outside-10k
連合体,outside-10k
作りあげ,outside-10k
嗤,outside-10k
伊能,outside-10k
駒込,outside-10k
キウイ,outside-10k
あつかい,outside-10k
ショーター,outside-10k
内圧,outside-10k
お宮,outside-10k
爆裂,outside-10k
道幸,outside-10k
モヤシ,outside-10k
膵臓,outside-10k
獅童,outside-10k
アルゴン,outside-10k
幅員,outside-10k
ディカプリオ,outside-10k
悪ふざけ,outside-10k
貿,outside-10k
就農,outside-10k
横転,outside-10k
もとづき,outside-10k
デ杯,outside-10k
オモシロ,outside-10k
盲腸,outside-10k
吟,outside-10k
輻射,outside-10k
エンリケ,outside-10k
フォルダー,outside-10k
卑猥,outside-10k
に関します,outside-10k
権現,outside-10k
執着心,outside-10k
外洋,outside-10k
冶,outside-10k
手加減,outside-10k
上手かっ,outside-10k
ペコ,outside-10k
ファイ,outside-10k
信玄,outside-10k
更改,outside-10k
燃やさ,outside-10k
とろとろ,outside-10k
貼,outside-10k
竜一,outside-10k
スケッチブック,outside-10k
政財界,outside-10k
ひと安心,outside-10k
ダナ,outside-10k
古寺,outside-10k
桧,outside-10k
ミニバス,outside-10k
訂,outside-10k
受から,outside-10k
かげん,outside-10k
炒,outside-10k
シテ,outside-10k
トースター,outside-10k
トルネード,outside-10k
ニモ,outside-10k
アステカ,outside-10k
写楽,outside-10k
フランドル,outside-10k
天武,outside-10k
起算,outside-10k
ニシン,outside-10k
壁際,outside-10k
シェラトン,outside-10k
辞し,outside-10k
割り振り,outside-10k
証し,outside-10k
イッ,outside-10k
オープンカー,outside-10k
先走っ,outside-10k
逓信,outside-10k
ニューカッスル,outside-10k
ザヤ,outside-10k
ピタッ,outside-10k
秘書官,outside-10k
ねだっ,outside-10k
重責,outside-10k
着服,outside-10k
さそり,outside-10k
ブレスト,outside-10k
イトイ,outside-10k
龍彦,outside-10k
大志,outside-10k
欅,outside-10k
アボガド,outside-10k
マハル,outside-10k
軍属,outside-10k
唱歌,outside-10k
寛仁,outside-10k
昇一,outside-10k
サド,outside-10k
雑菌,outside-10k
端くれ,outside-10k
漁り,outside-10k
チクチク,outside-10k
先陣,outside-10k
大味,outside-10k
惡,outside-10k
ロッタ,outside-10k
ハレルヤ,outside-10k
割り込む,outside-10k
田舎道,outside-10k
働き手,outside-10k
頂か,outside-10k
ダマ,outside-10k
小暮,outside-10k
スエズ,outside-10k
植え込み,outside-10k
ガンドーラ,outside-10k
マルケス,outside-10k
ゴッドファーザー,outside-10k
くど,outside-10k
風雲,outside-10k
大貫,outside-10k
束ねる,outside-10k
県営,outside-10k
はげしく,outside-10k
西端,outside-10k
モビルスーツ,outside-10k
全逓,outside-10k
ひき肉,outside-10k
巻き起こす,outside-10k
金塊,outside-10k
ウナ,outside-10k
塞が,outside-10k
レシタティフ,outside-10k
脛,outside-10k
授かる,outside-10k
リクライニング,outside-10k
オフシーズン,outside-10k
藥,outside-10k
トーテム,outside-10k
ケンブリッジ大学,outside-10k
レーシング,outside-10k
寒空,outside-10k
つかも,outside-10k
慌しく,outside-10k
ガチ,outside-10k
モリ,outside-10k
グイグイ,outside-10k
パーソナルコンピュータ,outside-10k
書き込める,outside-10k
忌野,outside-10k
くえ,outside-10k
ノーズ,outside-10k
桜木,outside-10k
得てして,outside-10k
ゲットー,outside-10k
ベネッセ,outside-10k
指折り,outside-10k
ハチャメチャ,outside-10k
ヘルツ,outside-10k
ピーターラビット,outside-10k
リニアモーターカー,outside-10k
お引き受け,outside-10k
凝り固まっ,outside-10k
清次郎,outside-10k
滅入っ,outside-10k
コンサルテーション,outside-10k
アマンダ,outside-10k
起き上がる,outside-10k
命ぜ,outside-10k
降れ,outside-10k
リベラリズム,outside-10k
石村,outside-10k
チューリヒ,outside-10k
隣地,outside-10k
役所広司,outside-10k
櫻,outside-10k
印象づけ,outside-10k
通所,outside-10k
歩留まり,outside-10k
つかえる,outside-10k
応益,outside-10k
骨粉,outside-10k
ガラリと,outside-10k
ご苦労さま,outside-10k
滑り出し,outside-10k
見てくれ,outside-10k
慶一郎,outside-10k
日本放送出版協会,outside-10k
鬼ごっこ,outside-10k
取り出さ,outside-10k
溜め込ん,outside-10k
取り柄,outside-10k
金箔,outside-10k
上側,outside-10k
めぐらし,outside-10k
せまる,outside-10k
実弾,outside-10k
研ぎ澄まさ,outside-10k
円熟,outside-10k
引き延ばし,outside-10k
べたべた,outside-10k
愛せる,outside-10k
俗物,outside-10k
ノルウェイ,outside-10k
閑散,outside-10k
くさん,outside-10k
対症療法,outside-10k
文才,outside-10k
じーっと,outside-10k
適齢期,outside-10k
吹っ飛ば,outside-10k
ばやし,outside-10k
色覚,outside-10k
御座,outside-10k
オンチ,outside-10k
当代,outside-10k
ユル,outside-10k
採り入れ,outside-10k
遠景,outside-10k
丸焼き,outside-10k
麻布十番,outside-10k
訓読み,outside-10k
カスタネダ,outside-10k
小瓶,outside-10k
閑話,outside-10k
保と,outside-10k
かくし,outside-10k
言い出せ,outside-10k
ディスクロージャー,outside-10k
クレイグ,outside-10k
のめ,outside-10k
傑,outside-10k
宿し,outside-10k
たたみ,outside-10k
惹起,outside-10k
ブミプトラ,outside-10k
カンヌ国際映画祭,outside-10k
くるり,outside-10k
鴉,outside-10k
祥子,outside-10k
和気あいあい,outside-10k
モハメド,outside-10k
中位,outside-10k
受け入れよ,outside-10k
突き合わせ,outside-10k
セグウェイ,outside-10k
正芳,outside-10k
息苦しく,outside-10k
無類,outside-10k
字典,outside-10k
またとない,outside-10k
忍ばせ,outside-10k
アジャイル,outside-10k
撰,outside-10k
はかろ,outside-10k
化ける,outside-10k
女声,outside-10k
呼気,outside-10k
罵り,outside-10k
工員,outside-10k
フトン,outside-10k
手仕事,outside-10k
座礁,outside-10k
遷,outside-10k
浩子,outside-10k
獰猛,outside-10k
すまさ,outside-10k
関西テレビ,outside-10k
さかえ,outside-10k
こらえる,outside-10k
多感,outside-10k
語順,outside-10k
反町,outside-10k
山元,outside-10k
栗林,outside-10k
ぶま,outside-10k
買戻し,outside-10k
借りよ,outside-10k
愛で,outside-10k
バンビ,outside-10k
績,outside-10k
締,outside-10k
取り付か,outside-10k
えげつない,outside-10k
外用,outside-10k
吉本興業,outside-10k
外山,outside-10k
葬送,outside-10k
ニューデリー,outside-10k
鹿島アントラーズ,outside-10k
略す,outside-10k
粉塵,outside-10k
後の祭り,outside-10k
合わせよ,outside-10k
ボンベイ,outside-10k
寇,outside-10k
運べる,outside-10k
かるく,outside-10k
厳に,outside-10k
餓鬼,outside-10k
指さ,outside-10k
出入口,outside-10k
顔なじみ,outside-10k
エッチング,outside-10k
三遊,outside-10k
キノ,outside-10k
日暮れ,outside-10k
行く手,outside-10k
ヘゲモニー,outside-10k
ねり,outside-10k
すいすい,outside-10k
菫,outside-10k
ありったけ,outside-10k
チームメート,outside-10k
ほくろ,outside-10k
エクイティ,outside-10k
権化,outside-10k
臍,outside-10k
着脱,outside-10k
葬る,outside-10k
はしり,outside-10k
喫,outside-10k
サラッ,outside-10k
インダス,outside-10k
坂戸,outside-10k
ダーヨ,outside-10k
さすらい,outside-10k
福音館書店,outside-10k
水沢,outside-10k
定職,outside-10k
鄒,outside-10k
大部,outside-10k
ブログパーツ,outside-10k
リロー,outside-10k
秋風,outside-10k
思いの外,outside-10k
ペーター,outside-10k
モトローラ,outside-10k
杏子,outside-10k
エシュロン,outside-10k
分かれ道,outside-10k
岩村,outside-10k
端数,outside-10k
ボッシュ,outside-10k
政官,outside-10k
フリードリヒ,outside-10k
極地,outside-10k
不相応,outside-10k
太政官,outside-10k
満ち足り,outside-10k
プランテーション,outside-10k
かがみ,outside-10k
空輸,outside-10k
押し進め,outside-10k
やましい,outside-10k
出光,outside-10k
きたん,outside-10k
窓側,outside-10k
売値,outside-10k
英数字,outside-10k
力ずく,outside-10k
あざやか,outside-10k
使い切る,outside-10k
ジョイスティック,outside-10k
証取法,outside-10k
吹き飛ばす,outside-10k
あくせく,outside-10k
折しも,outside-10k
狩場,outside-10k
居残り,outside-10k
広間,outside-10k
デュッセルドルフ,outside-10k
くく,outside-10k
名神,outside-10k
応分,outside-10k
ギャザ,outside-10k
振り向か,outside-10k
名残り,outside-10k
噛,outside-10k
拝み,outside-10k
泡立て,outside-10k
勝と,outside-10k
魚沼,outside-10k
鍵穴,outside-10k
ロックアウト,outside-10k
和光,outside-10k
肺癌,outside-10k
当たり障り,outside-10k
大河原,outside-10k
背信,outside-10k
拿捕,outside-10k
フロンターレ,outside-10k
どさくさ,outside-10k
一体全体,outside-10k
さすっ,outside-10k
和らい,outside-10k
武内,outside-10k
フフフ,outside-10k
活版,outside-10k
秋口,outside-10k
立と,outside-10k
防空壕,outside-10k
貰,outside-10k
ころん,outside-10k
朱鷺,outside-10k
横町,outside-10k
小吉,outside-10k
おいそれと,outside-10k
トニ,outside-10k
岩塩,outside-10k
ピアポント,outside-10k
原木,outside-10k
ファンタジア,outside-10k
祓い,outside-10k
小畑,outside-10k
真野,outside-10k
弱々しい,outside-10k
コーディネイト,outside-10k
授精,outside-10k
古館,outside-10k
旧版,outside-10k
イケナイ,outside-10k
フューチャー,outside-10k
永代,outside-10k
力み,outside-10k
胎盤,outside-10k
手分け,outside-10k
担ぐ,outside-10k
反核,outside-10k
取り戻せる,outside-10k
氷上,outside-10k
がっしり,outside-10k
見落とさ,outside-10k
慌ただしい,outside-10k
電源開発,outside-10k
かっこよさ,outside-10k
かんがえる,outside-10k
山の手,outside-10k
転ば,outside-10k
ルクセンブルグ,outside-10k
酷かっ,outside-10k
バンダナ,outside-10k
唸ら,outside-10k
結節,outside-10k
グアンタナモ,outside-10k
春名,outside-10k
ピッツァ,outside-10k
落花生,outside-10k
マサチューセッツ工科大学,outside-10k
かいま見,outside-10k
休場,outside-10k
手厳しい,outside-10k
義弟,outside-10k
買主,outside-10k
恩赦,outside-10k
訪韓,outside-10k
淫,outside-10k
村役場,outside-10k
パラリンピック,outside-10k
雨期,outside-10k
カーディガン,outside-10k
曲がら,outside-10k
五木,outside-10k
分れ,outside-10k
アカギ,outside-10k
潘,outside-10k
後ずさり,outside-10k
シャンパーニュ,outside-10k
辞めよ,outside-10k
鳴り響き,outside-10k
夢枕,outside-10k
八重,outside-10k
慰問,outside-10k
まばたき,outside-10k
苛立っ,outside-10k
ジェヒョク,outside-10k
惜しむらくは,outside-10k
あすか,outside-10k
リフ,outside-10k
沼地,outside-10k
長沢,outside-10k
村内,outside-10k
気後れ,outside-10k
冷害,outside-10k
重宗,outside-10k
泥水,outside-10k
昌典,outside-10k
恵美子,outside-10k
シソーラス,outside-10k
もたげ,outside-10k
出征,outside-10k
吸殻,outside-10k
サンゴ礁,outside-10k
桜島,outside-10k
機銃,outside-10k
国際交流基金,outside-10k
宿場,outside-10k
アンヘル,outside-10k
内幕,outside-10k
毒殺,outside-10k
独壇場,outside-10k
立ち居,outside-10k
前庭,outside-10k
猛攻,outside-10k
マニ,outside-10k
ぎゅうぎゅう,outside-10k
ごまかさ,outside-10k
舒,outside-10k
襲いかかる,outside-10k
心酔,outside-10k
憤怒,outside-10k
ひれ,outside-10k
鎮守,outside-10k
鉱区,outside-10k
ギニア,outside-10k
天真爛漫,outside-10k
小山田,outside-10k
ダネ,outside-10k
食い入る,outside-10k
打と,outside-10k
うなされ,outside-10k
床上,outside-10k
井手,outside-10k
割り切れる,outside-10k
慕う,outside-10k
抄録,outside-10k
浅間,outside-10k
ゴリゴリ,outside-10k
踏みにじら,outside-10k
欠航,outside-10k
モップ,outside-10k
爆心,outside-10k
修め,outside-10k
ウォッチャー,outside-10k
あやの,outside-10k
ごぶさた,outside-10k
すっぴん,outside-10k
筋腫,outside-10k
胃潰瘍,outside-10k
注ぎ込む,outside-10k
流木,outside-10k
霧笛,outside-10k
常陸,outside-10k
克巳,outside-10k
筆舌,outside-10k
頼もしく,outside-10k
信三,outside-10k
忠信,outside-10k
みすみす,outside-10k
働かさ,outside-10k
人骨,outside-10k
割り算,outside-10k
配点,outside-10k
バッド,outside-10k
デュ,outside-10k
抗戦,outside-10k
矢継ぎ早,outside-10k
不可視,outside-10k
心労,outside-10k
分詞,outside-10k
オフィーリア,outside-10k
矢崎,outside-10k
マグ,outside-10k
ガラッ,outside-10k
富国強兵,outside-10k
早熟,outside-10k
止めろ,outside-10k
なまる,outside-10k
蜂の巣,outside-10k
割礼,outside-10k
米作,outside-10k
透き通る,outside-10k
西アフリカ,outside-10k
突きつける,outside-10k
シュルツ,outside-10k
揺,outside-10k
ままごと,outside-10k
英紙,outside-10k
あおら,outside-10k
地方銀行,outside-10k
チーク,outside-10k
競わ,outside-10k
防虫,outside-10k
ナー,outside-10k
馬毛島,outside-10k
松阪,outside-10k
勝手口,outside-10k
鉄工,outside-10k
ビレ,outside-10k
昇任,outside-10k
森島,outside-10k
テュルク,outside-10k
ゲイル,outside-10k
シンジケート,outside-10k
好日,outside-10k
別売,outside-10k
演舞,outside-10k
憂う,outside-10k
極貧,outside-10k
享楽,outside-10k
正紀,outside-10k
宜しけれ,outside-10k
与えれ,outside-10k
貸し切り,outside-10k
関白,outside-10k
狩る,outside-10k
賠,outside-10k
イタリア製,outside-10k
門出,outside-10k
ひろがる,outside-10k
標記,outside-10k
安息日,outside-10k
パピルス,outside-10k
栞,outside-10k
雅美,outside-10k
十字路,outside-10k
プリペイドカード,outside-10k
波田,outside-10k
もてあまし,outside-10k
各氏,outside-10k
康隆,outside-10k
売り払っ,outside-10k
鹽,outside-10k
ウェッブ,outside-10k
神前,outside-10k
かざ,outside-10k
始まれ,outside-10k
貼れ,outside-10k
セールスポイント,outside-10k
苦節,outside-10k
スフ,outside-10k
カッコウ,outside-10k
語数,outside-10k
待と,outside-10k
哲人,outside-10k
ベルベット,outside-10k
海の日,outside-10k
身売り,outside-10k
家老,outside-10k
策動,outside-10k
つきまとっ,outside-10k
水無月,outside-10k
大公,outside-10k
苛,outside-10k
和式,outside-10k
例えれ,outside-10k
志位,outside-10k
ヒディング,outside-10k
チルチル,outside-10k
ぬぐえ,outside-10k
あずかっ,outside-10k
征爾,outside-10k
儚い,outside-10k
授ける,outside-10k
朔太郎,outside-10k
羽織,outside-10k
やつれ,outside-10k
飾りつけ,outside-10k
ぶち壊し,outside-10k
マカフィー,outside-10k
上下水道,outside-10k
見せしめ,outside-10k
檸,outside-10k
ヌーボー,outside-10k
影絵,outside-10k
ベアリング,outside-10k
越後屋,outside-10k
売価,outside-10k
マフィン,outside-10k
見積もる,outside-10k
薬師寺,outside-10k
眠たく,outside-10k
檬,outside-10k
両家,outside-10k
ヘコ,outside-10k
フリップ,outside-10k
邪馬台国,outside-10k
到っ,outside-10k
ぎこちなく,outside-10k
施肥,outside-10k
ライツ,outside-10k
スィン,outside-10k
滋養,outside-10k
日本学術会議,outside-10k
立ち去り,outside-10k
きっぷ,outside-10k
迫真,outside-10k
大意,outside-10k
ナガサキ,outside-10k
畳ん,outside-10k
粗大,outside-10k
慌ただしく,outside-10k
西武鉄道,outside-10k
新宮,outside-10k
串焼き,outside-10k
副官,outside-10k
スタージュ,outside-10k
茹でる,outside-10k
フェイント,outside-10k
遺志,outside-10k
叙,outside-10k
上面,outside-10k
恵一,outside-10k
そむけ,outside-10k
心地よかっ,outside-10k
コネクター,outside-10k
ぞい,outside-10k
チャボ,outside-10k
あお,outside-10k
引き戻し,outside-10k
ホル,outside-10k
鯵,outside-10k
泡沫,outside-10k
ズッキーニ,outside-10k
怒れる,outside-10k
レイザーラモン,outside-10k
あんな,outside-10k
橋口,outside-10k
若山,outside-10k
無抵抗,outside-10k
トルキスタン,outside-10k
文化放送,outside-10k
カイト,outside-10k
割り勘,outside-10k
橋田,outside-10k
晴耕雨読,outside-10k
雹,outside-10k
オクタヴィア,outside-10k
エルガー,outside-10k
陣取り,outside-10k
しびれる,outside-10k
海人,outside-10k
サラリー,outside-10k
摩天楼,outside-10k
直也,outside-10k
ほざい,outside-10k
ニュースキャスター,outside-10k
北尾,outside-10k
細則,outside-10k
メセナ,outside-10k
くぎ,outside-10k
澁澤,outside-10k
誤診,outside-10k
ゆり子,outside-10k
多次元,outside-10k
マロー,outside-10k
主観性,outside-10k
じじい,outside-10k
洛陽,outside-10k
威張っ,outside-10k
初値,outside-10k
高じ,outside-10k
素行,outside-10k
中休み,outside-10k
かすり,outside-10k
ギザ,outside-10k
力いっぱい,outside-10k
寄れ,outside-10k
行軍,outside-10k
ふくよか,outside-10k
タイムアップ,outside-10k
狭窄,outside-10k
瓠,outside-10k
くどくど,outside-10k
別売り,outside-10k
打ち破っ,outside-10k
美声,outside-10k
船室,outside-10k
数カ所,outside-10k
ひ弱,outside-10k
ざわざわ,outside-10k
吐き出さ,outside-10k
塞ぐ,outside-10k
重なり合っ,outside-10k
愛美,outside-10k
ヒンズー教,outside-10k
アダルトビデオ,outside-10k
ふくれ,outside-10k
ガリバー,outside-10k
年貢,outside-10k
逆光,outside-10k
天人,outside-10k
越谷,outside-10k
遺構,outside-10k
縫合,outside-10k
都城,outside-10k
ショスタコーヴィチ,outside-10k
北の方,outside-10k
密林,outside-10k
堝,outside-10k
最下,outside-10k
構っ,outside-10k
キルギス,outside-10k
土砂崩れ,outside-10k
踏,outside-10k
勝ち残っ,outside-10k
水流,outside-10k
羽仁,outside-10k
そ〜,outside-10k
暴虐,outside-10k
酒造り,outside-10k
対ソ,outside-10k
係わっ,outside-10k
社寺,outside-10k
勇猛,outside-10k
浴びせる,outside-10k
画定,outside-10k
砂地,outside-10k
エックス,outside-10k
肝硬変,outside-10k
頭ごなし,outside-10k
岩倉,outside-10k
発泡スチロール,outside-10k
奇人,outside-10k
娶,outside-10k
申入れ,outside-10k
赤木,outside-10k
惣,outside-10k
浮,outside-10k
物足りなく,outside-10k
館主,outside-10k
白羽,outside-10k
蝉しぐれ,outside-10k
リリカル,outside-10k
投げ出す,outside-10k
地縁,outside-10k
グッドマン,outside-10k
就け,outside-10k
書きとめ,outside-10k
数奇,outside-10k
新著,outside-10k
渡そ,outside-10k
早まる,outside-10k
信介,outside-10k
国連大学,outside-10k
グラフィックデザイナー,outside-10k
限月,outside-10k
三拍子,outside-10k
マーブル,outside-10k
芽生える,outside-10k
砕く,outside-10k
荒れ果て,outside-10k
インターチェンジ,outside-10k
抱え込む,outside-10k
水玉,outside-10k
マジョリティ,outside-10k
増発,outside-10k
租,outside-10k
フリオ,outside-10k
天宮,outside-10k
重曹,outside-10k
詳報,outside-10k
手土産,outside-10k
アロマセラピー,outside-10k
既設,outside-10k
開成,outside-10k
汲む,outside-10k
アッという間に,outside-10k
諦,outside-10k
つづる,outside-10k
弘文,outside-10k
酢の物,outside-10k
高句麗,outside-10k
ニューイヤー,outside-10k
豊国,outside-10k
不適,outside-10k
アップルパイ,outside-10k
離宮,outside-10k
願えれ,outside-10k
日本放送協会,outside-10k
虐め,outside-10k
茶器,outside-10k
取り上げよ,outside-10k
守旧,outside-10k
貯,outside-10k
ニツケル,outside-10k
アウシュビッツ,outside-10k
ミネ,outside-10k
車列,outside-10k
ビンビン,outside-10k
ミオ,outside-10k
チアパス,outside-10k
ヤナギ,outside-10k
ハットトリック,outside-10k
半壊,outside-10k
草取り,outside-10k
バクチ,outside-10k
晴れ晴れ,outside-10k
短剣,outside-10k
伝搬,outside-10k
睦月,outside-10k
つまむ,outside-10k
托,outside-10k
死期,outside-10k
ひゃー,outside-10k
坂下,outside-10k
とろける,outside-10k
貧しかっ,outside-10k
常呂,outside-10k
ネウロ,outside-10k
マムシ,outside-10k
きょろきょろ,outside-10k
だまり,outside-10k
マシロ,outside-10k
セルフサービス,outside-10k
負けれ,outside-10k
ヒョンス,outside-10k
校閲,outside-10k
分冊,outside-10k
棒状,outside-10k
ザクロ,outside-10k
インベストメント,outside-10k
公房,outside-10k
ハイペース,outside-10k
トリュフ,outside-10k
日ハム,outside-10k
カルフォルニア,outside-10k
貧相,outside-10k
シュツットガルト,outside-10k
東横線,outside-10k
上座,outside-10k
問い掛け,outside-10k
出合い,outside-10k
最年長,outside-10k
面白けれ,outside-10k
グチャグチャ,outside-10k
袁,outside-10k
張れ,outside-10k
コンソメ,outside-10k
死し,outside-10k
オトメ,outside-10k
ルポルタージュ,outside-10k
ヤップ,outside-10k
煮込む,outside-10k
奥菜,outside-10k
ユアン,outside-10k
磔,outside-10k
ビア,outside-10k
プサン,outside-10k
譲吉,outside-10k
するどい,outside-10k
巷間,outside-10k
レシーブ,outside-10k
にきび,outside-10k
あずき,outside-10k
再版,outside-10k
対日,outside-10k
ちょろちょろ,outside-10k
本道,outside-10k
和装,outside-10k
歩ま,outside-10k
まざ,outside-10k
ティル,outside-10k
川井,outside-10k
つまる,outside-10k
エンタ,outside-10k
ボスコ,outside-10k
遠方,outside-10k
訃,outside-10k
ヴォネガット,outside-10k
栄典,outside-10k
盲学校,outside-10k
憤激,outside-10k
データセット,outside-10k
嶋崎,outside-10k
羶,outside-10k
町人,outside-10k
たのし,outside-10k
伽,outside-10k
騒然,outside-10k
咽喉,outside-10k
東京国立博物館,outside-10k
幻聴,outside-10k
全うする,outside-10k
長安,outside-10k
渋っ,outside-10k
袈裟,outside-10k
鯊,outside-10k
東端,outside-10k
ぎょっと,outside-10k
帆足,outside-10k
延伸,outside-10k
シャガール,outside-10k
可愛らし,outside-10k
デービッド,outside-10k
博嗣,outside-10k
酒宴,outside-10k
ひょいと,outside-10k
ナショナリスト,outside-10k
アツアツ,outside-10k
インフラストラクチャー,outside-10k
魚介,outside-10k
ずんずん,outside-10k
ゆうに,outside-10k
立て替え,outside-10k
チューン,outside-10k
めかし,outside-10k
早計,outside-10k
直交,outside-10k
タケシ,outside-10k
捻じ,outside-10k
愚弄,outside-10k
はかどる,outside-10k
手出し,outside-10k
寝転ん,outside-10k
コミューン,outside-10k
大輪,outside-10k
原酒,outside-10k
サツキ,outside-10k
パティ,outside-10k
ポア,outside-10k
飛び起き,outside-10k
少しく,outside-10k
ズラ,outside-10k
欲情,outside-10k
おだて,outside-10k
禍根,outside-10k
あったかく,outside-10k
翕,outside-10k
刷っ,outside-10k
なでる,outside-10k
悲喜,outside-10k
抱き合う,outside-10k
マコ,outside-10k
順三,outside-10k
老子,outside-10k
カリーナ,outside-10k
回心,outside-10k
シンクロニシティ,outside-10k
あえぐ,outside-10k
棋譜,outside-10k
海保,outside-10k
ヘッドコーチ,outside-10k
焦,outside-10k
筆記用具,outside-10k
忠臣蔵,outside-10k
坑内,outside-10k
安らぐ,outside-10k
整わ,outside-10k
イマーム,outside-10k
銅鑼,outside-10k
桧山,outside-10k
地金,outside-10k
うつり,outside-10k
山中湖,outside-10k
幸先,outside-10k
乘,outside-10k
般若,outside-10k
銀座線,outside-10k
雋,outside-10k
チョコボ,outside-10k
心外,outside-10k
オクラホマ,outside-10k
はみ出,outside-10k
きなこ,outside-10k
美代子,outside-10k
湯山,outside-10k
天引き,outside-10k
敦煌,outside-10k
大敵,outside-10k
駈け,outside-10k
六甲山,outside-10k
アナル,outside-10k
初夢,outside-10k
三村,outside-10k
現実離れ,outside-10k
残り少ない,outside-10k
召し上がっ,outside-10k
迎え撃つ,outside-10k
歴訪,outside-10k
ただならぬ,outside-10k
マルコス,outside-10k
進藤,outside-10k
軒下,outside-10k
芳雄,outside-10k
胴上げ,outside-10k
梅津,outside-10k
放射光,outside-10k
禅宗,outside-10k
切り身,outside-10k
貶,outside-10k
気色,outside-10k
捨て去っ,outside-10k
純朴,outside-10k
レナード,outside-10k
なにげなく,outside-10k
ひょうたん,outside-10k
召使い,outside-10k
横切り,outside-10k
ポイズン,outside-10k
フィッツジェラルド,outside-10k
井の頭線,outside-10k
コレラ,outside-10k
一橋,outside-10k
盗ら,outside-10k
出火,outside-10k
全治,outside-10k
ハイドゥク,outside-10k
湖沼,outside-10k
雅楽,outside-10k
はつらつ,outside-10k
内々,outside-10k
村八分,outside-10k
伊庭,outside-10k
控,outside-10k
大辞林,outside-10k
握力,outside-10k
社主,outside-10k
アナーキスト,outside-10k
なむ,outside-10k
桟敷,outside-10k
皆勤,outside-10k
突き止める,outside-10k
速歩,outside-10k
コオロギ,outside-10k
レジーム,outside-10k
ユヴェントス,outside-10k
剖,outside-10k
感じ取り,outside-10k
ヴォイジャー,outside-10k
つっこま,outside-10k
マキコ,outside-10k
入れ子,outside-10k
劇団四季,outside-10k
サンヨー,outside-10k
マネーロンダリング,outside-10k
公安調査庁,outside-10k
定跡,outside-10k
奥付,outside-10k
あつし,outside-10k
一門,outside-10k
ギャレン,outside-10k
バリウム,outside-10k
背任,outside-10k
執,outside-10k
随行,outside-10k
やきもき,outside-10k
長江,outside-10k
過ぎ去り,outside-10k
執っ,outside-10k
過ぎよ,outside-10k
丸裸,outside-10k
ひとまとめ,outside-10k
元気づけ,outside-10k
ファシリテーション,outside-10k
返そ,outside-10k
体温計,outside-10k
移ろ,outside-10k
隠し持っ,outside-10k
喉頭,outside-10k
滅入る,outside-10k
校外,outside-10k
詩編,outside-10k
旧道,outside-10k
ジャイロ,outside-10k
だんじり,outside-10k
レクター,outside-10k
クリーンアップ,outside-10k
無記名,outside-10k
六郎,outside-10k
ゲタ,outside-10k
だいだい,outside-10k
ビニル,outside-10k
引き離す,outside-10k
見せれ,outside-10k
久雄,outside-10k
樹皮,outside-10k
強弁,outside-10k
就か,outside-10k
野間,outside-10k
リュウケンドー,outside-10k
毎時,outside-10k
抗癌剤,outside-10k
いみ,outside-10k
明朗,outside-10k
見いださ,outside-10k
ビックサイト,outside-10k
あさひ,outside-10k
チンプンカンプン,outside-10k
魚釣り,outside-10k
めいめい,outside-10k
起こせる,outside-10k
ティーチャー,outside-10k
鳥山,outside-10k
狙,outside-10k
デイケア,outside-10k
スケ,outside-10k
溶け込む,outside-10k
芦田,outside-10k
欽,outside-10k
勇ましい,outside-10k
パリパリ,outside-10k
たもと,outside-10k
清く,outside-10k
深き,outside-10k
スケーター,outside-10k
切り抜ける,outside-10k
かたづけ,outside-10k
並立,outside-10k
誘,outside-10k
追い打ち,outside-10k
久野,outside-10k
跡継ぎ,outside-10k
皮下,outside-10k
イヴァン,outside-10k
カプリ,outside-10k
洗髪,outside-10k
サンリオ,outside-10k
タタキ,outside-10k
釣り上げ,outside-10k
レディス,outside-10k
挺,outside-10k
トヨ,outside-10k
西成,outside-10k
うるおい,outside-10k
動転,outside-10k
ケネス,outside-10k
三井不動産,outside-10k
はけ口,outside-10k
夜回り,outside-10k
夜長,outside-10k
経度,outside-10k
座し,outside-10k
あたい,outside-10k
文盲,outside-10k
贈,outside-10k
グズグズ,outside-10k
稻,outside-10k
猪名川,outside-10k
画風,outside-10k
センシティブ,outside-10k
ついていける,outside-10k
アキレス腱,outside-10k
かわいらしく,outside-10k
補間,outside-10k
減刑,outside-10k
同地,outside-10k
大広間,outside-10k
カスピ海,outside-10k
つ折り,outside-10k
水兵,outside-10k
のく,outside-10k
帰さ,outside-10k
所望,outside-10k
愛妻,outside-10k
コルテス,outside-10k
刈谷,outside-10k
小脳,outside-10k
濁す,outside-10k
買上げ,outside-10k
エレクトーン,outside-10k
気遣う,outside-10k
デンプン,outside-10k
盥,outside-10k
モーグル,outside-10k
むっと,outside-10k
觧,outside-10k
進度,outside-10k
連環,outside-10k
基本形,outside-10k
しめす,outside-10k
メチャ,outside-10k
審判官,outside-10k
あいこ,outside-10k
鳴子,outside-10k
網目,outside-10k
めだか,outside-10k
ブラッシング,outside-10k
ミンチ,outside-10k
難破,outside-10k
必着,outside-10k
からっぽ,outside-10k
浮かせ,outside-10k
ケナフ,outside-10k
メンタリティー,outside-10k
老眼,outside-10k
さじ,outside-10k
購,outside-10k
リグ,outside-10k
かぎっ,outside-10k
常吉,outside-10k
今日子,outside-10k
チロル,outside-10k
弱虫,outside-10k
ヒス,outside-10k
議運,outside-10k
アンヌ,outside-10k
不老不死,outside-10k
祝詞,outside-10k
原水爆,outside-10k
アルス,outside-10k
生け,outside-10k
肪,outside-10k
関東軍,outside-10k
エスカレータ,outside-10k
味わわ,outside-10k
駆け回っ,outside-10k
真宗,outside-10k
縁者,outside-10k
大院君,outside-10k
見破る,outside-10k
ルツ,outside-10k
すり合わせ,outside-10k
お膳立て,outside-10k
唱和,outside-10k
川面,outside-10k
厚遇,outside-10k
嵌っ,outside-10k
菅家,outside-10k
切り上げる,outside-10k
赤間,outside-10k
コメット,outside-10k
御料,outside-10k
折ら,outside-10k
なぞなぞ,outside-10k
氷解,outside-10k
泡瀬,outside-10k
徹子,outside-10k
膠,outside-10k
さしつかえ,outside-10k
最大公約数,outside-10k
天界,outside-10k
トランジスター,outside-10k
鯉のぼり,outside-10k
ふよ,outside-10k
江南,outside-10k
容れる,outside-10k
単車,outside-10k
下級生,outside-10k
開門,outside-10k
イヤイヤ,outside-10k
漫談,outside-10k
市バス,outside-10k
不出来,outside-10k
払い込み,outside-10k
賄っ,outside-10k
エヌ,outside-10k
託,outside-10k
月明かり,outside-10k
心して,outside-10k
濠,outside-10k
恩典,outside-10k
のほほんと,outside-10k
ぐうたら,outside-10k
今生,outside-10k
ココナツ,outside-10k
付き物,outside-10k
ペニー,outside-10k
苛烈,outside-10k
伸び悩み,outside-10k
パラマウント,outside-10k
正幸,outside-10k
牛乳パック,outside-10k
北大西洋,outside-10k
探し当て,outside-10k
猛然と,outside-10k
るみ,outside-10k
黙る,outside-10k
霊気,outside-10k
ブラウズ,outside-10k
カラオケボックス,outside-10k
闊達,outside-10k
潺,outside-10k
ジュピター,outside-10k
ゆうゆう,outside-10k
塩辛,outside-10k
日取り,outside-10k
わらじ,outside-10k
杜氏,outside-10k
雪害,outside-10k
ヴォーカリスト,outside-10k
フランチェスコ,outside-10k
後天的,outside-10k
坑道,outside-10k
シュ,outside-10k
差し伸べる,outside-10k
川合,outside-10k
税目,outside-10k
リテール,outside-10k
隆太,outside-10k
コッチ,outside-10k
天然石,outside-10k
野川,outside-10k
鼎談,outside-10k
墓標,outside-10k
最貧,outside-10k
バレリーナ,outside-10k
誉れ,outside-10k
都銀,outside-10k
往時,outside-10k
茅場,outside-10k
オークス,outside-10k
山原,outside-10k
劣り,outside-10k
出稿,outside-10k
断ち,outside-10k
ソーシャルワーカー,outside-10k
侑,outside-10k
ロッベン,outside-10k
モリモリ,outside-10k
ゆるぎ,outside-10k
ドゥルーズ,outside-10k
スイスフラン,outside-10k
ボディガード,outside-10k
鼻炎,outside-10k
思い付い,outside-10k
メリル,outside-10k
感得,outside-10k
浅尾,outside-10k
ラトビア,outside-10k
触れよ,outside-10k
先払い,outside-10k
組み入れる,outside-10k
墓所,outside-10k
グン,outside-10k
バプテスト,outside-10k
ビビンバ,outside-10k
地内,outside-10k
ホプキンス,outside-10k
拠る,outside-10k
費目,outside-10k
初稿,outside-10k
ジョーカー,outside-10k
別離,outside-10k
フッサール,outside-10k
諸侯,outside-10k
キリギリス,outside-10k
ジグソーパズル,outside-10k
寮生,outside-10k
うろ,outside-10k
異義,outside-10k
しがない,outside-10k
トロール,outside-10k
ヒド,outside-10k
ハイヤー,outside-10k
今治,outside-10k
蓬莱,outside-10k
誇らしい,outside-10k
脱げ,outside-10k
あつかっ,outside-10k
ＮＴＴドコモ,outside-10k
旗艦,outside-10k
さしあげ,outside-10k
各行,outside-10k
歌川,outside-10k
法治,outside-10k
さそ,outside-10k
カメムシ,outside-10k
ばらまく,outside-10k
たゆま,outside-10k
考え出さ,outside-10k
女官,outside-10k
止血,outside-10k
傾斜地,outside-10k
宝探し,outside-10k
グラグラ,outside-10k
一葉,outside-10k
メッツ,outside-10k
瓢,outside-10k
危なっかしい,outside-10k
ウィリス,outside-10k
無免許,outside-10k
見直そ,outside-10k
一心に,outside-10k
追い立て,outside-10k
肉汁,outside-10k
取り分け,outside-10k
セリエＡ,outside-10k
ふす,outside-10k
たるみ,outside-10k
神性,outside-10k
初会合,outside-10k
貝類,outside-10k
ムラサキ,outside-10k
煩わし,outside-10k
麹町,outside-10k
ひらき,outside-10k
点呼,outside-10k
キッコーマン,outside-10k
マリオン,outside-10k
実子,outside-10k
こんがり,outside-10k
クリームチーズ,outside-10k
多義,outside-10k
ベアー,outside-10k
のめりこん,outside-10k
くるりと,outside-10k
ボノ,outside-10k
大引け,outside-10k
大破,outside-10k
冷夏,outside-10k
アラート,outside-10k
セントルイス,outside-10k
ヨルダン川,outside-10k
どい,outside-10k
暫し,outside-10k
ダイソー,outside-10k
テディ,outside-10k
断ち切っ,outside-10k
カナディアン,outside-10k
愛宕,outside-10k
湖西,outside-10k
賈,outside-10k
向き合わ,outside-10k
因ん,outside-10k
後ろ足,outside-10k
厚め,outside-10k
捉えよ,outside-10k
箱入り,outside-10k
やむをえ,outside-10k
鍛え上げ,outside-10k
伊吹,outside-10k
チャー,outside-10k
良雄,outside-10k
森内,outside-10k
義夫,outside-10k
からかい,outside-10k
絵里,outside-10k
宇部,outside-10k
きよき,outside-10k
不知火,outside-10k
長雨,outside-10k
隠密,outside-10k
不可逆,outside-10k
冷やさ,outside-10k
どよめき,outside-10k
マスカラ,outside-10k
港町,outside-10k
喧噪,outside-10k
オダギリジョー,outside-10k
マスタード,outside-10k
インターハイ,outside-10k
一系,outside-10k
育種,outside-10k
自治労,outside-10k
買い込み,outside-10k
コペルニクス,outside-10k
物陰,outside-10k
落っこち,outside-10k
慢心,outside-10k
単線,outside-10k
喰,outside-10k
本四,outside-10k
物まね,outside-10k
渡海,outside-10k
ほぐす,outside-10k
アテナ,outside-10k
ジノヴィエフ,outside-10k
ノーネクタイ,outside-10k
敏行,outside-10k
ムスコ,outside-10k
モーターボート,outside-10k
波平,outside-10k
拾え,outside-10k
無風,outside-10k
キザ,outside-10k
ディーゼルエンジン,outside-10k
松の木,outside-10k
一周年,outside-10k
聖餐,outside-10k
不徹底,outside-10k
急病,outside-10k
潤滑油,outside-10k
藍色,outside-10k
神々しい,outside-10k
のれ,outside-10k
豆類,outside-10k
ケイシー,outside-10k
秀男,outside-10k
アタッカー,outside-10k
治外法権,outside-10k
ブラスバンド,outside-10k
行き届か,outside-10k
キアヌ,outside-10k
引き付ける,outside-10k
同罪,outside-10k
主君,outside-10k
栄作,outside-10k
直紀,outside-10k
厄除け,outside-10k
けん制,outside-10k
秒読み,outside-10k
名乗り出,outside-10k
知能指数,outside-10k
脂身,outside-10k
振り込む,outside-10k
新入り,outside-10k
イデア,outside-10k
内国,outside-10k
欷,outside-10k
グランデ,outside-10k
口説く,outside-10k
弘史,outside-10k
か年,outside-10k
高輪,outside-10k
各校,outside-10k
降り立つ,outside-10k
リウ,outside-10k
じょうず,outside-10k
横着,outside-10k
フロック,outside-10k
仁君,outside-10k
窮状,outside-10k
波打ち際,outside-10k
水夫,outside-10k
スナック菓子,outside-10k
万国博覧会,outside-10k
北極星,outside-10k
べき乗,outside-10k
小５,outside-10k
核分裂,outside-10k
景況,outside-10k
対角線,outside-10k
政体,outside-10k
ギ,outside-10k
熟れ,outside-10k
手ごわい,outside-10k
抱き合わせ,outside-10k
ヌーノ,outside-10k
雛人形,outside-10k
栖,outside-10k
復員,outside-10k
鏡餅,outside-10k
請け,outside-10k
追試,outside-10k
マオ,outside-10k
銀メダル,outside-10k
ラブソング,outside-10k
キャーキャー,outside-10k
皮膜,outside-10k
取り締まっ,outside-10k
圧し,outside-10k
潤す,outside-10k
ヒサ,outside-10k
戦歿,outside-10k
メッチャ,outside-10k
無骨,outside-10k
ババア,outside-10k
打ち上げ花火,outside-10k
ルーサー,outside-10k
蓼,outside-10k
スタンレー,outside-10k
リリアン,outside-10k
禁句,outside-10k
出し切っ,outside-10k
即断,outside-10k
ブーメラン,outside-10k
赤穂,outside-10k
流れ出る,outside-10k
チクリ,outside-10k
節制,outside-10k
見せつける,outside-10k
隼人,outside-10k
吸い物,outside-10k
悠然と,outside-10k
乳業,outside-10k
名だたる,outside-10k
ニー,outside-10k
すくすく,outside-10k
点線,outside-10k
ヨンジ,outside-10k
シェアー,outside-10k
技研,outside-10k
ターバン,outside-10k
出来合い,outside-10k
大牟田,outside-10k
カナダドル,outside-10k
濃紺,outside-10k
香る,outside-10k
踏め,outside-10k
宅間,outside-10k
講ぜ,outside-10k
泥臭い,outside-10k
バビロニア,outside-10k
窒,outside-10k
学的,outside-10k
中国地方,outside-10k
皮肉っ,outside-10k
詐取,outside-10k
重用,outside-10k
平戸,outside-10k
沐浴,outside-10k
ぐらぐら,outside-10k
ヨモギ,outside-10k
朝日放送,outside-10k
困り果て,outside-10k
対中,outside-10k
コスモポリタン,outside-10k
穂高,outside-10k
山井,outside-10k
臓,outside-10k
でれ,outside-10k
わかし,outside-10k
国論,outside-10k
取替え,outside-10k
寸劇,outside-10k
レヴィン,outside-10k
慶応義塾大学,outside-10k
エゴイズム,outside-10k
矜持,outside-10k
新華社,outside-10k
囁く,outside-10k
引き伸ばし,outside-10k
鮫島,outside-10k
いずみ中央,outside-10k
ロールズ,outside-10k
清涼飲料水,outside-10k
とんがっ,outside-10k
較べる,outside-10k
に従う,outside-10k
稲造,outside-10k
甘やかさ,outside-10k
自著,outside-10k
モーム,outside-10k
ジェニー,outside-10k
仕切,outside-10k
悩,outside-10k
ごとし,outside-10k
岩戸,outside-10k
むっちゃ,outside-10k
起きよ,outside-10k
敬具,outside-10k
骨粗鬆症,outside-10k
王将,outside-10k
居座り,outside-10k
異口同音,outside-10k
無比,outside-10k
アミーゴ,outside-10k
優れる,outside-10k
トレーサビリティ,outside-10k
浸け,outside-10k
同格,outside-10k
物申す,outside-10k
中継ぎ,outside-10k
見捨てる,outside-10k
鯲,outside-10k
すこやか,outside-10k
エイドリアン,outside-10k
利下げ,outside-10k
乱読,outside-10k
リット,outside-10k
ホトトギス,outside-10k
浩史,outside-10k
ジワジワ,outside-10k
のりこ,outside-10k
若人,outside-10k
沈滞,outside-10k
ブレイン,outside-10k
百瀬,outside-10k
させろ,outside-10k
塗れ,outside-10k
ゼンマイ,outside-10k
紹,outside-10k
苦肉の策,outside-10k
スポーツナビ,outside-10k
木場,outside-10k
ライデン,outside-10k
送り返し,outside-10k
健次郎,outside-10k
コロール,outside-10k
逃,outside-10k
禰宜,outside-10k
化繊,outside-10k
サイード,outside-10k
よろよろ,outside-10k
オリーブ油,outside-10k
触れ込み,outside-10k
矢山,outside-10k
おしん,outside-10k
のろ,outside-10k
びく,outside-10k
坪内,outside-10k
あます,outside-10k
カウフマン,outside-10k
亘る,outside-10k
節水,outside-10k
アストゥリアス,outside-10k
追尾,outside-10k
アウトサイダー,outside-10k
印度,outside-10k
サブマリン,outside-10k
思い上がり,outside-10k
浮力,outside-10k
野澤,outside-10k
助から,outside-10k
日射,outside-10k
企む,outside-10k
蓮華,outside-10k
記名,outside-10k
ウス,outside-10k
コンラッド,outside-10k
ふりがな,outside-10k
貞操,outside-10k
ピリッ,outside-10k
伝書鳩,outside-10k
強壮,outside-10k
とりだし,outside-10k
ぽつり,outside-10k
見習,outside-10k
簡約,outside-10k
砲火,outside-10k
親達,outside-10k
いかり,outside-10k
以心伝心,outside-10k
てらっ,outside-10k
おとなし,outside-10k
七福神,outside-10k
祭る,outside-10k
かれる,outside-10k
シーサー,outside-10k
たたり,outside-10k
コーラル,outside-10k
ともえ,outside-10k
野戦,outside-10k
競い合っ,outside-10k
ザクザク,outside-10k
ぶっつけ,outside-10k
整然,outside-10k
地軸,outside-10k
先読み,outside-10k
急襲,outside-10k
ブルボン,outside-10k
でく,outside-10k
ヨイショ,outside-10k
終着,outside-10k
ホレ,outside-10k
銀閣寺,outside-10k
自制心,outside-10k
白子,outside-10k
京都大,outside-10k
浜岡原発,outside-10k
富める,outside-10k
尾高,outside-10k
かき消さ,outside-10k
河南,outside-10k
おどろき,outside-10k
エックス線,outside-10k
エステティシャン,outside-10k
ドーパミン,outside-10k
一命,outside-10k
ひける,outside-10k
爆風,outside-10k
時節,outside-10k
棺桶,outside-10k
エクソン,outside-10k
病む,outside-10k
みなと,outside-10k
ワープロソフト,outside-10k
しづか,outside-10k
センタリング,outside-10k
つくりあげる,outside-10k
代休,outside-10k
プロンプト,outside-10k
セラミックス,outside-10k
八百万,outside-10k
みかける,outside-10k
次点,outside-10k
メジロ,outside-10k
密封,outside-10k
チェット,outside-10k
出来映え,outside-10k
赤身,outside-10k
大皿,outside-10k
法輪,outside-10k
ミニー,outside-10k
有栖川,outside-10k
レシーバー,outside-10k
悲恋,outside-10k
ムヒョン,outside-10k
流失,outside-10k
高浜,outside-10k
利一,outside-10k
くっつける,outside-10k
フィラメント,outside-10k
ほうび,outside-10k
スタンディング,outside-10k
全量,outside-10k
国見,outside-10k
河田,outside-10k
ジョナ,outside-10k
付き合える,outside-10k
もぐもぐ,outside-10k
寝過ごし,outside-10k
吹き込み,outside-10k
ウオーキング,outside-10k
ポロリ,outside-10k
大病,outside-10k
みわ,outside-10k
ロールシャッハテスト,outside-10k
スーッ,outside-10k
屈強,outside-10k
膝元,outside-10k
ブライトン,outside-10k
オイスター,outside-10k
補講,outside-10k
尖,outside-10k
たたっ,outside-10k
リブ,outside-10k
アクト,outside-10k
去れ,outside-10k
觀,outside-10k
口説い,outside-10k
スエーデン,outside-10k
あつまっ,outside-10k
曜子,outside-10k
快復,outside-10k
とばっちり,outside-10k
チンコ,outside-10k
坂東,outside-10k
そらさ,outside-10k
腟,outside-10k
抜き打ち,outside-10k
治世,outside-10k
宍戸,outside-10k
奥多摩,outside-10k
築ける,outside-10k
ござん,outside-10k
アドビ,outside-10k
財貨,outside-10k
原盤,outside-10k
父権,outside-10k
作り物,outside-10k
ホームページブログ,outside-10k
インターセプト,outside-10k
髑髏,outside-10k
フルマラソン,outside-10k
日足,outside-10k
広告塔,outside-10k
気負い,outside-10k
家督,outside-10k
大人び,outside-10k
歩み寄る,outside-10k
蕪村,outside-10k
英才,outside-10k
たけなわ,outside-10k
くすぶっ,outside-10k
新体操,outside-10k
戸別,outside-10k
冬樹,outside-10k
敬う,outside-10k
勝ち得,outside-10k
考え込む,outside-10k
没入,outside-10k
大葉,outside-10k
焚い,outside-10k
ほどこし,outside-10k
オートマトン,outside-10k
考え抜い,outside-10k
断水,outside-10k
ご多分,outside-10k
絶命,outside-10k
訊ねる,outside-10k
禁断症状,outside-10k
具申,outside-10k
長電話,outside-10k
選りすぐり,outside-10k
暴食,outside-10k
グレゴリオ,outside-10k
なにとぞ,outside-10k
カベ,outside-10k
硫安,outside-10k
またぐ,outside-10k
没し,outside-10k
衿,outside-10k
ホールインワン,outside-10k
泊まれ,outside-10k
ジャイサルメール,outside-10k
摩耗,outside-10k
ピタゴラス,outside-10k
コストコ,outside-10k
感じとっ,outside-10k
吸い上げる,outside-10k
火の玉,outside-10k
下士官,outside-10k
思いやら,outside-10k
曰,outside-10k
煎じ,outside-10k
積み込ん,outside-10k
ポト,outside-10k
埋まら,outside-10k
おわる,outside-10k
インディアナポリス,outside-10k
日医,outside-10k
立ち退き,outside-10k
東京国際映画祭,outside-10k
しつらえ,outside-10k
繰り出さ,outside-10k
山賊,outside-10k
碁盤,outside-10k
コミュニケ,outside-10k
差押,outside-10k
直々,outside-10k
猛省,outside-10k
香港ドル,outside-10k
革製品,outside-10k
収載,outside-10k
子宝,outside-10k
古ぼけ,outside-10k
千夏,outside-10k
臭気,outside-10k
東宮,outside-10k
カミーユ,outside-10k
流れ込み,outside-10k
寝かせる,outside-10k
単騎,outside-10k
野島,outside-10k
減益,outside-10k
植松,outside-10k
東松山,outside-10k
宜野湾,outside-10k
愉しい,outside-10k
猟犬,outside-10k
憂え,outside-10k
延焼,outside-10k
スゴク,outside-10k
目覚ましい,outside-10k
金もうけ,outside-10k
沸かす,outside-10k
供え物,outside-10k
みい,outside-10k
ゲラゲラ,outside-10k
外套,outside-10k
ハイク,outside-10k
割り増し,outside-10k
切っ掛け,outside-10k
ブッフォン,outside-10k
霊廟,outside-10k
薬学部,outside-10k
霧雨,outside-10k
むや,outside-10k
皸,outside-10k
菓子パン,outside-10k
定性,outside-10k
飲み干す,outside-10k
トロツキスト,outside-10k
関の山,outside-10k
知己,outside-10k
絶食,outside-10k
か条,outside-10k
ロードス,outside-10k
市田,outside-10k
間引き,outside-10k
オーツ,outside-10k
猛毒,outside-10k
こどもの日,outside-10k
各派,outside-10k
秘法,outside-10k
みだら,outside-10k
新訳,outside-10k
汰,outside-10k
羽ばたく,outside-10k
神頼み,outside-10k
冷まし,outside-10k
止まれ,outside-10k
ヒネ,outside-10k
やまだ,outside-10k
十兵衛,outside-10k
シダ,outside-10k
我孫子,outside-10k
断ち切ら,outside-10k
お座敷,outside-10k
追いやる,outside-10k
奨,outside-10k
世の常,outside-10k
同軸,outside-10k
童顔,outside-10k
觜,outside-10k
つり上げ,outside-10k
オスカル,outside-10k
おかけいたし,outside-10k
人民戦線,outside-10k
馬身,outside-10k
かしげる,outside-10k
難癖,outside-10k
吉良,outside-10k
秒速,outside-10k
グイン,outside-10k
目覚しい,outside-10k
イトーヨーカ堂,outside-10k
軍政,outside-10k
鉄壁,outside-10k
合い言葉,outside-10k
昭二,outside-10k
出塁,outside-10k
日干し,outside-10k
ジーザス,outside-10k
憩,outside-10k
クレーター,outside-10k
凄まじく,outside-10k
悪条件,outside-10k
吸い込み,outside-10k
常夏,outside-10k
リーバイス,outside-10k
蝕ま,outside-10k
トンガ,outside-10k
カスケード,outside-10k
熱愛,outside-10k
蠱,outside-10k
欲張っ,outside-10k
おもり,outside-10k
コメントスパム,outside-10k
難局,outside-10k
遮光,outside-10k
河畔,outside-10k
平良,outside-10k
小間,outside-10k
スワヒリ,outside-10k
暗礁,outside-10k
いこう,outside-10k
ゴヤ,outside-10k
噛み合わ,outside-10k
言い表せ,outside-10k
ふうん,outside-10k
めっき,outside-10k
転作,outside-10k
走馬灯,outside-10k
覗,outside-10k
導線,outside-10k
縮む,outside-10k
零れ,outside-10k
春彦,outside-10k
恥じらい,outside-10k
右京,outside-10k
理恵子,outside-10k
学園都市,outside-10k
フェアー,outside-10k
久世,outside-10k
ペンシルベニア,outside-10k
ビバリーヒルズ,outside-10k
スポーツレジャー,outside-10k
オルグ,outside-10k
永瀬,outside-10k
断末魔,outside-10k
遣わ,outside-10k
堪える,outside-10k
別枠,outside-10k
上腕,outside-10k
チームリーダー,outside-10k
持ち運ぶ,outside-10k
しっぺ返し,outside-10k
騰落,outside-10k
エスプリ,outside-10k
カシオペア,outside-10k
東海大,outside-10k
ジョグジャカルタ,outside-10k
日下,outside-10k
メキシカン,outside-10k
多難,outside-10k
オリジナルグッズ,outside-10k
てんで,outside-10k
精悍,outside-10k
着火,outside-10k
オリジナリティー,outside-10k
ショ,outside-10k
すべすべ,outside-10k
ザッキー,outside-10k
労政,outside-10k
新茶,outside-10k
アフィリエイトサイト,outside-10k
ナビゲート,outside-10k
移り変わっ,outside-10k
天頂,outside-10k
成功裏,outside-10k
ピチピチ,outside-10k
ムカムカ,outside-10k
カプコン,outside-10k
グラマー,outside-10k
投げつける,outside-10k
日活,outside-10k
コーナーキック,outside-10k
粗暴,outside-10k
ナメクジ,outside-10k
結党,outside-10k
コスタ,outside-10k
プレリュード,outside-10k
寝息,outside-10k
やり場,outside-10k
削ぎ,outside-10k
造型,outside-10k
あわび,outside-10k
わめい,outside-10k
励ま,outside-10k
踏み込ま,outside-10k
ご法度,outside-10k
クルーゼ,outside-10k
帳尻,outside-10k
諸刃,outside-10k
ブレザー,outside-10k
まかない,outside-10k
官公,outside-10k
タゲ,outside-10k
耽美,outside-10k
トロトロ,outside-10k
トレド,outside-10k
帯電,outside-10k
異彩,outside-10k
おしなべて,outside-10k
ハイエナ,outside-10k
輯,outside-10k
ブレンダ,outside-10k
ゆすり,outside-10k
後ろめたい,outside-10k
リンギ,outside-10k
追い払っ,outside-10k
メンバーシップ,outside-10k
兩,outside-10k
積層,outside-10k
蹈,outside-10k
檀家,outside-10k
傷め,outside-10k
呆け,outside-10k
簡明,outside-10k
財務局,outside-10k
入間,outside-10k
かんする,outside-10k
マツタケ,outside-10k
和名,outside-10k
おじゃる,outside-10k
心性,outside-10k
公子,outside-10k
コピ,outside-10k
互恵,outside-10k
早見,outside-10k
生食,outside-10k
持ち替え,outside-10k
常滑,outside-10k
感光,outside-10k
金鉱,outside-10k
東西ドイツ,outside-10k
捻り,outside-10k
ノースリーブ,outside-10k
口臭,outside-10k
白旗,outside-10k
清国,outside-10k
ずらり,outside-10k
にやにや,outside-10k
繁雄,outside-10k
亜細亜,outside-10k
湛,outside-10k
さいなま,outside-10k
リュックサック,outside-10k
感じ取れ,outside-10k
点い,outside-10k
網野,outside-10k
親玉,outside-10k
オサマ,outside-10k
スタンダール,outside-10k
捨象,outside-10k
ヤマダ電機,outside-10k
中本,outside-10k
ウォッチリスト,outside-10k
ムール貝,outside-10k
すかっ,outside-10k
アクロバット,outside-10k
寺西,outside-10k
大はしゃぎ,outside-10k
クロージング,outside-10k
巴里,outside-10k
追徴,outside-10k
買いもの,outside-10k
厳然たる,outside-10k
領空,outside-10k
スハルト,outside-10k
磨耗,outside-10k
送り出さ,outside-10k
はしっ,outside-10k
オゥ,outside-10k
乗っ取っ,outside-10k
隔,outside-10k
奢っ,outside-10k
騒擾,outside-10k
ルーティン,outside-10k
東中野,outside-10k
無作法,outside-10k
重雄,outside-10k
點,outside-10k
睨ま,outside-10k
アーバン,outside-10k
そえ,outside-10k
急須,outside-10k
久方ぶり,outside-10k
ファミリーレストラン,outside-10k
横たわり,outside-10k
七不思議,outside-10k
ダンベル,outside-10k
バックミラー,outside-10k
川野,outside-10k
打ち消す,outside-10k
ベッキー,outside-10k
美点,outside-10k
免状,outside-10k
写経,outside-10k
うながす,outside-10k
こまか,outside-10k
有休,outside-10k
豊満,outside-10k
神宮前,outside-10k
潮汐,outside-10k
詭,outside-10k
フレ,outside-10k
デモン,outside-10k
日進月歩,outside-10k
無我,outside-10k
あるじ,outside-10k
お裾分け,outside-10k
エマニュエル,outside-10k
恩義,outside-10k
詰めかけ,outside-10k
童心,outside-10k
正宗,outside-10k
シエナ,outside-10k
さびれ,outside-10k
駄々,outside-10k
ナザレ,outside-10k
スラックス,outside-10k
振りかけ,outside-10k
豸,outside-10k
臣民,outside-10k
篤志,outside-10k
大枚,outside-10k
後衛,outside-10k
玉座,outside-10k
要諦,outside-10k
刷毛,outside-10k
スンヒ,outside-10k
三國,outside-10k
赤潮,outside-10k
立食,outside-10k
小気味,outside-10k
馬術,outside-10k
おそう,outside-10k
浦東,outside-10k
ブラジリア,outside-10k
すさまじく,outside-10k
微増,outside-10k
受けつけ,outside-10k
敵役,outside-10k
暮らそ,outside-10k
鉱害,outside-10k
海図,outside-10k
ながし,outside-10k
ローミング,outside-10k
湧き水,outside-10k
無痛,outside-10k
最後の審判,outside-10k
蘊蓄,outside-10k
コー,outside-10k
塹壕,outside-10k
ばけ,outside-10k
ウォーターズ,outside-10k
マリンバ,outside-10k
チャリンコ,outside-10k
デブラ,outside-10k
渋み,outside-10k
牙城,outside-10k
灯し,outside-10k
立身出世,outside-10k
躍如,outside-10k
重なら,outside-10k
知恵袋,outside-10k
見据える,outside-10k
メロディアス,outside-10k
肌身,outside-10k
ロマ,outside-10k
エクスプローラー,outside-10k
パタヤ,outside-10k
国男,outside-10k
ディア,outside-10k
時季,outside-10k
祈,outside-10k
飛沫,outside-10k
待合,outside-10k
立ち並び,outside-10k
てこ入れ,outside-10k
果てる,outside-10k
奪え,outside-10k
脆い,outside-10k
マディソン,outside-10k
加わら,outside-10k
台形,outside-10k
正さ,outside-10k
乗り合い,outside-10k
うたい文句,outside-10k
あるく,outside-10k
マフ,outside-10k
引っ込み思案,outside-10k
弓子,outside-10k
算術,outside-10k
キャプチャー,outside-10k
会則,outside-10k
会津若松,outside-10k
男心,outside-10k
中上,outside-10k
他力,outside-10k
酔狂,outside-10k
干さ,outside-10k
チャーター便,outside-10k
まゆ毛,outside-10k
退ける,outside-10k
健司,outside-10k
休も,outside-10k
商務省,outside-10k
誤記,outside-10k
成層圏,outside-10k
ホウレンソウ,outside-10k
ホームページビルダー,outside-10k
ベルゲン,outside-10k
小見出し,outside-10k
戦果,outside-10k
めっぽう,outside-10k
ガーネット,outside-10k
隔てる,outside-10k
福助,outside-10k
シマノ,outside-10k
横書き,outside-10k
半そで,outside-10k
繰延,outside-10k
見付ける,outside-10k
三崎,outside-10k
攪乱,outside-10k
饗,outside-10k
ふるまっ,outside-10k
まとわりつい,outside-10k
グーテンベルク,outside-10k
こじ開け,outside-10k
甲虫,outside-10k
いちゃもん,outside-10k
和幸,outside-10k
買手,outside-10k
膵,outside-10k
走破,outside-10k
変圧,outside-10k
マッキー,outside-10k
エスケープ,outside-10k
源平,outside-10k
成婚,outside-10k
アライグマ,outside-10k
全店,outside-10k
マーレー,outside-10k
逝き,outside-10k
ご免,outside-10k
補遺,outside-10k
杵,outside-10k
素麺,outside-10k
炒飯,outside-10k
叩き込ま,outside-10k
揺るぎない,outside-10k
かのう,outside-10k
堂々巡り,outside-10k
エヴァンス,outside-10k
臣下,outside-10k
オロオロ,outside-10k
ミニコン,outside-10k
平たい,outside-10k
クリーブランド,outside-10k
正吾,outside-10k
じたばた,outside-10k
レイトショー,outside-10k
終幕,outside-10k
側溝,outside-10k
厚紙,outside-10k
習わ,outside-10k
伸張,outside-10k
はんだ,outside-10k
カサノバ,outside-10k
掘り起こす,outside-10k
吹き込ま,outside-10k
明か,outside-10k
試験管,outside-10k
荘園,outside-10k
ちゃめ,outside-10k
お陰さま,outside-10k
スプレッドシート,outside-10k
ジョゼフ,outside-10k
家作り,outside-10k
アンコールワット,outside-10k
初秋,outside-10k
一物,outside-10k
ボレロ,outside-10k
水洗,outside-10k
従兄,outside-10k
健三,outside-10k
揃,outside-10k
岩垂,outside-10k
カモシカ,outside-10k
詐,outside-10k
真贋,outside-10k
ぜったいに,outside-10k
四方八方,outside-10k
もめる,outside-10k
アクア,outside-10k
やり過ごし,outside-10k
乗り回し,outside-10k
マイヤーズ,outside-10k
イーモウ,outside-10k
アイロニー,outside-10k
殺せる,outside-10k
石上,outside-10k
下腹部,outside-10k
ジーニアス,outside-10k
罰し,outside-10k
核酸,outside-10k
遅まきながら,outside-10k
魚群,outside-10k
孤軍,outside-10k
興信所,outside-10k
神霊,outside-10k
処方せん,outside-10k
朗らか,outside-10k
エナ,outside-10k
つき合わ,outside-10k
エロゲ,outside-10k
関西学院,outside-10k
空か,outside-10k
安城,outside-10k
またぞろ,outside-10k
博司,outside-10k
短資,outside-10k
モクモク,outside-10k
人力車,outside-10k
ぶち込ん,outside-10k
安岡,outside-10k
神岡,outside-10k
マリオット,outside-10k
力添え,outside-10k
つうしん,outside-10k
花開い,outside-10k
洙,outside-10k
火の粉,outside-10k
うつつ,outside-10k
あつ子,outside-10k
注意深い,outside-10k
ロージー,outside-10k
振り分ける,outside-10k
ひらか,outside-10k
姫子,outside-10k
受章,outside-10k
うつくしい,outside-10k
振れる,outside-10k
言辞,outside-10k
わかつ,outside-10k
レセプト,outside-10k
忠男,outside-10k
竹の子,outside-10k
ミラージュ,outside-10k
明媚,outside-10k
独居,outside-10k
勝因,outside-10k
フェザー,outside-10k
哨戒,outside-10k
雨具,outside-10k
さわか,outside-10k
ままならず,outside-10k
イサク,outside-10k
でっかく,outside-10k
禁輸,outside-10k
手工業,outside-10k
くみ上げ,outside-10k
幹夫,outside-10k
洩れ,outside-10k
弾ま,outside-10k
斎場,outside-10k
単細胞,outside-10k
もがく,outside-10k
ワイア,outside-10k
日の入り,outside-10k
倒せる,outside-10k
飲み込め,outside-10k
羞恥心,outside-10k
フォルクスワーゲン,outside-10k
しゃがみ,outside-10k
アーノンクール,outside-10k
捜し求め,outside-10k
警視総監,outside-10k
付け替え,outside-10k
澄み切っ,outside-10k
両用,outside-10k
由季,outside-10k
ほこ,outside-10k
拘泥,outside-10k
偲ん,outside-10k
振り向き,outside-10k
口火,outside-10k
火事場,outside-10k
暗譜,outside-10k
板前,outside-10k
清川,outside-10k
石野,outside-10k
益田,outside-10k
吉方,outside-10k
満潮,outside-10k
蘇り,outside-10k
知れ渡っ,outside-10k
アルペン,outside-10k
優しかっ,outside-10k
閃き,outside-10k
ゴーヤー,outside-10k
孝治,outside-10k
至宝,outside-10k
ブロス,outside-10k
納まり,outside-10k
引き合わ,outside-10k
たらたら,outside-10k
斜陽,outside-10k
ギブ,outside-10k
インシュリン,outside-10k
オッ,outside-10k
華々しく,outside-10k
六法,outside-10k
ジャグジー,outside-10k
メルマガバックナンバー,outside-10k
カレイ,outside-10k
腕組み,outside-10k
真似事,outside-10k
テストケース,outside-10k
電装,outside-10k
不戦,outside-10k
斜線,outside-10k
トランスデューサ,outside-10k
ゴメス,outside-10k
ラー,outside-10k
コンバーター,outside-10k
バベル,outside-10k
パラダイムシフト,outside-10k
恩寵,outside-10k
ならび,outside-10k
技術評論社,outside-10k
金閣寺,outside-10k
隔世,outside-10k
ムルシア,outside-10k
一間,outside-10k
巡業,outside-10k
すくわ,outside-10k
うつ伏せ,outside-10k
達雄,outside-10k
虚ろ,outside-10k
ビアンキ,outside-10k
水浴び,outside-10k
総領事,outside-10k
ファミリア,outside-10k
偏ら,outside-10k
見比べる,outside-10k
思い知る,outside-10k
聖火,outside-10k
逆らわ,outside-10k
ハツ,outside-10k
羽化,outside-10k
待ちかまえ,outside-10k
落成,outside-10k
民権,outside-10k
学府,outside-10k
御馳走,outside-10k
イーサネット,outside-10k
冷奴,outside-10k
省け,outside-10k
野洲,outside-10k
公称,outside-10k
アロヨ,outside-10k
対地,outside-10k
蛤,outside-10k
さえぎる,outside-10k
チュウ,outside-10k
ヴェルサイユ,outside-10k
渋沢,outside-10k
肉付け,outside-10k
アヤックス,outside-10k
総決算,outside-10k
寝泊り,outside-10k
写生,outside-10k
カゴメ,outside-10k
新星,outside-10k
マミー,outside-10k
ヤロー,outside-10k
俊二,outside-10k
サクラメント,outside-10k
ブリスベン,outside-10k
運動公園,outside-10k
御願,outside-10k
和代,outside-10k
発問,outside-10k
ハネムーン,outside-10k
ワールドメイト,outside-10k
逃げ切り,outside-10k
開所,outside-10k
島嶼,outside-10k
温まっ,outside-10k
旧姓,outside-10k
音像,outside-10k
散逸,outside-10k
ピノ,outside-10k
ぬくぬく,outside-10k
二人三脚,outside-10k
句集,outside-10k
二元,outside-10k
持ち場,outside-10k
マラエ,outside-10k
判読,outside-10k
絶壁,outside-10k
ふきん,outside-10k
寸断,outside-10k
庭木,outside-10k
雑念,outside-10k
樟,outside-10k
老いる,outside-10k
ワッペン,outside-10k
ラビー,outside-10k
勤め人,outside-10k
蝿,outside-10k
すべっ,outside-10k
シリング,outside-10k
詰め替え,outside-10k
御徒町,outside-10k
追い掛け,outside-10k
羽衣,outside-10k
赦さ,outside-10k
男装,outside-10k
亡き後,outside-10k
悪しからず,outside-10k
下ごしらえ,outside-10k
起工式,outside-10k
サボる,outside-10k
ピョートル,outside-10k
せんだって,outside-10k
敬老の日,outside-10k
山王,outside-10k
示せる,outside-10k
鎖骨,outside-10k
邦男,outside-10k
磁界,outside-10k
推す,outside-10k
氷川,outside-10k
鏗,outside-10k
履物,outside-10k
へこみ,outside-10k
葛野,outside-10k
そびえ,outside-10k
ビューティ,outside-10k
陸奥,outside-10k
但し書き,outside-10k
アンガー,outside-10k
麗しい,outside-10k
フルセット,outside-10k
慙,outside-10k
鬼気,outside-10k
名文,outside-10k
キル,outside-10k
ヨーゼフ,outside-10k
スカラー,outside-10k
ドッ,outside-10k
ロマネスク,outside-10k
商圏,outside-10k
読み出し,outside-10k
侠,outside-10k
潤っ,outside-10k
口角,outside-10k
上尾,outside-10k
安穏,outside-10k
松葉,outside-10k
産官学,outside-10k
ズイ,outside-10k
好条件,outside-10k
級友,outside-10k
しらけ,outside-10k
振袖,outside-10k
かたっ,outside-10k
ひと昔,outside-10k
見い出し,outside-10k
浅薄,outside-10k
降り続く,outside-10k
あぶり,outside-10k
伊藤忠,outside-10k
掘り返し,outside-10k
塗りつぶし,outside-10k
上向い,outside-10k
平泉,outside-10k
見合わせる,outside-10k
盈,outside-10k
変種,outside-10k
咽頭,outside-10k
固着,outside-10k
エルサルバドル,outside-10k
仔犬,outside-10k
同値,outside-10k
都築,outside-10k
実需,outside-10k
窺い,outside-10k
まじまじ,outside-10k
わめき,outside-10k
綾瀬,outside-10k
復縁,outside-10k
およば,outside-10k
総帥,outside-10k
きらら,outside-10k
降りよ,outside-10k
お上手,outside-10k
貸し手,outside-10k
シルヴィア,outside-10k
欺,outside-10k
さみし,outside-10k
ナセル,outside-10k
金満,outside-10k
イメージダウン,outside-10k
体面,outside-10k
ロサ,outside-10k
剥がさ,outside-10k
乳腺,outside-10k
声質,outside-10k
差し置い,outside-10k
デウス,outside-10k
根来,outside-10k
才覚,outside-10k
日勤,outside-10k
イントロダクション,outside-10k
ユリカ,outside-10k
久住,outside-10k
張り付け,outside-10k
家財,outside-10k
気難しい,outside-10k
くらべれ,outside-10k
在民,outside-10k
基準局,outside-10k
中米,outside-10k
備前,outside-10k
おとめ,outside-10k
雨宿り,outside-10k
金権,outside-10k
チェコスロヴァキア,outside-10k
オフロード,outside-10k
途絶える,outside-10k
貝原,outside-10k
相成り,outside-10k
覇気,outside-10k
営々,outside-10k
移り変わる,outside-10k
根付く,outside-10k
力仕事,outside-10k
テコンドー,outside-10k
爽,outside-10k
あなどれ,outside-10k
表決,outside-10k
荒削り,outside-10k
電離層,outside-10k
ギャロ,outside-10k
サエ,outside-10k
プロブレム,outside-10k
プラム,outside-10k
スパコン,outside-10k
知り合え,outside-10k
中内,outside-10k
巣立っ,outside-10k
培う,outside-10k
たたずん,outside-10k
コンパートメント,outside-10k
ナカタ,outside-10k
当校,outside-10k
フルトヴェングラー,outside-10k
カリッ,outside-10k
成都,outside-10k
油彩,outside-10k
陽介,outside-10k
ドングリ,outside-10k
引出し,outside-10k
美歌,outside-10k
賜っ,outside-10k
そうしたら,outside-10k
各階,outside-10k
良作,outside-10k
使役,outside-10k
シスオペ,outside-10k
博報堂,outside-10k
鮎川,outside-10k
バイタリティ,outside-10k
サッポロ,outside-10k
閑古鳥,outside-10k
今川,outside-10k
後刻,outside-10k
歌舞伎座,outside-10k
サチ,outside-10k
かなしい,outside-10k
かこつけ,outside-10k
男役,outside-10k
ヒヨコ,outside-10k
球状,outside-10k
大通,outside-10k
コインロッカー,outside-10k
放れ,outside-10k
アム,outside-10k
遮っ,outside-10k
まばゆい,outside-10k
華道,outside-10k
鉤,outside-10k
図工,outside-10k
櫂,outside-10k
青瓦台,outside-10k
小耳,outside-10k
ケバブ,outside-10k
餐,outside-10k
マローン,outside-10k
南関東,outside-10k
聞き返す,outside-10k
船木,outside-10k
謙譲,outside-10k
局内,outside-10k
近寄る,outside-10k
擦れ,outside-10k
水瓶座,outside-10k
パレルモ,outside-10k
かずお,outside-10k
細道,outside-10k
荒尾,outside-10k
つつき,outside-10k
よちよち,outside-10k
炊き込み,outside-10k
前言,outside-10k
河井,outside-10k
受けとっ,outside-10k
夕闇,outside-10k
アルバ,outside-10k
バロー,outside-10k
鯣,outside-10k
週報,outside-10k
輝ける,outside-10k
ダライラマ,outside-10k
ねぎらい,outside-10k
おもえ,outside-10k
黄道,outside-10k
一向,outside-10k
ドミニク,outside-10k
若い衆,outside-10k
紬,outside-10k
ヴォイス,outside-10k
ビーナス,outside-10k
粘る,outside-10k
名水,outside-10k
表面積,outside-10k
エウレカセブン,outside-10k
ダックス,outside-10k
モツ,outside-10k
旋,outside-10k
直訴,outside-10k
落馬,outside-10k
野溝,outside-10k
先住,outside-10k
絵馬,outside-10k
アナリシス,outside-10k
他殺,outside-10k
天丼,outside-10k
ティア,outside-10k
特待,outside-10k
にぎわう,outside-10k
春日井,outside-10k
張りつめ,outside-10k
フリースクール,outside-10k
宮永,outside-10k
ハバネロ,outside-10k
草莽,outside-10k
ぼそぼそ,outside-10k
大根おろし,outside-10k
引き出物,outside-10k
長子,outside-10k
謹慎,outside-10k
ヤモリ,outside-10k
遊興,outside-10k
ぶるぶる,outside-10k
大和魂,outside-10k
アイビー,outside-10k
金原,outside-10k
梅林,outside-10k
かじる,outside-10k
エビデンス,outside-10k
ベト,outside-10k
フリーダ,outside-10k
蔀,outside-10k
聞き耳,outside-10k
立ち遅れ,outside-10k
質実,outside-10k
アイザック,outside-10k
防弾,outside-10k
嫌み,outside-10k
夕子,outside-10k
ちぎれ,outside-10k
エクスプローラ,outside-10k
嶋津,outside-10k
つくり上げる,outside-10k
戒名,outside-10k
埼京線,outside-10k
足湯,outside-10k
胤,outside-10k
州兵,outside-10k
巡洋艦,outside-10k
大穴,outside-10k
息苦し,outside-10k
凝らす,outside-10k
つかる,outside-10k
吉野川,outside-10k
綾小路,outside-10k
ブルマ,outside-10k
代える,outside-10k
戸川,outside-10k
浮き沈み,outside-10k
おどおど,outside-10k
ポタ,outside-10k
東京モーターショー,outside-10k
使い古さ,outside-10k
メモ用紙,outside-10k
残飯,outside-10k
無尽蔵,outside-10k
絵心,outside-10k
執る,outside-10k
クレンジング,outside-10k
まかし,outside-10k
あんじ,outside-10k
シュレッダー,outside-10k
挽肉,outside-10k
順延,outside-10k
ポーツマス,outside-10k
二輪車,outside-10k
米麦,outside-10k
サンチェス,outside-10k
佐田,outside-10k
山花,outside-10k
面白味,outside-10k
かばい,outside-10k
逝け,outside-10k
築こ,outside-10k
ペケ,outside-10k
貧農,outside-10k
剃刀,outside-10k
こけし,outside-10k
野呂,outside-10k
引こ,outside-10k
古物,outside-10k
小腸,outside-10k
覧,outside-10k
敬老,outside-10k
アニ,outside-10k
焼き上げ,outside-10k
拙宅,outside-10k
金貸し,outside-10k
愛娘,outside-10k
下端,outside-10k
目の下,outside-10k
チュテ,outside-10k
混声,outside-10k
勝久,outside-10k
丹田,outside-10k
早稲田大,outside-10k
勝正,outside-10k
とまどう,outside-10k
入れ墨,outside-10k
美浜,outside-10k
昭宏,outside-10k
不具,outside-10k
草創,outside-10k
法話,outside-10k
事足りる,outside-10k
キリコ,outside-10k
シルビア,outside-10k
民進党,outside-10k
服する,outside-10k
渋く,outside-10k
田端,outside-10k
風土記,outside-10k
保津川,outside-10k
焼き芋,outside-10k
憧,outside-10k
うつむき,outside-10k
黄門,outside-10k
生み出せる,outside-10k
天下一品,outside-10k
花月,outside-10k
たどれ,outside-10k
祥伝社,outside-10k
吹き返し,outside-10k
解き放つ,outside-10k
上野公園,outside-10k
鉄也,outside-10k
併発,outside-10k
原液,outside-10k
奪い取っ,outside-10k
正巳,outside-10k
激流,outside-10k
ント,outside-10k
聞き込み,outside-10k
便覧,outside-10k
ヒッター,outside-10k
両県,outside-10k
あらあら,outside-10k
執心,outside-10k
上履き,outside-10k
さまし,outside-10k
講ず,outside-10k
現さ,outside-10k
治さ,outside-10k
固まら,outside-10k
北谷,outside-10k
張替え,outside-10k
寒さ,outside-10k
純益,outside-10k
うずうず,outside-10k
座右,outside-10k
ファービー,outside-10k
おどけ,outside-10k
伏せる,outside-10k
ソール,outside-10k
通巻,outside-10k
法例,outside-10k
栄冠,outside-10k
ジッパー,outside-10k
びびり,outside-10k
水墨,outside-10k
洋裁,outside-10k
ガーゴイル,outside-10k
スプー,outside-10k
俊敏,outside-10k
一輝,outside-10k
降りかかる,outside-10k
ペテルブルグ,outside-10k
愚民,outside-10k
ビブロス,outside-10k
俊樹,outside-10k
武闘,outside-10k
いじくっ,outside-10k
明け渡し,outside-10k
キジ,outside-10k
逢える,outside-10k
保冷,outside-10k
プリプリ,outside-10k
切り抜い,outside-10k
スパーリング,outside-10k
仲買人,outside-10k
女学校,outside-10k
払わさ,outside-10k
ひと休み,outside-10k
あも,outside-10k
生け花,outside-10k
噴き,outside-10k
湯沢,outside-10k
孫悟空,outside-10k
コンドル,outside-10k
行雄,outside-10k
フォークリフト,outside-10k
だせる,outside-10k
如何せん,outside-10k
恨ま,outside-10k
逍遥,outside-10k
等式,outside-10k
坐っ,outside-10k
ぼうっと,outside-10k
不完全性,outside-10k
景子,outside-10k
セゾン,outside-10k
売りつける,outside-10k
辛酸,outside-10k
悔やむ,outside-10k
稀代,outside-10k
キター,outside-10k
全音,outside-10k
アムール,outside-10k
興じる,outside-10k
呈,outside-10k
オーラソーマ,outside-10k
祐介,outside-10k
甲賀,outside-10k
割増し,outside-10k
照れる,outside-10k
アタッチメント,outside-10k
自邸,outside-10k
十日町,outside-10k
摂ら,outside-10k
ファンタジック,outside-10k
満男,outside-10k
送出,outside-10k
司法研修所,outside-10k
読みふけっ,outside-10k
森羅万象,outside-10k
華子,outside-10k
小型車,outside-10k
臨調,outside-10k
承る,outside-10k
湯布院,outside-10k
ホイホイ,outside-10k
マチュピチュ,outside-10k
舞姫,outside-10k
向こ,outside-10k
タガ,outside-10k
フコイダン,outside-10k
アイティメディア,outside-10k
男子校,outside-10k
視角,outside-10k
おっちょこちょい,outside-10k
高し,outside-10k
ベガ,outside-10k
涜,outside-10k
塩酸,outside-10k
おごる,outside-10k
アサルト,outside-10k
福澤,outside-10k
図画,outside-10k
省ける,outside-10k
のぞむ,outside-10k
ドリップ,outside-10k
カナル,outside-10k
打ち付け,outside-10k
入梅,outside-10k
蒲郡,outside-10k
樹冠,outside-10k
すっぱい,outside-10k
最南端,outside-10k
サップ,outside-10k
ため池,outside-10k
瀬名,outside-10k
貔,outside-10k
マゼラン,outside-10k
清水寺,outside-10k
関西国際空港,outside-10k
オリジン,outside-10k
てんこもり,outside-10k
収受,outside-10k
ワイルダー,outside-10k
つかまえる,outside-10k
なしとげ,outside-10k
信孝,outside-10k
ブラピ,outside-10k
アイボリー,outside-10k
ネチズン,outside-10k
懐かしむ,outside-10k
康平,outside-10k
口ずさむ,outside-10k
一ツ橋,outside-10k
ミングォン,outside-10k
汽笛,outside-10k
ギョーザ,outside-10k
ルノワール,outside-10k
歓楽街,outside-10k
吹っ切れ,outside-10k
莫,outside-10k
小・中学生,outside-10k
栄枯盛衰,outside-10k
光男,outside-10k
加われ,outside-10k
きびきび,outside-10k
一丁,outside-10k
変革期,outside-10k
来歴,outside-10k
回せる,outside-10k
もくもくと,outside-10k
東中,outside-10k
剃る,outside-10k
燗,outside-10k
ユーリ,outside-10k
亡骸,outside-10k
ハーツ,outside-10k
跳ね上がっ,outside-10k
保谷,outside-10k
さがっ,outside-10k
分際,outside-10k
除隊,outside-10k
編制,outside-10k
ウェルカム,outside-10k
伝い,outside-10k
立木,outside-10k
米州,outside-10k
こまる,outside-10k
可笑し,outside-10k
取り払っ,outside-10k
発ち,outside-10k
剥き,outside-10k
達せ,outside-10k
ウルムチ,outside-10k
祝い事,outside-10k
千葉ロッテ,outside-10k
神髄,outside-10k
大阪城,outside-10k
つぶら,outside-10k
マンチャ,outside-10k
変幻,outside-10k
イマジン,outside-10k
ビク,outside-10k
慣れっこ,outside-10k
インポッシブル,outside-10k
遠洋,outside-10k
ストリートチルドレン,outside-10k
琉球新報,outside-10k
ステファニー,outside-10k
うじゃうじゃ,outside-10k
ジョンイル,outside-10k
適否,outside-10k
謀反,outside-10k
訟,outside-10k
各回,outside-10k
ミッチー,outside-10k
めくれ,outside-10k
愛煙,outside-10k
ビーンズ,outside-10k
ニューイングランド,outside-10k
振りまい,outside-10k
穴子,outside-10k
勝ち取り,outside-10k
アイゼンハワー,outside-10k
上大岡,outside-10k
金欠,outside-10k
ケヤキ,outside-10k
口絵,outside-10k
暫,outside-10k
終端,outside-10k
マカロン,outside-10k
うなずけ,outside-10k
彼我,outside-10k
宗徳,outside-10k
失語症,outside-10k
テキーラ,outside-10k
おそい,outside-10k
受かり,outside-10k
加勢,outside-10k
うずら,outside-10k
技士,outside-10k
入り交じっ,outside-10k
セミナ,outside-10k
抜こ,outside-10k
睨む,outside-10k
山口組,outside-10k
取り出せる,outside-10k
アベレージ,outside-10k
隆雄,outside-10k
亜麻,outside-10k
コテ,outside-10k
閏,outside-10k
持ち越さ,outside-10k
フィエスタ,outside-10k
薮,outside-10k
徐行,outside-10k
焦土,outside-10k
下野,outside-10k
オリンピア,outside-10k
ハッピ,outside-10k
天理,outside-10k
切り傷,outside-10k
順一,outside-10k
シュナイダー,outside-10k
デフレーション,outside-10k
輪ゴム,outside-10k
宏子,outside-10k
とりかかっ,outside-10k
無量,outside-10k
おかえりなさい,outside-10k
ショージ,outside-10k
ジョグ,outside-10k
先年,outside-10k
見せろ,outside-10k
加州,outside-10k
杰,outside-10k
苦役,outside-10k
てんやわんや,outside-10k
ザンキ,outside-10k
刺さる,outside-10k
猪熊,outside-10k
あぐね,outside-10k
付きまとう,outside-10k
ギグ,outside-10k
メタボリックシンドローム,outside-10k
いちろう,outside-10k
ほえ,outside-10k
奥方,outside-10k
はじか,outside-10k
明石書店,outside-10k
成虫,outside-10k
たくらん,outside-10k
穗,outside-10k
ターミネーター,outside-10k
画す,outside-10k
初球,outside-10k
イーベイ,outside-10k
詣で,outside-10k
くだもの,outside-10k
官軍,outside-10k
黒白,outside-10k
吹き出す,outside-10k
麻衣子,outside-10k
鉄条,outside-10k
ペッパー,outside-10k
月尾,outside-10k
嘴,outside-10k
コンピレーション,outside-10k
なけなし,outside-10k
心がまえ,outside-10k
絹子,outside-10k
天竜,outside-10k
天満宮,outside-10k
老衰,outside-10k
丑,outside-10k
たれる,outside-10k
もどす,outside-10k
心掛ける,outside-10k
チャンプ,outside-10k
アバディーン,outside-10k
小野小町,outside-10k
ちやほや,outside-10k
西鉄,outside-10k
荷主,outside-10k
空耳,outside-10k
近づこ,outside-10k
かき分け,outside-10k
嘆息,outside-10k
トリガ,outside-10k
寄託,outside-10k
益金,outside-10k
好き好き,outside-10k
カラッと,outside-10k
徳間,outside-10k
スピ,outside-10k
付する,outside-10k
磨け,outside-10k
瀬田,outside-10k
ようやっと,outside-10k
奈緒,outside-10k
天台,outside-10k
零下,outside-10k
からま,outside-10k
追想,outside-10k
イーエリ,outside-10k
ツナギ,outside-10k
外遊,outside-10k
耀,outside-10k
ハノーファー,outside-10k
義足,outside-10k
祝わ,outside-10k
子規,outside-10k
トドメ,outside-10k
ヨセミテ,outside-10k
ハロルド,outside-10k
アジア開発銀行,outside-10k
クロスワード,outside-10k
検品,outside-10k
木屋,outside-10k
詈,outside-10k
学習研究社,outside-10k
鞭撻,outside-10k
勝ち進ん,outside-10k
放射状,outside-10k
見過ごさ,outside-10k
移出,outside-10k
秋津,outside-10k
酒盛り,outside-10k
転がす,outside-10k
フォンダ,outside-10k
勝算,outside-10k
女好き,outside-10k
シンバル,outside-10k
牛耳っ,outside-10k
澗,outside-10k
ガチャ,outside-10k
勾玉,outside-10k
すい臓,outside-10k
ブレーメン,outside-10k
天正,outside-10k
例証,outside-10k
ナチズム,outside-10k
ヒダ,outside-10k
トスカーナ,outside-10k
幻視,outside-10k
相克,outside-10k
準則,outside-10k
内観,outside-10k
虚飾,outside-10k
寄進,outside-10k
一睡,outside-10k
廃水,outside-10k
極道,outside-10k
発出,outside-10k
圧殺,outside-10k
点心,outside-10k
炭疽,outside-10k
はじける,outside-10k
会誌,outside-10k
晋作,outside-10k
公案,outside-10k
賁,outside-10k
左前,outside-10k
かしこい,outside-10k
フレスコ,outside-10k
うろつく,outside-10k
木彫,outside-10k
ダラ,outside-10k
カルニチン,outside-10k
折り曲げ,outside-10k
赤川,outside-10k
とみに,outside-10k
ブレーカー,outside-10k
グレープ,outside-10k
一山,outside-10k
新太郎,outside-10k
卓郎,outside-10k
スタブ,outside-10k
一刀両断,outside-10k
枕草子,outside-10k
連夜,outside-10k
買い求める,outside-10k
親ばか,outside-10k
ほど近い,outside-10k
小春日和,outside-10k
ツール・ド・フランス,outside-10k
羮,outside-10k
不仲,outside-10k
媚びる,outside-10k
京阪神,outside-10k
ピラフ,outside-10k
見殺し,outside-10k
内申,outside-10k
トランシーバー,outside-10k
上塗り,outside-10k
サダ,outside-10k
イーサン,outside-10k
コンブ,outside-10k
外堀,outside-10k
昴,outside-10k
諸行無常,outside-10k
きゃあ,outside-10k
梶川,outside-10k
引き抜い,outside-10k
ガバナンス,outside-10k
イマージュ,outside-10k
クリーチャー,outside-10k
激甚,outside-10k
レイラ,outside-10k
神童,outside-10k
見にくい,outside-10k
入出,outside-10k
売り主,outside-10k
ドーバー,outside-10k
嵌め,outside-10k
狛江,outside-10k
偏食,outside-10k
吊っ,outside-10k
フィボナッチ,outside-10k
莞爾,outside-10k
疾,outside-10k
コテコテ,outside-10k
中学年,outside-10k
通電,outside-10k
まさみ,outside-10k
まぐれ,outside-10k
話し掛ける,outside-10k
ツーリズム,outside-10k
あふ,outside-10k
惨禍,outside-10k
冠動脈,outside-10k
条理,outside-10k
食お,outside-10k
見せかける,outside-10k
宣長,outside-10k
トリル,outside-10k
分家,outside-10k
しめて,outside-10k
ベリタ,outside-10k
追いつめる,outside-10k
弱き,outside-10k
障る,outside-10k
ゾロゾロ,outside-10k
蠑,outside-10k
猥雑,outside-10k
とりいれ,outside-10k
旅情,outside-10k
結び付き,outside-10k
肌着,outside-10k
造影,outside-10k
入り江,outside-10k
易し,outside-10k
膸,outside-10k
處,outside-10k
憤っ,outside-10k
石見,outside-10k
紡ぐ,outside-10k
紅海,outside-10k
ポメラニアン,outside-10k
納戸,outside-10k
所与,outside-10k
起ころ,outside-10k
インディア,outside-10k
コーカサス,outside-10k
ロスネフチ,outside-10k
雰,outside-10k
唐津,outside-10k
愚鈍,outside-10k
東京書籍,outside-10k
ジュネーヴ,outside-10k
テンキー,outside-10k
クラウゼヴィッツ,outside-10k
モコ,outside-10k
乱視,outside-10k
泊まれる,outside-10k
まぶしく,outside-10k
ホメオパシー,outside-10k
智美,outside-10k
蔵人,outside-10k
吉兵衛,outside-10k
サンボマスター,outside-10k
嫌がり,outside-10k
玉手箱,outside-10k
メルマ,outside-10k
ゆるみ,outside-10k
みすず,outside-10k
キュリー,outside-10k
用心深く,outside-10k
とち,outside-10k
シイタケ,outside-10k
しぼん,outside-10k
ヤマダ,outside-10k
フリル,outside-10k
正利,outside-10k
押して,outside-10k
白梅,outside-10k
係わり,outside-10k
バリッド,outside-10k
果たそ,outside-10k
うかうか,outside-10k
総代,outside-10k
おこさ,outside-10k
復唱,outside-10k
蟷,outside-10k
間借り,outside-10k
釜ヶ崎,outside-10k
叩き込ん,outside-10k
ザキ,outside-10k
ムチャクチャ,outside-10k
そお,outside-10k
ぶどう酒,outside-10k
後先,outside-10k
真之,outside-10k
スリーブ,outside-10k
社協,outside-10k
ボウルズ,outside-10k
油性,outside-10k
串カツ,outside-10k
マッド,outside-10k
孟子,outside-10k
寝耳,outside-10k
ジャンジャン,outside-10k
胃痛,outside-10k
兵舎,outside-10k
停める,outside-10k
メートル法,outside-10k
精華,outside-10k
先だって,outside-10k
おちゃめ,outside-10k
空し,outside-10k
当てはまっ,outside-10k
寸分,outside-10k
かかわり合い,outside-10k
割り出す,outside-10k
マンボ,outside-10k
アイズ,outside-10k
食害,outside-10k
さとみ,outside-10k
長沼,outside-10k
くびれ,outside-10k
ニュルンベルグ,outside-10k
賄い,outside-10k
修造,outside-10k
替り,outside-10k
植わっ,outside-10k
テオ,outside-10k
極まる,outside-10k
錦糸町,outside-10k
ヤダ,outside-10k
精舎,outside-10k
専修大学,outside-10k
酋,outside-10k
我流,outside-10k
もそ,outside-10k
元号,outside-10k
鯀,outside-10k
またし,outside-10k
エニアグラム,outside-10k
軍機,outside-10k
踏ん切り,outside-10k
もぐら,outside-10k
都筑,outside-10k
くむ,outside-10k
霾,outside-10k
土門,outside-10k
振り向ける,outside-10k
滑降,outside-10k
つまんない,outside-10k
使えれ,outside-10k
追い越す,outside-10k
饂飩,outside-10k
伊沢,outside-10k
イヤリング,outside-10k
卵黄,outside-10k
配水,outside-10k
インキ,outside-10k
モリー,outside-10k
除幕,outside-10k
青臭い,outside-10k
プリティ,outside-10k
チューナ,outside-10k
西行,outside-10k
悩まし,outside-10k
奥州,outside-10k
扮する,outside-10k
興亡,outside-10k
朝陽,outside-10k
ミシシッピー,outside-10k
亮子,outside-10k
しこう,outside-10k
礫,outside-10k
凌い,outside-10k
行幸,outside-10k
グロッソ,outside-10k
ヤセ,outside-10k
排尿,outside-10k
菊田,outside-10k
英之,outside-10k
朋美,outside-10k
信州大学,outside-10k
言い値,outside-10k
ぶつから,outside-10k
薬師,outside-10k
ポリゴン,outside-10k
おおっぴら,outside-10k
シャチ,outside-10k
クルト,outside-10k
黒子,outside-10k
酌量,outside-10k
オイストラフ,outside-10k
消そ,outside-10k
覚えれ,outside-10k
接尾,outside-10k
神明,outside-10k
アニメーター,outside-10k
多神教,outside-10k
歓送,outside-10k
納まる,outside-10k
囁い,outside-10k
パティオ,outside-10k
エクスペリエンス,outside-10k
シュレーダー,outside-10k
龍神,outside-10k
木彫り,outside-10k
律し,outside-10k
ハンドラ,outside-10k
銃剣,outside-10k
縄跳び,outside-10k
盛る,outside-10k
クラスタリング,outside-10k
アニミズム,outside-10k
銀行株,outside-10k
回送,outside-10k
カモフラージュ,outside-10k
交点,outside-10k
過料,outside-10k
持ちきり,outside-10k
あやまち,outside-10k
寄せ書き,outside-10k
ウェブブラウザ,outside-10k
湖岸,outside-10k
手痛い,outside-10k
似る,outside-10k
順々,outside-10k
喝破,outside-10k
持ち込も,outside-10k
ジロ,outside-10k
ワンピ,outside-10k
科技庁,outside-10k
歌い上げ,outside-10k
リッキー,outside-10k
中條,outside-10k
引き入れ,outside-10k
ピエモンテ,outside-10k
縦走,outside-10k
捕っ,outside-10k
金目,outside-10k
スプラッシュ,outside-10k
精彩,outside-10k
台紙,outside-10k
造幣局,outside-10k
げんこつ,outside-10k
狭心症,outside-10k
閉じこもり,outside-10k
丸紅,outside-10k
反目,outside-10k
よしっ,outside-10k
ジリジリ,outside-10k
澄子,outside-10k
たるん,outside-10k
タージ,outside-10k
お茶の水女子大学,outside-10k
カリー,outside-10k
涎,outside-10k
キャズム,outside-10k
飯野,outside-10k
どる,outside-10k
うるうる,outside-10k
差し引く,outside-10k
総菜,outside-10k
跳ねる,outside-10k
鳴か,outside-10k
公僕,outside-10k
ハマー,outside-10k
群青,outside-10k
北千住,outside-10k
ついて行く,outside-10k
マンネリ化,outside-10k
タタール,outside-10k
濱中,outside-10k
始球,outside-10k
泰三,outside-10k
カミオカンデ,outside-10k
申し付け,outside-10k
武史,outside-10k
オマール,outside-10k
公海,outside-10k
鸞,outside-10k
ネットスケープ,outside-10k
禅問答,outside-10k
隆之,outside-10k
シュワブ,outside-10k
ぶらさげ,outside-10k
仲村,outside-10k
光太郎,outside-10k
人徳,outside-10k
密造,outside-10k
フラー,outside-10k
ヘンプ,outside-10k
楾,outside-10k
小細工,outside-10k
シンガーソングライター,outside-10k
ニヤ,outside-10k
みだりに,outside-10k
荻野,outside-10k
芝原,outside-10k
思いつめ,outside-10k
利殖,outside-10k
無様,outside-10k
智恵子,outside-10k
全品,outside-10k
執刀,outside-10k
悲愴,outside-10k
ザッパ,outside-10k
犠,outside-10k
ワグナー,outside-10k
淒,outside-10k
借り換え,outside-10k
麦芽,outside-10k
誇らしく,outside-10k
節々,outside-10k
声量,outside-10k
北イタリア,outside-10k
些,outside-10k
大二郎,outside-10k
恩来,outside-10k
突き詰める,outside-10k
感ぜ,outside-10k
拡,outside-10k
あそぼ,outside-10k
狩っ,outside-10k
写像,outside-10k
ビビる,outside-10k
いつぞや,outside-10k
拓い,outside-10k
生臭い,outside-10k
松任谷,outside-10k
ギネスブック,outside-10k
ゴボウ,outside-10k
弖,outside-10k
天王,outside-10k
ターニ,outside-10k
僖,outside-10k
得心,outside-10k
ちる,outside-10k
都府県,outside-10k
血眼,outside-10k
タラフマラ,outside-10k
けんじ,outside-10k
パサパサ,outside-10k
ひろがり,outside-10k
ローザ,outside-10k
たすき,outside-10k
照度,outside-10k
エルトン,outside-10k
あてはまら,outside-10k
ツーカー,outside-10k
単色,outside-10k
手つかず,outside-10k
好影響,outside-10k
劇評,outside-10k
訴権,outside-10k
抜き差し,outside-10k
昆,outside-10k
ニーナ,outside-10k
鉄格子,outside-10k
患い,outside-10k
マイクロプロセッサ,outside-10k
挙がる,outside-10k
ブラント,outside-10k
上席,outside-10k
背く,outside-10k
コンピテンシー,outside-10k
贈賄,outside-10k
句会,outside-10k
病み,outside-10k
今出川,outside-10k
茶店,outside-10k
幕内,outside-10k
お祓い,outside-10k
沸,outside-10k
売名,outside-10k
ギャルゲー,outside-10k
茂吉,outside-10k
まねき猫,outside-10k
ダール,outside-10k
ほほえみ,outside-10k
瓦版,outside-10k
離発着,outside-10k
沈める,outside-10k
はらむ,outside-10k
榎,outside-10k
脱稿,outside-10k
和洋,outside-10k
はじい,outside-10k
叛乱,outside-10k
取り掛かり,outside-10k
舶来,outside-10k
メーテル,outside-10k
はまら,outside-10k
ジェントルマン,outside-10k
サンディ,outside-10k
蹇,outside-10k
主戦,outside-10k
酢酸,outside-10k
せこ,outside-10k
薄情,outside-10k
きそう,outside-10k
カミ,outside-10k
奈美,outside-10k
織り込む,outside-10k
抄訳,outside-10k
新駅,outside-10k
実父,outside-10k
本欄,outside-10k
モノトーン,outside-10k
キッカー,outside-10k
ほっそり,outside-10k
被ら,outside-10k
駆り出さ,outside-10k
惜,outside-10k
霊力,outside-10k
ガードナー,outside-10k
飼養,outside-10k
シャベル,outside-10k
斤,outside-10k
グスタフ,outside-10k
北極圏,outside-10k
一念,outside-10k
ともこ,outside-10k
いちじく,outside-10k
鱒,outside-10k
マスターベーション,outside-10k
すっぽん,outside-10k
依り,outside-10k
盻,outside-10k
ロッテルダム,outside-10k
マティス,outside-10k
津山,outside-10k
火付け,outside-10k
砂嵐,outside-10k
ヤンゴン,outside-10k
かたどっ,outside-10k
応えよ,outside-10k
会心,outside-10k
言葉づかい,outside-10k
いじくり,outside-10k
文夫,outside-10k
エモーショナル,outside-10k
殊更,outside-10k
悪辣,outside-10k
烈火,outside-10k
人工芝,outside-10k
前島,outside-10k
秀俊,outside-10k
町子,outside-10k
東進,outside-10k
さびしく,outside-10k
誤魔化す,outside-10k
ザラザラ,outside-10k
なつみ,outside-10k
スウィート,outside-10k
黄河,outside-10k
まげ,outside-10k
人間らし,outside-10k
久遠,outside-10k
允,outside-10k
性悪説,outside-10k
敵艦,outside-10k
コンニャク,outside-10k
歯がゆい,outside-10k
ホリスティック,outside-10k
ウェバー,outside-10k
湯水,outside-10k
ダイハツ,outside-10k
確度,outside-10k
ハロゲン,outside-10k
極性,outside-10k
陸橋,outside-10k
鼻毛,outside-10k
洗い場,outside-10k
ホログラム,outside-10k
有明海,outside-10k
小竹,outside-10k
後書き,outside-10k
ちとせ,outside-10k
調製,outside-10k
一作,outside-10k
限れ,outside-10k
新暦,outside-10k
穀類,outside-10k
涙ぐましい,outside-10k
金言,outside-10k
大もうけ,outside-10k
律令,outside-10k
精神療法,outside-10k
モレラ,outside-10k
周防,outside-10k
直腸,outside-10k
莫迦,outside-10k
キャブ,outside-10k
悦三郎,outside-10k
美味く,outside-10k
うらみ,outside-10k
絵空事,outside-10k
ヨッシー,outside-10k
おおっ,outside-10k
享有,outside-10k
瑞々しい,outside-10k
極刑,outside-10k
あたため,outside-10k
ウイーク,outside-10k
ポニーキャニオン,outside-10k
優る,outside-10k
睡蓮,outside-10k
歌お,outside-10k
アンチョビ,outside-10k
引き締める,outside-10k
九十九里,outside-10k
胃薬,outside-10k
ヶ条,outside-10k
なっちゃん,outside-10k
貯蔵庫,outside-10k
インフォームド・コンセント,outside-10k
セリーグ,outside-10k
ヘミングウェイ,outside-10k
エリザベート,outside-10k
ペインティング,outside-10k
読み直す,outside-10k
しどろもどろ,outside-10k
ドライブイン,outside-10k
ボヤキ,outside-10k
マニキュア,outside-10k
上の空,outside-10k
無菌,outside-10k
にやりと,outside-10k
逸失,outside-10k
涼風,outside-10k
若返っ,outside-10k
グニョン,outside-10k
ブルックス,outside-10k
座標軸,outside-10k
好色,outside-10k
しばら,outside-10k
業況,outside-10k
ルソン,outside-10k
跳ね上がる,outside-10k
ブト,outside-10k
訶,outside-10k
戦功,outside-10k
小船,outside-10k
永岡,outside-10k
ベロ,outside-10k
アイシング,outside-10k
栄える,outside-10k
加えよ,outside-10k
山行,outside-10k
筒抜け,outside-10k
俊哉,outside-10k
別所,outside-10k
やってのける,outside-10k
セリーヌ,outside-10k
吸い取ら,outside-10k
溶い,outside-10k
尽,outside-10k
廃屋,outside-10k
怒鳴りつけ,outside-10k
黒ずん,outside-10k
無くなら,outside-10k
急迫,outside-10k
シンパシー,outside-10k
沢木,outside-10k
オシロスコープ,outside-10k
ギョッ,outside-10k
リライト,outside-10k
競泳,outside-10k
マウンテンバイク,outside-10k
みどころ,outside-10k
南洋,outside-10k
和ん,outside-10k
本願,outside-10k
心ゆく,outside-10k
縫い目,outside-10k
宏一,outside-10k
食傷,outside-10k
大上段,outside-10k
自害,outside-10k
高嶋,outside-10k
冬瓜,outside-10k
なごり,outside-10k
来航,outside-10k
逆なで,outside-10k
サワー,outside-10k
ジリ貧,outside-10k
湛え,outside-10k
密会,outside-10k
ポピュリズム,outside-10k
永江,outside-10k
打ち砕か,outside-10k
詠ま,outside-10k
ブランケット,outside-10k
西東京,outside-10k
ドクトリン,outside-10k
受任,outside-10k
つきまとい,outside-10k
今冬,outside-10k
触診,outside-10k
薄らい,outside-10k
史朗,outside-10k
明月,outside-10k
ダコタ,outside-10k
手のもの,outside-10k
わさん,outside-10k
いやがっ,outside-10k
有珠山,outside-10k
漆間,outside-10k
頭蓋,outside-10k
谷内,outside-10k
総武線,outside-10k
友好国,outside-10k
ドラッジ,outside-10k
ビオトープ,outside-10k
還る,outside-10k
凪子,outside-10k
球面,outside-10k
リンベエ,outside-10k
嵯峨,outside-10k
風見,outside-10k
アッカ,outside-10k
レボリューション,outside-10k
鶏卵,outside-10k
悶え,outside-10k
ピクチャーズ,outside-10k
ミュラー,outside-10k
彫,outside-10k
果す,outside-10k
宥,outside-10k
御旗,outside-10k
真実味,outside-10k
ヴァレリー,outside-10k
ふっかけ,outside-10k
思念,outside-10k
タイタス,outside-10k
沖縄タイムス,outside-10k
族長,outside-10k
かざす,outside-10k
迷え,outside-10k
敬之,outside-10k
有朋,outside-10k
鬱蒼,outside-10k
公刊,outside-10k
正副,outside-10k
攪,outside-10k
ブラウジング,outside-10k
難所,outside-10k
耽っ,outside-10k
客間,outside-10k
見積もら,outside-10k
軽重,outside-10k
休まる,outside-10k
不文,outside-10k
能書き,outside-10k
破廉恥,outside-10k
眇,outside-10k
抜かす,outside-10k
府内,outside-10k
穣,outside-10k
挙げよ,outside-10k
錚,outside-10k
朝子,outside-10k
食いつぶし,outside-10k
従妹,outside-10k
全敗,outside-10k
苦楽,outside-10k
あまる,outside-10k
積み残し,outside-10k
高梨,outside-10k
カーペンターズ,outside-10k
ニッケイ,outside-10k
炊き出し,outside-10k
ノーマライゼーション,outside-10k
四隅,outside-10k
樣,outside-10k
スナップショット,outside-10k
バツグン,outside-10k
寝入っ,outside-10k
申し込め,outside-10k
えびす,outside-10k
取り乱し,outside-10k
クギ,outside-10k
カイザー,outside-10k
梅毒,outside-10k
泳がせ,outside-10k
いざこざ,outside-10k
マナ,outside-10k
奪い取る,outside-10k
鈍行,outside-10k
川底,outside-10k
鏡面,outside-10k
エリツィン,outside-10k
ぴき,outside-10k
すずらん,outside-10k
配電,outside-10k
ノロ,outside-10k
くっつき,outside-10k
商社マン,outside-10k
博識,outside-10k
サンズ,outside-10k
惹く,outside-10k
モルモット,outside-10k
名馬,outside-10k
日本武道館,outside-10k
お仕置き,outside-10k
多治見,outside-10k
眼光,outside-10k
マリック,outside-10k
若輩,outside-10k
徹頭徹尾,outside-10k
奪お,outside-10k
歎,outside-10k
頼れ,outside-10k
かっこよ,outside-10k
傷心,outside-10k
国立天文台,outside-10k
セレンディピティ,outside-10k
ムカデ,outside-10k
專,outside-10k
みなぎっ,outside-10k
目指,outside-10k
日銀短観,outside-10k
提げ,outside-10k
エステル,outside-10k
生ぬるい,outside-10k
ネイティヴ,outside-10k
肩肘,outside-10k
夜話,outside-10k
ローマン,outside-10k
バインディング,outside-10k
キキ,outside-10k
ゴブレット,outside-10k
高嶺,outside-10k
トリビュート,outside-10k
イシコ,outside-10k
シャノン,outside-10k
ジジ,outside-10k
お下がり,outside-10k
東京都立大学,outside-10k
堅苦しく,outside-10k
肩透かし,outside-10k
長銀,outside-10k
測れ,outside-10k
怪文書,outside-10k
みつかり,outside-10k
ルピア,outside-10k
トマホーク,outside-10k
東経,outside-10k
罵る,outside-10k
呑,outside-10k
アト,outside-10k
可塑,outside-10k
水しぶき,outside-10k
キューピー,outside-10k
ばらまか,outside-10k
カタカタ,outside-10k
気まずく,outside-10k
暗室,outside-10k
北日本,outside-10k
外需,outside-10k
引責,outside-10k
浅草寺,outside-10k
ローカライズ,outside-10k
寵児,outside-10k
ペルシャ湾,outside-10k
うるさかっ,outside-10k
ぎっくり腰,outside-10k
ジュヌ,outside-10k
掃い,outside-10k
コンサドーレ,outside-10k
エヴァン,outside-10k
政管健保,outside-10k
蜥蜴,outside-10k
築き上げる,outside-10k
みじん,outside-10k
天台宗,outside-10k
ヒトデ,outside-10k
架かる,outside-10k
暗転,outside-10k
不死鳥,outside-10k
酒気,outside-10k
ひきつづき,outside-10k
衝,outside-10k
新海,outside-10k
いしゃ,outside-10k
アースデイ,outside-10k
キルケゴール,outside-10k
高階,outside-10k
文吉,outside-10k
驕り,outside-10k
あまい,outside-10k
請負人,outside-10k
でぶ,outside-10k
挺身,outside-10k
あんなふうに,outside-10k
タッカー,outside-10k
仕度,outside-10k
呆気,outside-10k
チキリ,outside-10k
随伴,outside-10k
オンブズパーソン,outside-10k
大瀧,outside-10k
アスター,outside-10k
物知り,outside-10k
乗合,outside-10k
ワイオミング,outside-10k
申し子,outside-10k
引っ掛かる,outside-10k
お茶屋,outside-10k
忍び寄る,outside-10k
惇,outside-10k
康次郎,outside-10k
ひろ子,outside-10k
カリプソ,outside-10k
ジェラシー,outside-10k
思い悩む,outside-10k
ドッグラン,outside-10k
尿道,outside-10k
戒告,outside-10k
惚れ込ん,outside-10k
停車駅,outside-10k
割り引き,outside-10k
紫式部,outside-10k
因果律,outside-10k
スパッツ,outside-10k
無我夢中,outside-10k
うるさ,outside-10k
ひがみ,outside-10k
買い戻す,outside-10k
開けっ放し,outside-10k
寝かしつけ,outside-10k
たまり場,outside-10k
県人,outside-10k
野毛,outside-10k
暴飲,outside-10k
フラグメント,outside-10k
祝し,outside-10k
ディベロッパー,outside-10k
重合,outside-10k
理屈っぽい,outside-10k
目眩,outside-10k
荏原,outside-10k
豈,outside-10k
注解,outside-10k
白線,outside-10k
銃砲,outside-10k
駅長,outside-10k
甜,outside-10k
放さ,outside-10k
温故知新,outside-10k
半裸,outside-10k
大部屋,outside-10k
かき揚げ,outside-10k
以北,outside-10k
激辛,outside-10k
警笛,outside-10k
突き付け,outside-10k
チャド,outside-10k
美由希,outside-10k
ブレイス,outside-10k
ギリアム,outside-10k
園地,outside-10k
パイル,outside-10k
十河,outside-10k
危な,outside-10k
養父,outside-10k
末吉,outside-10k
オードブル,outside-10k
自活,outside-10k
定形,outside-10k
エッセンシャルオイル,outside-10k
起案,outside-10k
播種,outside-10k
什器,outside-10k
貸せ,outside-10k
ツェッペリン,outside-10k
サンデー毎日,outside-10k
生乳,outside-10k
水爆,outside-10k
貸し借り,outside-10k
日本ユニセフ協会,outside-10k
藤堂,outside-10k
册,outside-10k
スミソニアン,outside-10k
トコトコ,outside-10k
彦根,outside-10k
蜜月,outside-10k
高２,outside-10k
新古,outside-10k
締め出さ,outside-10k
鋸,outside-10k
エコツーリズム,outside-10k
消え失せ,outside-10k
風圧,outside-10k
へばりつい,outside-10k
引手,outside-10k
コミニュケーション,outside-10k
リノベーション,outside-10k
ジャマ,outside-10k
顧みる,outside-10k
興す,outside-10k
信じれ,outside-10k
えーっと,outside-10k
ジャパンタイムズ,outside-10k
傷つか,outside-10k
マイルズ,outside-10k
喉元,outside-10k
道後,outside-10k
上島,outside-10k
亢進,outside-10k
模糊,outside-10k
係わら,outside-10k
吹き荒れる,outside-10k
飛び出る,outside-10k
土中,outside-10k
気構え,outside-10k
四つ目,outside-10k
暗算,outside-10k
放逐,outside-10k
ソフトドリンク,outside-10k
雨風,outside-10k
崇敬,outside-10k
燦然,outside-10k
フィアット,outside-10k
拡げる,outside-10k
ペパーミント,outside-10k
分室,outside-10k
パント,outside-10k
蔑,outside-10k
気丈,outside-10k
レイト,outside-10k
入れろ,outside-10k
診る,outside-10k
剛健,outside-10k
迎え入れる,outside-10k
締めくくら,outside-10k
食糧難,outside-10k
清人,outside-10k
豪傑,outside-10k
渡ろ,outside-10k
生活協同組合,outside-10k
鋭角,outside-10k
つやつや,outside-10k
へんてこ,outside-10k
ニノ,outside-10k
毛並み,outside-10k
市価,outside-10k
治そ,outside-10k
重なり合う,outside-10k
青山学院大学,outside-10k
紀伊,outside-10k
督励,outside-10k
裏地,outside-10k
ショーツ,outside-10k
走り出す,outside-10k
生け贄,outside-10k
押し下げ,outside-10k
癌腫,outside-10k
組員,outside-10k
下條,outside-10k
勝ち誇っ,outside-10k
穂積,outside-10k
保利,outside-10k
エスタブリッシュメント,outside-10k
溶融,outside-10k
浅草橋,outside-10k
引き際,outside-10k
噛みしめ,outside-10k
邂,outside-10k
タルコフスキー,outside-10k
青信号,outside-10k
ビンタ,outside-10k
不等式,outside-10k
ナイスガイ,outside-10k
電離,outside-10k
月餅,outside-10k
外地,outside-10k
永吉,outside-10k
急ぎ足,outside-10k
ヴェニス,outside-10k
面食らっ,outside-10k
セルフコーチング,outside-10k
乏しかっ,outside-10k
垂れ下がっ,outside-10k
上高地,outside-10k
餞別,outside-10k
眩,outside-10k
季節外れ,outside-10k
巻き付け,outside-10k
規則正しく,outside-10k
市道,outside-10k
食い込む,outside-10k
ジェラート,outside-10k
大元,outside-10k
トゥー,outside-10k
ドッグフード,outside-10k
実業之日本社,outside-10k
揚力,outside-10k
印章,outside-10k
吹っ飛ぶ,outside-10k
このみ,outside-10k
ラジカル,outside-10k
四畳半,outside-10k
焼け跡,outside-10k
都電,outside-10k
眤,outside-10k
攅,outside-10k
キャニオン,outside-10k
測ら,outside-10k
ヴィンセント,outside-10k
前妻,outside-10k
酒鬼,outside-10k
両隣,outside-10k
ぽろぽろ,outside-10k
クリル,outside-10k
失禁,outside-10k
むかつい,outside-10k
バルザック,outside-10k
同館,outside-10k
インボイス,outside-10k
時雨,outside-10k
いっとき,outside-10k
放散,outside-10k
厳島,outside-10k
エグ,outside-10k
盛り上げよ,outside-10k
ヘレニズム,outside-10k
むかえる,outside-10k
平方キロメートル,outside-10k
さしかかる,outside-10k
丹精,outside-10k
番狂わせ,outside-10k
ムエタイ,outside-10k
アンジー,outside-10k
分かつ,outside-10k
トチ,outside-10k
写さ,outside-10k
ラザフォード,outside-10k
美浦,outside-10k
はみだし,outside-10k
トリエンナーレ,outside-10k
表通り,outside-10k
海舟,outside-10k
合繊,outside-10k
ベイスターズ,outside-10k
堀之内,outside-10k
早坂,outside-10k
裂い,outside-10k
キスギ,outside-10k
セバスティアン,outside-10k
縁談,outside-10k
クボタ,outside-10k
暴漢,outside-10k
キヨシ,outside-10k
勝ち残る,outside-10k
布製,outside-10k
ニジェール,outside-10k
釣り場,outside-10k
体形,outside-10k
腕章,outside-10k
豪族,outside-10k
たわわ,outside-10k
公論,outside-10k
男根,outside-10k
中之島,outside-10k
垢抜け,outside-10k
トミ,outside-10k
エスモード,outside-10k
バンジョー,outside-10k
タンニン,outside-10k
省察,outside-10k
ニトロ,outside-10k
ホットケーキ,outside-10k
とおる,outside-10k
おちる,outside-10k
素っ裸,outside-10k
交わっ,outside-10k
盗掘,outside-10k
双璧,outside-10k
損ない,outside-10k
本隊,outside-10k
サシ,outside-10k
長けれ,outside-10k
播磨,outside-10k
一江,outside-10k
酸っぱく,outside-10k
飛び立ち,outside-10k
呼びつけ,outside-10k
シンボルマーク,outside-10k
美顔,outside-10k
田植,outside-10k
向日葵,outside-10k
よこす,outside-10k
黙れ,outside-10k
泉大津,outside-10k
早産,outside-10k
防が,outside-10k
打順,outside-10k
憎,outside-10k
おしゃぶり,outside-10k
澱粉,outside-10k
隆志,outside-10k
目障り,outside-10k
キャディ,outside-10k
ユークリッド,outside-10k
白濁,outside-10k
護持,outside-10k
シカト,outside-10k
コーネル,outside-10k
光陰,outside-10k
ホウ,outside-10k
国書刊行会,outside-10k
弁え,outside-10k
由々しき,outside-10k
なんの,outside-10k
窯元,outside-10k
捏ね,outside-10k
乱獲,outside-10k
コソコソ,outside-10k
クレソン,outside-10k
マジョルカ,outside-10k
仕込む,outside-10k
クリステル,outside-10k
すわる,outside-10k
無臭,outside-10k
おすそ分け,outside-10k
中部電力,outside-10k
ドキ,outside-10k
菠,outside-10k
あはれ,outside-10k
上申,outside-10k
歪む,outside-10k
森林公園,outside-10k
牧之内,outside-10k
息遣い,outside-10k
咬,outside-10k
賎,outside-10k
潟,outside-10k
英ポンド,outside-10k
クサ,outside-10k
システマティック,outside-10k
全館,outside-10k
かたまっ,outside-10k
プラネット,outside-10k
流転,outside-10k
下腹,outside-10k
マイメロ,outside-10k
封じ込める,outside-10k
叛,outside-10k
段違い,outside-10k
與一,outside-10k
ぜんそく,outside-10k
父性,outside-10k
乏,outside-10k
ソコ,outside-10k
硬め,outside-10k
はねる,outside-10k
家財道具,outside-10k
臨死,outside-10k
下戸,outside-10k
タスマニア,outside-10k
寝かし,outside-10k
イオン化,outside-10k
脱臭,outside-10k
ゲモール,outside-10k
物足りなかっ,outside-10k
析,outside-10k
呼出し,outside-10k
夢幻,outside-10k
滲ん,outside-10k
ジブ,outside-10k
威風,outside-10k
掛け合わ,outside-10k
ぼら,outside-10k
砺波,outside-10k
現有,outside-10k
ビオラ,outside-10k
千恵子,outside-10k
荒ん,outside-10k
広志,outside-10k
うなら,outside-10k
もくろみ,outside-10k
神託,outside-10k
私小説,outside-10k
ながめる,outside-10k
騒ぎ立てる,outside-10k
全島,outside-10k
歳三,outside-10k
大漁,outside-10k
誠二,outside-10k
あど,outside-10k
碕,outside-10k
オーウェル,outside-10k
大夫,outside-10k
家並み,outside-10k
木片,outside-10k
くりかえす,outside-10k
内大臣,outside-10k
贋,outside-10k
ゴキ,outside-10k
アベック,outside-10k
うめき声,outside-10k
トポロジー,outside-10k
トウガラシ,outside-10k
試射,outside-10k
戌年,outside-10k
もたもた,outside-10k
タミヤ,outside-10k
品名,outside-10k
背部,outside-10k
世渡り,outside-10k
榮一,outside-10k
児島,outside-10k
ポッ,outside-10k
紡い,outside-10k
寄りかかっ,outside-10k
旺文社,outside-10k
ゴシゴシ,outside-10k
冥界,outside-10k
赤嶺,outside-10k
マーケッティング,outside-10k
宗旨,outside-10k
チゲ,outside-10k
もが,outside-10k
觴,outside-10k
いらい,outside-10k
淡く,outside-10k
六甲台,outside-10k
査問,outside-10k
永世,outside-10k
えんじ,outside-10k
ブックレビュー,outside-10k
無理強い,outside-10k
東京外国語大学,outside-10k
取りまとめる,outside-10k
水脈,outside-10k
オバハン,outside-10k
サントリーホール,outside-10k
ちんぷんかんぷん,outside-10k
衛藤,outside-10k
ゴート,outside-10k
シリル,outside-10k
禁固刑,outside-10k
機知,outside-10k
八方美人,outside-10k
ニュータイプ,outside-10k
ジュビロ磐田,outside-10k
グレコ,outside-10k
本源,outside-10k
総覧,outside-10k
南無,outside-10k
クローム,outside-10k
セルシオ,outside-10k
時々刻々,outside-10k
取手,outside-10k
もうかっ,outside-10k
燐,outside-10k
モデレータ,outside-10k
サーベイ,outside-10k
破砕,outside-10k
過ぎ去る,outside-10k
存否,outside-10k
シュリ,outside-10k
使いもの,outside-10k
セコンド,outside-10k
狭隘,outside-10k
かぶさっ,outside-10k
ヌ,outside-10k
ウィルバー,outside-10k
荻,outside-10k
ガンマ,outside-10k
ベビーブーム,outside-10k
わざとらしい,outside-10k
カノッサ,outside-10k
ヤマザキ,outside-10k
ギャンブラー,outside-10k
マズロー,outside-10k
スカラ座,outside-10k
断わっ,outside-10k
檢,outside-10k
キャット,outside-10k
はみ,outside-10k
三つ葉,outside-10k
無認可,outside-10k
侍従,outside-10k
雅弘,outside-10k
真里,outside-10k
散らばる,outside-10k
レンジャース,outside-10k
殿方,outside-10k
グランドキャニオン,outside-10k
餓,outside-10k
シンシナティ,outside-10k
滞る,outside-10k
エンスト,outside-10k
間々,outside-10k
エートス,outside-10k
僅少,outside-10k
知らんぷり,outside-10k
手垢,outside-10k
ゴールドコースト,outside-10k
正博,outside-10k
隆行,outside-10k
バルト海,outside-10k
イーガン,outside-10k
百害,outside-10k
オデッセイ,outside-10k
コンビニエンス,outside-10k
カールトン,outside-10k
わたす,outside-10k
草むしり,outside-10k
ホルスト,outside-10k
名月,outside-10k
びわ,outside-10k
最澄,outside-10k
京浜東北線,outside-10k
もらす,outside-10k
背水,outside-10k
五目,outside-10k
右左,outside-10k
心筋,outside-10k
アイン,outside-10k
欲しけれ,outside-10k
回れる,outside-10k
ボイド,outside-10k
マードック,outside-10k
中座,outside-10k
封殺,outside-10k
棚橋,outside-10k
皓,outside-10k
蠢,outside-10k
ビリビリ,outside-10k
真子,outside-10k
ミリリットル,outside-10k
無私,outside-10k
温帯,outside-10k
チューハイ,outside-10k
日蓮宗,outside-10k
嚥下,outside-10k
がんばれる,outside-10k
囮,outside-10k
チカチカ,outside-10k
バファローズ,outside-10k
やおら,outside-10k
インゴット,outside-10k
遠のく,outside-10k
プロフ,outside-10k
似つかわしく,outside-10k
亘り,outside-10k
遷都,outside-10k
引き抜か,outside-10k
融解,outside-10k
セッター,outside-10k
勝機,outside-10k
三人称,outside-10k
結べ,outside-10k
エイプリル,outside-10k
くくる,outside-10k
一隅,outside-10k
揉め事,outside-10k
両人,outside-10k
入退院,outside-10k
勝ち星,outside-10k
減圧,outside-10k
宴席,outside-10k
久太郎,outside-10k
滅菌,outside-10k
コンピュ,outside-10k
コミックウェブログ,outside-10k
散骨,outside-10k
山桜,outside-10k
馮,outside-10k
被服,outside-10k
よくもまあ,outside-10k
閃,outside-10k
ジェラール,outside-10k
ハチ公,outside-10k
ティモシー,outside-10k
馬上,outside-10k
北澤,outside-10k
取扱う,outside-10k
貴男,outside-10k
擦っ,outside-10k
有作,outside-10k
杉野,outside-10k
引き下がる,outside-10k
ツレ,outside-10k
去ろ,outside-10k
脱穀,outside-10k
ワンダフル,outside-10k
俗説,outside-10k
ガチョウ,outside-10k
容子,outside-10k
アイリーン,outside-10k
逃げ回っ,outside-10k
氏子,outside-10k
フェティシズム,outside-10k
刈羽,outside-10k
あやかっ,outside-10k
退き,outside-10k
ワードプロセッサ,outside-10k
引火,outside-10k
おどし,outside-10k
純化,outside-10k
弘之,outside-10k
せつな,outside-10k
奇遇,outside-10k
ご多忙,outside-10k
行けれ,outside-10k
清聴,outside-10k
捨て身,outside-10k
待ち受ける,outside-10k
苦み,outside-10k
カラシ,outside-10k
ラテ,outside-10k
月食,outside-10k
サツ,outside-10k
尻込み,outside-10k
ヴィルヘルム,outside-10k
はめ込ん,outside-10k
無生物,outside-10k
きせ,outside-10k
理化学研究所,outside-10k
サンライズ,outside-10k
ティッシュペーパー,outside-10k
歉,outside-10k
伝われ,outside-10k
ミリオネア,outside-10k
ズバッ,outside-10k
秋桜,outside-10k
いくばく,outside-10k
やりなおし,outside-10k
セコ,outside-10k
ハミング,outside-10k
反訴,outside-10k
貼り紙,outside-10k
小娘,outside-10k
根差し,outside-10k
オフト,outside-10k
八角,outside-10k
艦内,outside-10k
ザビエル,outside-10k
山古志,outside-10k
民需,outside-10k
買いだめ,outside-10k
プッ,outside-10k
幸彦,outside-10k
相成っ,outside-10k
おびえる,outside-10k
上中,outside-10k
溜飲,outside-10k
ナル,outside-10k
メラニン,outside-10k
セスナ,outside-10k
二木,outside-10k
富雄,outside-10k
望郷,outside-10k
シミュレーター,outside-10k
カバレッジ,outside-10k
ポプラ社,outside-10k
鷺,outside-10k
牢屋,outside-10k
梵,outside-10k
衢,outside-10k
チェーンソー,outside-10k
頃合,outside-10k
明年,outside-10k
頚椎,outside-10k
天窓,outside-10k
とえ,outside-10k
ジョゼ,outside-10k
弘一,outside-10k
テクニシャン,outside-10k
サルデーニャ,outside-10k
アストロ,outside-10k
ええい,outside-10k
オートレース,outside-10k
ビワ,outside-10k
げき,outside-10k
市警,outside-10k
チヤ,outside-10k
金太郎,outside-10k
尾翼,outside-10k
コギャル,outside-10k
ヤイ,outside-10k
献呈,outside-10k
日乗,outside-10k
アトルガン,outside-10k
見抜か,outside-10k
ベルリン・フィル,outside-10k
南無阿弥陀仏,outside-10k
たどりつき,outside-10k
聖教,outside-10k
思い込ま,outside-10k
バチスタ,outside-10k
重軽傷,outside-10k
轟,outside-10k
消音,outside-10k
卒倒,outside-10k
負かし,outside-10k
ゲップ,outside-10k
大儀,outside-10k
平滑,outside-10k
極致,outside-10k
ここいら,outside-10k
ごつごつ,outside-10k
買い取ら,outside-10k
提議,outside-10k
寝食,outside-10k
ライズ,outside-10k
よしあし,outside-10k
アルビ,outside-10k
阿川,outside-10k
押尾,outside-10k
ロシヤ,outside-10k
のっぽ,outside-10k
まかなえる,outside-10k
ブッチ,outside-10k
送り主,outside-10k
むさぼり,outside-10k
フィニー,outside-10k
森林浴,outside-10k
梨木,outside-10k
多極化,outside-10k
草薙,outside-10k
ヘボ,outside-10k
演壇,outside-10k
あわわ,outside-10k
アルメリア,outside-10k
ジョニ,outside-10k
ベティ,outside-10k
たすけ,outside-10k
旧家,outside-10k
奇術,outside-10k
進水,outside-10k
向山,outside-10k
軍法,outside-10k
カレラ,outside-10k
ゴーサイン,outside-10k
ホステル,outside-10k
ストーリィ,outside-10k
ドレスアップ,outside-10k
志穂,outside-10k
道化師,outside-10k
イングランド銀行,outside-10k
引き戻さ,outside-10k
スレスレ,outside-10k
ぶんか社,outside-10k
踏み外し,outside-10k
根づい,outside-10k
レイオフ,outside-10k
受けいれ,outside-10k
いにゃ,outside-10k
コンパクトカメラ,outside-10k
亜子,outside-10k
めんどい,outside-10k
エピ,outside-10k
ぞんざい,outside-10k
やばかっ,outside-10k
卑弥呼,outside-10k
藤永,outside-10k
功徳,outside-10k
ウインカー,outside-10k
セロテープ,outside-10k
殺気,outside-10k
筋肉質,outside-10k
移築,outside-10k
黒星,outside-10k
大火,outside-10k
賄える,outside-10k
あわてる,outside-10k
回し者,outside-10k
わかば,outside-10k
中外,outside-10k
上山,outside-10k
丸子,outside-10k
白目,outside-10k
スポーツマンシップ,outside-10k
巣立ち,outside-10k
米長,outside-10k
野焼き,outside-10k
ヤドカリ,outside-10k
溜まり場,outside-10k
イナゴ,outside-10k
エアポート,outside-10k
ルーペ,outside-10k
赤とんぼ,outside-10k
お家芸,outside-10k
つむっ,outside-10k
フォーブス,outside-10k
晁,outside-10k
レイジ,outside-10k
のたまう,outside-10k
プルプル,outside-10k
変位,outside-10k
高城,outside-10k
真っすぐ,outside-10k
改まっ,outside-10k
萢,outside-10k
マンマ,outside-10k
ボイジャー,outside-10k
去来,outside-10k
キンキン,outside-10k
ベンゼン,outside-10k
純金,outside-10k
求愛,outside-10k
団扇,outside-10k
不摂生,outside-10k
首吊り,outside-10k
愛しく,outside-10k
コロニア,outside-10k
一升瓶,outside-10k
きりん,outside-10k
碑文,outside-10k
級数,outside-10k
イーハトーブ,outside-10k
自賠責,outside-10k
出色,outside-10k
エミール,outside-10k
丹下,outside-10k
還,outside-10k
すったもんだ,outside-10k
島袋,outside-10k
夜店,outside-10k
ウィッグ,outside-10k
エフカップ,outside-10k
アーチェリー,outside-10k
転がり込ん,outside-10k
てんとう,outside-10k
社用,outside-10k
不死身,outside-10k
きっかり,outside-10k
踏みしめ,outside-10k
さとる,outside-10k
義和,outside-10k
言い合い,outside-10k
団交,outside-10k
ソニエール,outside-10k
耳目,outside-10k
村越,outside-10k
江頭,outside-10k
乍,outside-10k
算盤,outside-10k
畑作,outside-10k
半人前,outside-10k
青果物,outside-10k
密約,outside-10k
神部,outside-10k
したり顔,outside-10k
涯,outside-10k
ミア,outside-10k
失職,outside-10k
取り去っ,outside-10k
武人,outside-10k
佐々,outside-10k
閉ざす,outside-10k
ルカーチ,outside-10k
璃,outside-10k
鉱脈,outside-10k
少林寺,outside-10k
シネマズ,outside-10k
心魂,outside-10k
槍玉,outside-10k
もぐっ,outside-10k
芸風,outside-10k
野営,outside-10k
日出男,outside-10k
夜更け,outside-10k
珍重,outside-10k
生き埋め,outside-10k
美佐子,outside-10k
初年,outside-10k
道草,outside-10k
書き出す,outside-10k
なりたっ,outside-10k
鎮め,outside-10k
腹いせ,outside-10k
くらまし,outside-10k
陰険,outside-10k
腹いっぱい,outside-10k
陣頭,outside-10k
斜里,outside-10k
蹴飛ばし,outside-10k
広かっ,outside-10k
関連付ける,outside-10k
沺,outside-10k
シクラメン,outside-10k
たどたどしい,outside-10k
斟酌,outside-10k
蒼白,outside-10k
ニュースソース,outside-10k
蜜柑,outside-10k
逃避行,outside-10k
小４,outside-10k
アリエ,outside-10k
考えつい,outside-10k
西陣,outside-10k
れんが,outside-10k
須賀,outside-10k
幸三,outside-10k
無得点,outside-10k
フェイ,outside-10k
エレミヤ,outside-10k
干からび,outside-10k
寡婦,outside-10k
由美香,outside-10k
手はず,outside-10k
シュワ,outside-10k
版本,outside-10k
アカネ,outside-10k
エルニーニョ,outside-10k
チェコスロバキア,outside-10k
船越,outside-10k
めぐまれ,outside-10k
反旗,outside-10k
多年,outside-10k
安吾,outside-10k
いじけ,outside-10k
いいかえれ,outside-10k
光弘,outside-10k
親切心,outside-10k
陰惨,outside-10k
上っ面,outside-10k
焦がし,outside-10k
マクロビ,outside-10k
脹,outside-10k
たどり着ける,outside-10k
計ら,outside-10k
農機具,outside-10k
韓米,outside-10k
埋めよ,outside-10k
嗣治,outside-10k
行人,outside-10k
むなし,outside-10k
祈ろ,outside-10k
装具,outside-10k
天下っ,outside-10k
禁錮,outside-10k
アイガモ,outside-10k
ルイーズ,outside-10k
ショール,outside-10k
遊牧,outside-10k
差し障り,outside-10k
倭人,outside-10k
文物,outside-10k
詰め寄っ,outside-10k
浅間山,outside-10k
私情,outside-10k
物価高,outside-10k
光夫,outside-10k
惚れる,outside-10k
なされ,outside-10k
還っ,outside-10k
腹式呼吸,outside-10k
ガラス瓶,outside-10k
くるぶし,outside-10k
引っぱっ,outside-10k
グリセリン,outside-10k
片割れ,outside-10k
チマチマ,outside-10k
マラヤ,outside-10k
キャ,outside-10k
引き下がっ,outside-10k
そびえ立つ,outside-10k
峯山,outside-10k
旧法,outside-10k
橙,outside-10k
落ち込ま,outside-10k
たのしかっ,outside-10k
いのうえ,outside-10k
ハナミズキ,outside-10k
アパッチ,outside-10k
ゴルフコース,outside-10k
イバラ,outside-10k
九九,outside-10k
噺家,outside-10k
祝典,outside-10k
袋叩き,outside-10k
和気藹々,outside-10k
掃き,outside-10k
受洗,outside-10k
誤ら,outside-10k
桜色,outside-10k
朝臣,outside-10k
白玉,outside-10k
シンボリック,outside-10k
虫除け,outside-10k
大阪市立大学,outside-10k
青函,outside-10k
紙片,outside-10k
サンキ,outside-10k
神無月,outside-10k
あやまっ,outside-10k
血肉,outside-10k
ジョイトイ,outside-10k
ほっぺた,outside-10k
芳しい,outside-10k
笑いもの,outside-10k
テトリス,outside-10k
謝れ,outside-10k
わざとらしく,outside-10k
突き刺す,outside-10k
開き直る,outside-10k
目抜き通り,outside-10k
アンドゥ,outside-10k
麦畑,outside-10k
減じ,outside-10k
ジア,outside-10k
友子,outside-10k
エイジアック,outside-10k
アベニュー,outside-10k
はては,outside-10k
早道,outside-10k
ふてくされ,outside-10k
廃品,outside-10k
不届き,outside-10k
良性,outside-10k
挽い,outside-10k
ひきずっ,outside-10k
滅ぶ,outside-10k
実印,outside-10k
国文学,outside-10k
眩しく,outside-10k
バークリー,outside-10k
とま,outside-10k
一括払い,outside-10k
染織,outside-10k
えぐり,outside-10k
お調子者,outside-10k
膤,outside-10k
水菜,outside-10k
かき立て,outside-10k
たんまり,outside-10k
勝一,outside-10k
焼け野原,outside-10k
見届ける,outside-10k
麩,outside-10k
何時の間にか,outside-10k
落す,outside-10k
城址,outside-10k
気取る,outside-10k
プオラギイック,outside-10k
なまこ,outside-10k
イボ,outside-10k
お出まし,outside-10k
クリーミー,outside-10k
受取っ,outside-10k
アデレード,outside-10k
悪あがき,outside-10k
ほけ,outside-10k
トゥーランドット,outside-10k
噴,outside-10k
蒸す,outside-10k
光化学,outside-10k
骨頂,outside-10k
短観,outside-10k
調理場,outside-10k
コンコン,outside-10k
狭かっ,outside-10k
ねじ曲げ,outside-10k
デンソー,outside-10k
槇,outside-10k
キャパシティー,outside-10k
ブヨ,outside-10k
発破,outside-10k
総一郎,outside-10k
笹森,outside-10k
畑中,outside-10k
にっちもさっちも,outside-10k
山寺,outside-10k
ラーマ,outside-10k
アトレティコ,outside-10k
寂しげ,outside-10k
取り寄せる,outside-10k
進一,outside-10k
棄損,outside-10k
粉ミルク,outside-10k
ミャンコ,outside-10k
箏,outside-10k
つぶる,outside-10k
品評,outside-10k
井戸水,outside-10k
工費,outside-10k
表わさ,outside-10k
イブキ,outside-10k
にぎっ,outside-10k
砲台,outside-10k
転籍,outside-10k
嶌,outside-10k
知らし,outside-10k
日下部,outside-10k
小躍り,outside-10k
毎食,outside-10k
してやら,outside-10k
アコギ,outside-10k
左記,outside-10k
差さ,outside-10k
観望,outside-10k
コルト,outside-10k
鷹揚,outside-10k
川渕,outside-10k
正露丸,outside-10k
受取り,outside-10k
定立,outside-10k
ざった,outside-10k
煤,outside-10k
江戸前,outside-10k
知育,outside-10k
他山の石,outside-10k
ファインズ,outside-10k
締め出し,outside-10k
みのる,outside-10k
スツール,outside-10k
かみ合っ,outside-10k
治男,outside-10k
諭さ,outside-10k
同権,outside-10k
ビー玉,outside-10k
ブレイディ,outside-10k
カ条,outside-10k
岡島,outside-10k
ワイル,outside-10k
粘性,outside-10k
ローチ,outside-10k
のり子,outside-10k
雅史,outside-10k
枝分かれ,outside-10k
ささえる,outside-10k
先立た,outside-10k
汲み取っ,outside-10k
人助け,outside-10k
トラディショナル,outside-10k
オモロ,outside-10k
医事,outside-10k
飛び乗り,outside-10k
現任,outside-10k
時おり,outside-10k
前歴,outside-10k
承服,outside-10k
ベルファスト,outside-10k
腱鞘炎,outside-10k
ひと息,outside-10k
キーノート,outside-10k
気仙沼,outside-10k
白眉,outside-10k
藤倉,outside-10k
さよ,outside-10k
類例,outside-10k
ミトン,outside-10k
相づち,outside-10k
マドレーヌ,outside-10k
度量衡,outside-10k
乳歯,outside-10k
タイラー,outside-10k
ネヴィリル,outside-10k
祝宴,outside-10k
優里,outside-10k
せがま,outside-10k
ゴンサレス,outside-10k
都政,outside-10k
戦々恐々,outside-10k
伝えれ,outside-10k
上皇,outside-10k
買い上げる,outside-10k
立原,outside-10k
夢野,outside-10k
散水,outside-10k
ワークシェアリング,outside-10k
ケイマン,outside-10k
うながし,outside-10k
総員,outside-10k
しゃあない,outside-10k
農用地,outside-10k
一週,outside-10k
悠々自適,outside-10k
剥がす,outside-10k
僉,outside-10k
銅版,outside-10k
着心地,outside-10k
修平,outside-10k
礇,outside-10k
近時,outside-10k
リチャードソン,outside-10k
アリーザ,outside-10k
あきこ,outside-10k
コワ,outside-10k
ラジウム,outside-10k
痩身,outside-10k
お出で,outside-10k
コロイド,outside-10k
貯炭,outside-10k
外向,outside-10k
売り払い,outside-10k
砧,outside-10k
レイズ,outside-10k
たす,outside-10k
桜蘭,outside-10k
ジロー,outside-10k
梟,outside-10k
ムキになっ,outside-10k
ベン・ハー,outside-10k
耐水,outside-10k
輪舞,outside-10k
国民金融公庫,outside-10k
礼服,outside-10k
種田,outside-10k
陰線,outside-10k
白バイ,outside-10k
バンプ,outside-10k
ハイドロ,outside-10k
視床,outside-10k
ナンバ,outside-10k
欺い,outside-10k
米光,outside-10k
遮,outside-10k
ヒリヒリ,outside-10k
陰毛,outside-10k
混ざる,outside-10k
マクルーハン,outside-10k
福岡空港,outside-10k
評する,outside-10k
見破ら,outside-10k
はがす,outside-10k
言い争い,outside-10k
尚志,outside-10k
起死回生,outside-10k
上り詰め,outside-10k
メンチ,outside-10k
赤門,outside-10k
編ま,outside-10k
罵っ,outside-10k
ファニー,outside-10k
無欠,outside-10k
大人げ,outside-10k
手ほどき,outside-10k
鷏,outside-10k
印加,outside-10k
館員,outside-10k
美酒,outside-10k
平安京,outside-10k
おっしゃ,outside-10k
咲子,outside-10k
ちゃち,outside-10k
乳価,outside-10k
クイーンズランド,outside-10k
近大,outside-10k
日東,outside-10k
能勢,outside-10k
なおみ,outside-10k
デバッガ,outside-10k
ベニヤ,outside-10k
語らう,outside-10k
切り出さ,outside-10k
はれる,outside-10k
渡会,outside-10k
ツチ,outside-10k
田尾,outside-10k
権勢,outside-10k
ひとりでに,outside-10k
山海,outside-10k
黙想,outside-10k
糞尿,outside-10k
森崎,outside-10k
逃がさ,outside-10k
勝谷,outside-10k
艦載,outside-10k
プチトマト,outside-10k
実車,outside-10k
南瓜,outside-10k
船底,outside-10k
自堕落,outside-10k
生い茂っ,outside-10k
向けよ,outside-10k
マレー半島,outside-10k
ポッキー,outside-10k
寄り添い,outside-10k
物真似,outside-10k
賜わり,outside-10k
俊男,outside-10k
貽,outside-10k
はるの,outside-10k
ルキア,outside-10k
張り込み,outside-10k
航法,outside-10k
温情,outside-10k
つめる,outside-10k
イートレード,outside-10k
羊水,outside-10k
飛脚,outside-10k
オカズ,outside-10k
暖まる,outside-10k
先だっ,outside-10k
情事,outside-10k
流し込み,outside-10k
河津,outside-10k
春菜,outside-10k
リーブス,outside-10k
麁,outside-10k
軽口,outside-10k
律する,outside-10k
オコナー,outside-10k
投げ銭,outside-10k
拝め,outside-10k
心無い,outside-10k
労協,outside-10k
樹液,outside-10k
オールインワン,outside-10k
場数,outside-10k
専心,outside-10k
木管,outside-10k
白壁,outside-10k
あかつき,outside-10k
中軸,outside-10k
抑えよ,outside-10k
毛細血管,outside-10k
トラブ,outside-10k
リンギット,outside-10k
魁皇,outside-10k
他意,outside-10k
坤,outside-10k
戯れ言,outside-10k
そこはかとなく,outside-10k
アニマ,outside-10k
町名,outside-10k
すずき,outside-10k
呼び寄せる,outside-10k
ラージ,outside-10k
湯豆腐,outside-10k
ベニー,outside-10k
ヘイズ,outside-10k
反故,outside-10k
醒,outside-10k
暢気,outside-10k
社屋,outside-10k
柳原,outside-10k
路傍,outside-10k
ぶつくさ,outside-10k
宿坊,outside-10k
鳶,outside-10k
白内障,outside-10k
空色,outside-10k
グルーブ,outside-10k
養蜂,outside-10k
騒がしく,outside-10k
ベレーザ,outside-10k
巡らせ,outside-10k
躍り出,outside-10k
シオ,outside-10k
シティバンク,outside-10k
開発庁,outside-10k
ヴィエリ,outside-10k
池波,outside-10k
おろおろ,outside-10k
ヴィヴィアン,outside-10k
吸い寄せ,outside-10k
常勝,outside-10k
まとわりつく,outside-10k
充ち,outside-10k
立替,outside-10k
手前味噌,outside-10k
門田,outside-10k
エンドウ,outside-10k
フール,outside-10k
せんせ,outside-10k
岩見,outside-10k
ほくほく,outside-10k
遊郭,outside-10k
愡,outside-10k
霊場,outside-10k
アロア,outside-10k
棍棒,outside-10k
特ダネ,outside-10k
がらっと,outside-10k
廠,outside-10k
ディストリビューション,outside-10k
弱まり,outside-10k
泊まら,outside-10k
ピョンヤン,outside-10k
劇映画,outside-10k
鑑識,outside-10k
思い悩ん,outside-10k
駆け落ち,outside-10k
舞い戻っ,outside-10k
そぞろ,outside-10k
ひたっ,outside-10k
山伏,outside-10k
幕僚,outside-10k
弱り,outside-10k
臆面,outside-10k
ハッパ,outside-10k
帝京大学,outside-10k
同文,outside-10k
返納,outside-10k
タナカ,outside-10k
文頭,outside-10k
奧,outside-10k
アウディ,outside-10k
時任,outside-10k
フジテレビジョン,outside-10k
省三,outside-10k
つよ,outside-10k
晃一,outside-10k
カモミール,outside-10k
新座,outside-10k
華族,outside-10k
のたまっ,outside-10k
へこたれ,outside-10k
安産,outside-10k
突き当たる,outside-10k
いじわる,outside-10k
釣り糸,outside-10k
ネスレ,outside-10k
プラット,outside-10k
仔細,outside-10k
和歌集,outside-10k
低けれ,outside-10k
上水道,outside-10k
しでかす,outside-10k
ふかふか,outside-10k
トランスポート,outside-10k
間一髪,outside-10k
カゲ,outside-10k
暦年,outside-10k
言い表し,outside-10k
ロッテマリーンズ,outside-10k
散らさ,outside-10k
御国,outside-10k
種明かし,outside-10k
巡らし,outside-10k
不貞,outside-10k
ベレー,outside-10k
貝柱,outside-10k
征伐,outside-10k
モーレツ,outside-10k
天満,outside-10k
蔽,outside-10k
ウイイレ,outside-10k
抜き取っ,outside-10k
リオデジャネイロ,outside-10k
聴講生,outside-10k
大陸棚,outside-10k
忠孝,outside-10k
ナウル,outside-10k
攻め込ん,outside-10k
うらはら,outside-10k
射出,outside-10k
三菱自,outside-10k
生い茂る,outside-10k
内壁,outside-10k
腹立たしく,outside-10k
柚,outside-10k
喘ぎ,outside-10k
ついぞ,outside-10k
扮装,outside-10k
撚,outside-10k
古くさい,outside-10k
搾乳,outside-10k
だき,outside-10k
従姉,outside-10k
高邁,outside-10k
はりつけ,outside-10k
アナクロニズム,outside-10k
バハマ,outside-10k
ふりかえる,outside-10k
庚,outside-10k
フレット,outside-10k
よれよれ,outside-10k
梅酢,outside-10k
ばかし,outside-10k
訐,outside-10k
選管,outside-10k
突き放す,outside-10k
クランクイン,outside-10k
臭う,outside-10k
キリンビール,outside-10k
歌い上げる,outside-10k
歌壇,outside-10k
真直ぐ,outside-10k
幻惑,outside-10k
訳詞,outside-10k
睨みつけ,outside-10k
マネーパートナーズ,outside-10k
取り留め,outside-10k
突き抜ける,outside-10k
受け方,outside-10k
メルケル,outside-10k
日毎,outside-10k
ずぼら,outside-10k
夕凪,outside-10k
雨後,outside-10k
昭弘,outside-10k
ヌル,outside-10k
のか,outside-10k
まとう,outside-10k
尹,outside-10k
燦,outside-10k
精一,outside-10k
文久,outside-10k
那覇空港,outside-10k
流れ着い,outside-10k
因習,outside-10k
地上げ,outside-10k
ヘップバーン,outside-10k
プリミティブ,outside-10k
長物,outside-10k
梶井,outside-10k
余罪,outside-10k
憶,outside-10k
追い抜か,outside-10k
鈎,outside-10k
水城,outside-10k
うなだれ,outside-10k
ヨカッタ,outside-10k
進めれ,outside-10k
フェロシルト,outside-10k
抱け,outside-10k
レジデンス,outside-10k
グース,outside-10k
カムイ,outside-10k
大韓航空,outside-10k
野村證券,outside-10k
俊明,outside-10k
廉,outside-10k
見せびらかし,outside-10k
裳,outside-10k
うめき,outside-10k
美名,outside-10k
丕,outside-10k
五線譜,outside-10k
術中,outside-10k
樹林,outside-10k
明度,outside-10k
こりゃー,outside-10k
異聞,outside-10k
掘れ,outside-10k
行なお,outside-10k
立ちあがっ,outside-10k
キートン,outside-10k
黎,outside-10k
若槻,outside-10k
ゲキ,outside-10k
お雛様,outside-10k
道東,outside-10k
副読本,outside-10k
締め切っ,outside-10k
イメージング,outside-10k
転げ落ち,outside-10k
てめぇ,outside-10k
すべる,outside-10k
捨て去る,outside-10k
卑近,outside-10k
アサガオ,outside-10k
マクレガー,outside-10k
カイザースラウテルン,outside-10k
めく,outside-10k
ピッコロ,outside-10k
三善,outside-10k
心持,outside-10k
渇水,outside-10k
急減,outside-10k
つき合う,outside-10k
あてはめる,outside-10k
真琴,outside-10k
神宮球場,outside-10k
取組む,outside-10k
Ｎ響,outside-10k
麻希,outside-10k
シケ,outside-10k
安かろ,outside-10k
除夜の鐘,outside-10k
変電,outside-10k
オーケストレーション,outside-10k
ミリメートル,outside-10k
なくさ,outside-10k
タンデム,outside-10k
細長く,outside-10k
脅え,outside-10k
たたら,outside-10k
背中合わせ,outside-10k
豐,outside-10k
逸らし,outside-10k
南紀,outside-10k
ダベンポート,outside-10k
飲物,outside-10k
香ばしく,outside-10k
レギュレーション,outside-10k
木幡,outside-10k
こわばっ,outside-10k
鴇,outside-10k
穏便,outside-10k
懸垂,outside-10k
需,outside-10k
担架,outside-10k
どしゃ降り,outside-10k
口ぶり,outside-10k
つかまる,outside-10k
引き抜く,outside-10k
玄白,outside-10k
アナーキー,outside-10k
窺える,outside-10k
緊縛,outside-10k
見透かさ,outside-10k
廳,outside-10k
真ん前,outside-10k
ホリー,outside-10k
洋次,outside-10k
レンヌ,outside-10k
ジャニ,outside-10k
ステッチ,outside-10k
チェリスト,outside-10k
夢みる,outside-10k
挿図,outside-10k
フェデリコ,outside-10k
罪名,outside-10k
日直,outside-10k
武久,outside-10k
盲信,outside-10k
夏服,outside-10k
坡,outside-10k
求めれ,outside-10k
あとあと,outside-10k
自足,outside-10k
片づい,outside-10k
レミオロメン,outside-10k
登載,outside-10k
剱,outside-10k
高笑い,outside-10k
耳打ち,outside-10k
邊,outside-10k
騒がし,outside-10k
明良,outside-10k
ブレッソン,outside-10k
詠み,outside-10k
クリシュナムルティ,outside-10k
牛耳る,outside-10k
か弱い,outside-10k
血気,outside-10k
引き立てる,outside-10k
元締め,outside-10k
守屋,outside-10k
ブローチ,outside-10k
立ち上がろ,outside-10k
試論,outside-10k
かかん,outside-10k
モヤ,outside-10k
浜岡,outside-10k
押し切ら,outside-10k
鬼神,outside-10k
大証,outside-10k
客演,outside-10k
エストロゲン,outside-10k
御題,outside-10k
奇行,outside-10k
潮時,outside-10k
四万十川,outside-10k
サンガ,outside-10k
ケネディー,outside-10k
けだし,outside-10k
すっ飛ば,outside-10k
謬,outside-10k
お目にかかれ,outside-10k
見つけれ,outside-10k
歯肉,outside-10k
そうかい,outside-10k
サイロ,outside-10k
ロスアンゼルス,outside-10k
プロメテウス,outside-10k
レシオ,outside-10k
新酒,outside-10k
ズタズタ,outside-10k
橋爪,outside-10k
ヒンギス,outside-10k
みやこ,outside-10k
ほそ,outside-10k
地所,outside-10k
マッタリ,outside-10k
お祭,outside-10k
串刺し,outside-10k
阪本,outside-10k
甘党,outside-10k
脩,outside-10k
荒らす,outside-10k
揺れ動い,outside-10k
潤滑,outside-10k
バンドネオン,outside-10k
ザイール,outside-10k
吸水,outside-10k
富士川,outside-10k
仮名遣い,outside-10k
成人の日,outside-10k
貴君,outside-10k
花畑,outside-10k
バタイユ,outside-10k
頷け,outside-10k
極細,outside-10k
ご馳走様,outside-10k
驚かす,outside-10k
持たし,outside-10k
ナディア,outside-10k
織機,outside-10k
日商,outside-10k
のらりくらり,outside-10k
蝕む,outside-10k
府知事,outside-10k
慶大,outside-10k
訛っ,outside-10k
立方,outside-10k
頌,outside-10k
賭け事,outside-10k
エフ,outside-10k
偽ら,outside-10k
リヴァプール,outside-10k
入山,outside-10k
スレンダー,outside-10k
彊,outside-10k
上納,outside-10k
チビッコ,outside-10k
淫乱,outside-10k
いまごろ,outside-10k
このように,outside-10k
月限,outside-10k
内密,outside-10k
びら,outside-10k
怒り狂っ,outside-10k
真っ白い,outside-10k
よごれ,outside-10k
頭骨,outside-10k
なるたけ,outside-10k
モザンビーク,outside-10k
あらう,outside-10k
セキュリティブログ,outside-10k
合わし,outside-10k
インダストリアル,outside-10k
大隈,outside-10k
目ざし,outside-10k
史的,outside-10k
磁気圏,outside-10k
君島,outside-10k
探険,outside-10k
光司,outside-10k
とめよ,outside-10k
倉吉,outside-10k
エチレン,outside-10k
紀伊國屋,outside-10k
音律,outside-10k
小振り,outside-10k
乳頭,outside-10k
描き出さ,outside-10k
喜八,outside-10k
ニッサン,outside-10k
ハンニバル,outside-10k
ヨダレ,outside-10k
弱冠,outside-10k
重税,outside-10k
洗い流す,outside-10k
不渡り,outside-10k
ツワモノ,outside-10k
千住,outside-10k
でき上がり,outside-10k
長ネギ,outside-10k
廣田,outside-10k
顔出し,outside-10k
先走り,outside-10k
哲弥,outside-10k
南極大陸,outside-10k
八重桜,outside-10k
照りつける,outside-10k
天然痘,outside-10k
胡弓,outside-10k
日比谷公園,outside-10k
粉雪,outside-10k
一角獣,outside-10k
フェラチオ,outside-10k
輿,outside-10k
ハンドバッグ,outside-10k
低木,outside-10k
入省,outside-10k
ものぐさ,outside-10k
海道,outside-10k
立教,outside-10k
メレンゲ,outside-10k
寶,outside-10k
ちっちゃく,outside-10k
胡蝶,outside-10k
甘ったれ,outside-10k
コンコース,outside-10k
タンバリン,outside-10k
白け,outside-10k
不埒,outside-10k
載せよ,outside-10k
なんのその,outside-10k
叡,outside-10k
緒形,outside-10k
こっくり,outside-10k
羊皮紙,outside-10k
勧善懲悪,outside-10k
考えもの,outside-10k
家元,outside-10k
貪り,outside-10k
低落,outside-10k
防備,outside-10k
さかり,outside-10k
常套句,outside-10k
名取,outside-10k
名づける,outside-10k
ズバ,outside-10k
バウハウス,outside-10k
宮藤,outside-10k
ドヴォルザーク,outside-10k
心置き,outside-10k
慇,outside-10k
フランチャイジー,outside-10k
アパルトマン,outside-10k
触感,outside-10k
自尊,outside-10k
接岸,outside-10k
しまり,outside-10k
キョトン,outside-10k
出歩く,outside-10k
前のめり,outside-10k
代田,outside-10k
ちゃぶ台,outside-10k
日本旅行,outside-10k
醗,outside-10k
立て札,outside-10k
病みつき,outside-10k
究め,outside-10k
万有引力,outside-10k
アクティビティー,outside-10k
サビオラ,outside-10k
やむなし,outside-10k
変奏,outside-10k
亀有,outside-10k
買付け,outside-10k
わぁー,outside-10k
たまげ,outside-10k
いばら,outside-10k
啓子,outside-10k
線画,outside-10k
醫,outside-10k
咆哮,outside-10k
絹糸,outside-10k
両刃,outside-10k
廖,outside-10k
手玉,outside-10k
マクナマラ,outside-10k
東京理科大学,outside-10k
一本調子,outside-10k
福地,outside-10k
ソナー,outside-10k
衛生研究所,outside-10k
春山,outside-10k
ヴェンデッタ,outside-10k
語呂,outside-10k
全訳,outside-10k
甕,outside-10k
社内外,outside-10k
感受,outside-10k
はしか,outside-10k
利ざや,outside-10k
水の泡,outside-10k
シーサイド,outside-10k
バスコ,outside-10k
叢,outside-10k
秒針,outside-10k
ナフキン,outside-10k
ギリ,outside-10k
ひしめい,outside-10k
ポタージュ,outside-10k
ビロード,outside-10k
ツタヤ,outside-10k
珍妙,outside-10k
ハデ,outside-10k
光洋,outside-10k
シーマン,outside-10k
暇潰し,outside-10k
屋号,outside-10k
エンターテイナー,outside-10k
シャキシャキ,outside-10k
熱っぽく,outside-10k
げんか,outside-10k
フット,outside-10k
成文,outside-10k
もったいぶっ,outside-10k
ギロチン,outside-10k
ぜんざい,outside-10k
大安,outside-10k
食券,outside-10k
ケセラスタイル,outside-10k
もる,outside-10k
清廉,outside-10k
ウルドゥー,outside-10k
ルバーブ,outside-10k
わずらわしい,outside-10k
往,outside-10k
道徳心,outside-10k
おだ,outside-10k
来宅,outside-10k
ホメ,outside-10k
勝治,outside-10k
ライチ,outside-10k
蛆虫,outside-10k
ラスク,outside-10k
見知っ,outside-10k
助監督,outside-10k
ショートステイ,outside-10k
犬飼,outside-10k
黄土,outside-10k
紛,outside-10k
葺き,outside-10k
訥,outside-10k
菊間,outside-10k
リフレイン,outside-10k
ジハード,outside-10k
東上,outside-10k
ウエディングドレス,outside-10k
割り振ら,outside-10k
過す,outside-10k
みるく,outside-10k
バービー,outside-10k
賽,outside-10k
諡号,outside-10k
ヘモグロビン,outside-10k
支線,outside-10k
桃井,outside-10k
手島,outside-10k
菩提寺,outside-10k
白根,outside-10k
炉心,outside-10k
アカウンタビリティ,outside-10k
高石,outside-10k
たずさわる,outside-10k
多かろ,outside-10k
掴める,outside-10k
亜弥,outside-10k
椰,outside-10k
愛玩,outside-10k
深見,outside-10k
噛み付い,outside-10k
シビ,outside-10k
ジェファーソン,outside-10k
トルマリン,outside-10k
鐘楼,outside-10k
バカげ,outside-10k
勝己,outside-10k
ペプチド,outside-10k
突き出す,outside-10k
シヴァ,outside-10k
正蔵,outside-10k
怪異,outside-10k
さわら,outside-10k
際だっ,outside-10k
終始一貫,outside-10k
高井,outside-10k
レイノルズ,outside-10k
田澤,outside-10k
日本能率協会,outside-10k
にあっ,outside-10k
したし,outside-10k
レント,outside-10k
スッチー,outside-10k
手狭,outside-10k
臨教審,outside-10k
祭っ,outside-10k
細密,outside-10k
潮干狩り,outside-10k
甲斐性,outside-10k
ル・マン,outside-10k
おそれる,outside-10k
次善,outside-10k
錠前,outside-10k
挿話,outside-10k
ダーウィニズム,outside-10k
摘む,outside-10k
西域,outside-10k
すり鉢,outside-10k
蠕,outside-10k
五色,outside-10k
珪藻土,outside-10k
薩長,outside-10k
滝田,outside-10k
アオイ,outside-10k
ファンファーレ,outside-10k
凌ぎ,outside-10k
家探し,outside-10k
呼びかけ人,outside-10k
気味が悪い,outside-10k
フランクル,outside-10k
磐,outside-10k
バグダード,outside-10k
修三,outside-10k
蛮族,outside-10k
本条,outside-10k
造営,outside-10k
誤動作,outside-10k
感じとる,outside-10k
柳井,outside-10k
ことぶき,outside-10k
モリソン,outside-10k
ふやさ,outside-10k
広がれ,outside-10k
婦女,outside-10k
ガラスケース,outside-10k
清貧,outside-10k
蓮池,outside-10k
制動,outside-10k
有難く,outside-10k
呉れ,outside-10k
アフレコ,outside-10k
穿っ,outside-10k
リカンベント,outside-10k
草間,outside-10k
芳醇,outside-10k
バーグ,outside-10k
取り崩し,outside-10k
グロムイコ,outside-10k
ザコ,outside-10k
大凶,outside-10k
巡ら,outside-10k
内服,outside-10k
作例,outside-10k
揺るがし,outside-10k
雇え,outside-10k
惑わす,outside-10k
捷,outside-10k
羅臼,outside-10k
麻理子,outside-10k
学割,outside-10k
ディナール,outside-10k
東岸,outside-10k
発禁,outside-10k
伏兵,outside-10k
マーケッター,outside-10k
縮刷,outside-10k
私財,outside-10k
寝込む,outside-10k
住み慣れ,outside-10k
煥,outside-10k
食いつい,outside-10k
祀り,outside-10k
ハウ,outside-10k
ハイカラ,outside-10k
セクシャルハラスメント,outside-10k
押し問答,outside-10k
東京学芸大学,outside-10k
樺,outside-10k
試金石,outside-10k
吉沢,outside-10k
産声,outside-10k
イジ,outside-10k
マイクロフィルム,outside-10k
無精,outside-10k
茶漬け,outside-10k
敬子,outside-10k
外債,outside-10k
山科,outside-10k
殺伐,outside-10k
おどろおどろしい,outside-10k
キッチュ,outside-10k
減れ,outside-10k
になう,outside-10k
スモッグ,outside-10k
踊,outside-10k
干潮,outside-10k
イェリン,outside-10k
貯え,outside-10k
港北,outside-10k
名家,outside-10k
大邱,outside-10k
セールスフォース,outside-10k
いそがしい,outside-10k
大庭,outside-10k
生産財,outside-10k
蔵主,outside-10k
虚勢,outside-10k
式辞,outside-10k
高ぶっ,outside-10k
ヴェンダース,outside-10k
プレイバック,outside-10k
愛敬,outside-10k
盟,outside-10k
篁,outside-10k
舞い上がる,outside-10k
生きれ,outside-10k
雅治,outside-10k
へったくれ,outside-10k
腰かけ,outside-10k
古村,outside-10k
願わくは,outside-10k
養豚,outside-10k
お早う,outside-10k
アクター,outside-10k
聞き取っ,outside-10k
久作,outside-10k
心室,outside-10k
オテギ,outside-10k
淫ら,outside-10k
生活苦,outside-10k
大罪,outside-10k
三菱重工業,outside-10k
米人,outside-10k
健児,outside-10k
中森,outside-10k
抱き上げ,outside-10k
新堂,outside-10k
テクテク,outside-10k
からす,outside-10k
すっ飛ん,outside-10k
吸盤,outside-10k
野次,outside-10k
服し,outside-10k
緒戦,outside-10k
一案,outside-10k
ドクダミ,outside-10k
取り巻い,outside-10k
ボーダーレス,outside-10k
茂一,outside-10k
伏し,outside-10k
プーマ,outside-10k
遣わし,outside-10k
終着駅,outside-10k
正敏,outside-10k
無かろ,outside-10k
手習い,outside-10k
パーサー,outside-10k
不浄,outside-10k
奪い合う,outside-10k
真水,outside-10k
礼状,outside-10k
お布施,outside-10k
さなえ,outside-10k
キャロライン,outside-10k
濁,outside-10k
婦女子,outside-10k
のこぎり,outside-10k
血小板,outside-10k
龍夫,outside-10k
いたし方,outside-10k
用務員,outside-10k
炭焼き,outside-10k
突き落とさ,outside-10k
湧き出る,outside-10k
間延び,outside-10k
アホウドリ,outside-10k
かかさ,outside-10k
バギー,outside-10k
触れ合っ,outside-10k
伸ばせる,outside-10k
放熱,outside-10k
アポイントメント,outside-10k
ニコッ,outside-10k
大団円,outside-10k
いんちき,outside-10k
急用,outside-10k
概数,outside-10k
盛り返し,outside-10k
熱線,outside-10k
助け舟,outside-10k
尊徳,outside-10k
大植,outside-10k
コウノトリ,outside-10k
テューバ,outside-10k
中央病院,outside-10k
フォート,outside-10k
南港,outside-10k
口下手,outside-10k
仏道,outside-10k
潤し,outside-10k
ねぶた,outside-10k
目星,outside-10k
抜きん出,outside-10k
ザード,outside-10k
グラインダー,outside-10k
和上,outside-10k
あるき,outside-10k
打ち水,outside-10k
燃えよ,outside-10k
嫁ぎ,outside-10k
飛びつき,outside-10k
たかはし,outside-10k
表せる,outside-10k
小３,outside-10k
足もと,outside-10k
遺さ,outside-10k
利尿,outside-10k
関所,outside-10k
桜子,outside-10k
委託料,outside-10k
仁王立ち,outside-10k
漠,outside-10k
アモーレ,outside-10k
才気,outside-10k
よから,outside-10k
本市,outside-10k
踏み絵,outside-10k
撫でる,outside-10k
岸川,outside-10k
気取ら,outside-10k
ポリウレタン,outside-10k
蔑ろ,outside-10k
交遊,outside-10k
ラビン,outside-10k
牛久,outside-10k
和郎,outside-10k
パルチザン,outside-10k
畦,outside-10k
深井,outside-10k
むさぼる,outside-10k
英志,outside-10k
リヤ,outside-10k
デスマーチ,outside-10k
顆粒,outside-10k
つんと,outside-10k
修学,outside-10k
昌也,outside-10k
訓令,outside-10k
閉じ込める,outside-10k
頑として,outside-10k
四葉,outside-10k
古橋,outside-10k
据え付け,outside-10k
ギンコ,outside-10k
中橋,outside-10k
遊説,outside-10k
再戦,outside-10k
齋,outside-10k
組み合わせれ,outside-10k
買い置き,outside-10k
紡織,outside-10k
近著,outside-10k
忍ん,outside-10k
にやけ,outside-10k
ビハインド,outside-10k
代筆,outside-10k
ヘラヘラ,outside-10k
モントーヤ,outside-10k
サパ,outside-10k
反骨,outside-10k
満遍なく,outside-10k
不成立,outside-10k
達磨,outside-10k
マルシェ,outside-10k
ケアル,outside-10k
本元,outside-10k
ウェブデザイン,outside-10k
準じる,outside-10k
入庫,outside-10k
雪渓,outside-10k
ディストリビューター,outside-10k
理財,outside-10k
車間,outside-10k
リネージュ,outside-10k
木漏れ日,outside-10k
熱処理,outside-10k
言質,outside-10k
カズマ,outside-10k
貞雄,outside-10k
慎二,outside-10k
早とちり,outside-10k
蓄財,outside-10k
ロマンチスト,outside-10k
雑賀,outside-10k
藜,outside-10k
楽ちん,outside-10k
おおきい,outside-10k
宮尾,outside-10k
ピュー,outside-10k
花木,outside-10k
下絵,outside-10k
おずおず,outside-10k
疎水,outside-10k
のぞけ,outside-10k
樋上,outside-10k
予選落ち,outside-10k
パプアニューギニア,outside-10k
上代,outside-10k
下げれ,outside-10k
アウシュヴィッツ,outside-10k
若気,outside-10k
イソップ,outside-10k
ファレル,outside-10k
ネアンデルタール,outside-10k
夏川,outside-10k
ヒヤリング,outside-10k
私人,outside-10k
異人,outside-10k
頚,outside-10k
プーシキン,outside-10k
移駐,outside-10k
のめり込む,outside-10k
ゾルダ,outside-10k
三蔵,outside-10k
取り出せ,outside-10k
梅棹,outside-10k
明け暮れる,outside-10k
ベイルート,outside-10k
ピノキオ,outside-10k
右前,outside-10k
彦坂,outside-10k
バスラ,outside-10k
はじく,outside-10k
ミルキー,outside-10k
軽工業,outside-10k
真後ろ,outside-10k
開発元,outside-10k
覦,outside-10k
高畑,outside-10k
息づかい,outside-10k
引きずり込ま,outside-10k
バックル,outside-10k
引き出そ,outside-10k
粘液,outside-10k
ブログブログ,outside-10k
ダイワ,outside-10k
歩幅,outside-10k
正視,outside-10k
盗み見,outside-10k
美味しんぼ,outside-10k
焼成,outside-10k
陰ながら,outside-10k
美辞麗句,outside-10k
乳ガン,outside-10k
独演,outside-10k
入れ直し,outside-10k
朝寝坊,outside-10k
錘,outside-10k
大の字,outside-10k
ポッチ,outside-10k
由実,outside-10k
そこない,outside-10k
猟銃,outside-10k
国富,outside-10k
コラボレート,outside-10k
笑い転げ,outside-10k
幾ばく,outside-10k
豊岡,outside-10k
闇夜,outside-10k
タスクフォース,outside-10k
新制,outside-10k
川瀬,outside-10k
ブルームバーグ,outside-10k
虎視眈々,outside-10k
臼杵,outside-10k
濃霧,outside-10k
ウィンドー,outside-10k
フェードアウト,outside-10k
志木,outside-10k
トコトン,outside-10k
結語,outside-10k
ティーポット,outside-10k
追って,outside-10k
解き方,outside-10k
現前,outside-10k
ニコラウス,outside-10k
カッターナイフ,outside-10k
生まれたて,outside-10k
綜合,outside-10k
トーンダウン,outside-10k
産前,outside-10k
点眼,outside-10k
泡立ち,outside-10k
しょうし,outside-10k
詠一,outside-10k
由衣,outside-10k
香味,outside-10k
吹き払い,outside-10k
悉く,outside-10k
満車,outside-10k
育苗,outside-10k
ファック,outside-10k
淇,outside-10k
六角形,outside-10k
斬れ,outside-10k
ルフトハンザ,outside-10k
老婆心,outside-10k
名付け親,outside-10k
振るい,outside-10k
なびか,outside-10k
値上り,outside-10k
こまねい,outside-10k
コネクト,outside-10k
照らせ,outside-10k
農事,outside-10k
三本,outside-10k
敕,outside-10k
トレゼゲ,outside-10k
メート,outside-10k
貴史,outside-10k
箇年,outside-10k
白銀,outside-10k
アスワン,outside-10k
日本電気,outside-10k
テスコ,outside-10k
オカン,outside-10k
領分,outside-10k
南西諸島,outside-10k
弔辞,outside-10k
ジェネシス,outside-10k
たまん,outside-10k
間仕切り,outside-10k
禁ずる,outside-10k
こじらせ,outside-10k
大町,outside-10k
リコ,outside-10k
軟らかい,outside-10k
伏せ字,outside-10k
ロータリアン,outside-10k
アフォーダンス,outside-10k
糖類,outside-10k
三権,outside-10k
報せ,outside-10k
トゥール,outside-10k
景勝,outside-10k
一辺,outside-10k
超大,outside-10k
教唆,outside-10k
茅葺き,outside-10k
一芸,outside-10k
巖,outside-10k
ためいき,outside-10k
称揚,outside-10k
撞,outside-10k
遺失,outside-10k
呪法,outside-10k
鮒,outside-10k
耳鼻咽喉科,outside-10k
ドップラー,outside-10k
売人,outside-10k
憤る,outside-10k
物狂い,outside-10k
めんどく,outside-10k
あざ笑う,outside-10k
前納,outside-10k
白砂,outside-10k
取り入れよ,outside-10k
カイル,outside-10k
出っ張り,outside-10k
落下傘,outside-10k
差し歯,outside-10k
ネッツ,outside-10k
洋装,outside-10k
善く,outside-10k
ジェス,outside-10k
湯島,outside-10k
つまずく,outside-10k
仏具,outside-10k
観世,outside-10k
麗奈,outside-10k
他面,outside-10k
仏式,outside-10k
トリニダードトバゴ,outside-10k
苦し紛れ,outside-10k
脊椎動物,outside-10k
慎一郎,outside-10k
木崎,outside-10k
チキンライス,outside-10k
論陣,outside-10k
親爺,outside-10k
晴明,outside-10k
郢,outside-10k
内示,outside-10k
憲法記念日,outside-10k
岩國,outside-10k
丹沢,outside-10k
拝殿,outside-10k
移れ,outside-10k
デコボコ,outside-10k
勇み足,outside-10k
メサイア,outside-10k
ぶっこ,outside-10k
マープル,outside-10k
ブンデスリーガ,outside-10k
科白,outside-10k
有終の美,outside-10k
上がれる,outside-10k
逆恨み,outside-10k
下総,outside-10k
センサス,outside-10k
新太,outside-10k
あやこ,outside-10k
やかた,outside-10k
中耳炎,outside-10k
たのしく,outside-10k
宇奈月,outside-10k
クイーンズ,outside-10k
たわけ,outside-10k
ヒープ,outside-10k
幾日,outside-10k
